epoch,accuracy,loss,lr,val_accuracy,val_loss
0,0.5725122094154358,1.3028907775878906,0.001,0.47885796427726746,5.150299072265625
1,0.6366263031959534,1.016994595527649,0.001,0.4607878625392914,12.790823936462402
2,0.6612786650657654,0.9156361818313599,0.001,0.5634260773658752,1.2905343770980835
3,0.6858407258987427,0.8312153816223145,0.001,0.5439103841781616,1.0482468605041504
4,0.697128415107727,0.8124005198478699,0.001,0.5023491382598877,1.8353430032730103
5,0.71518874168396,0.7710821032524109,0.001,0.5160824060440063,1.1245930194854736
6,0.7221419811248779,0.7504812479019165,0.001,0.6866642832756042,0.8902111053466797
7,0.7501354813575745,0.707773745059967,0.001,0.554029643535614,1.1112093925476074
8,0.7470651865005493,0.6983956098556519,0.001,0.5399349331855774,1.1581209897994995
9,0.754740834236145,0.6821563839912415,0.001,0.6035417318344116,1.508132815361023
10,0.7586237788200378,0.6636079549789429,0.001,0.7079870104789734,0.8444176316261292
11,0.7656673192977905,0.6597048044204712,0.001,0.6086013913154602,1.4558008909225464
12,0.7755101919174194,0.6320597529411316,0.001,0.4831947982311249,1.4131978750228882
13,0.7741556763648987,0.6340134739875793,0.001,0.4434405565261841,1.091921329498291
14,0.782282829284668,0.6167818307876587,0.001,0.6172749996185303,1.957907795906067
15,0.7796640992164612,0.6129436492919922,0.001,0.5854716300964355,1.0730196237564087
16,0.779393196105957,0.6098847389221191,0.001,0.49114564061164856,1.0948643684387207
17,0.791764497756958,0.5927718281745911,0.001,0.7434043884277344,0.793111264705658
18,0.7950153350830078,0.5885560512542725,0.001,0.7643657326698303,0.7364555597305298
19,0.7958280444145203,0.5831336975097656,0.001,0.42175641655921936,4.576511859893799
20,0.8030521869659424,0.5619632005691528,0.001,0.6732923984527588,0.7440846562385559
21,0.8003431558609009,0.5611934065818787,0.001,0.7260571122169495,0.6968677639961243
22,0.8017879724502563,0.5593018531799316,0.001,0.6610047221183777,1.0833276510238647
23,0.8143398761749268,0.5473211407661438,0.001,0.7809902429580688,0.6970129013061523
24,0.8154234886169434,0.5452318787574768,0.001,0.7119624018669128,1.05803644657135
25,0.8116308450698853,0.5506693124771118,0.001,0.6866642832756042,0.8093549609184265
26,0.8071157932281494,0.5561161637306213,0.001,0.6599205136299133,0.8231127262115479
27,0.8183131814002991,0.5363292694091797,0.001,0.7072641849517822,0.8921511769294739
28,0.8138883709907532,0.5357984900474548,0.001,0.7282255291938782,0.7594043016433716
29,0.8163265585899353,0.5400288105010986,0.001,0.5475243926048279,0.9753467440605164
30,0.8178616762161255,0.5268382430076599,0.001,0.6111311912536621,1.21242356300354
31,0.8250857591629028,0.5252943634986877,0.001,0.6530538201332092,1.0588886737823486
32,0.8510023355484009,0.4697684943675995,0.0005,0.6096855998039246,0.8858039379119873
33,0.8587682843208313,0.4492872655391693,0.0005,0.7846042513847351,0.5692745447158813
34,0.8650894165039062,0.4328687787055969,0.0005,0.6982291340827942,0.774869441986084
35,0.8644573092460632,0.42809510231018066,0.0005,0.778099000453949,0.6135631203651428
36,0.8663536310195923,0.42633187770843506,0.0005,0.7947235107421875,0.6031882166862488
37,0.8682499527931213,0.41567254066467285,0.0005,0.8250812888145447,0.5263704657554626
38,0.8710492849349976,0.4144447445869446,0.0005,0.6595590710639954,1.0371794700622559
39,0.8741195797920227,0.4085778295993805,0.0005,0.7643657326698303,0.7732853889465332
40,0.8743904829025269,0.4020550847053528,0.0005,0.8232743144035339,0.5221666693687439
41,0.8750225901603699,0.40178850293159485,0.0005,0.787134051322937,0.6110703349113464
42,0.8777316212654114,0.4017249047756195,0.0005,0.8225514888763428,0.5425778031349182
43,0.8774607181549072,0.39666038751602173,0.0005,0.778099000453949,0.6035594344139099
44,0.8795376420021057,0.3931617736816406,0.0005,0.8052042126655579,0.5588746070861816
45,0.8787249326705933,0.39613455533981323,0.0005,0.8059269785881042,0.5736038088798523
46,0.8747516870498657,0.40120044350624084,0.0005,0.8077340126037598,0.6171159148216248
47,0.8786346316337585,0.39114031195640564,0.0005,0.7903866767883301,0.6391371488571167
48,0.8796279430389404,0.3943374752998352,0.0005,0.8088182210922241,0.5772130489349365
49,0.8789055347442627,0.39336472749710083,0.0005,0.8258041143417358,0.5507005453109741
50,0.8814339637756348,0.38227808475494385,0.0005,0.742681622505188,0.6950770020484924
51,0.9009391069412231,0.3425489068031311,0.00025,0.8547163009643555,0.49726495146751404
52,0.9068990349769592,0.32369500398635864,0.00025,0.84134441614151,0.49994105100631714
53,0.9144843816757202,0.3139708936214447,0.00025,0.8485724329948425,0.5277655720710754
54,0.9186382293701172,0.30562353134155273,0.00025,0.8576075434684753,0.5079715251922607
55,0.9172837138175964,0.3082808554172516,0.00025,0.8218287229537964,0.6729950904846191
56,0.9185479283332825,0.30229777097702026,0.00025,0.8095410466194153,0.6660780310630798
57,0.919902503490448,0.2984895706176758,0.00025,0.8583303093910217,0.5074214935302734
58,0.9195412397384644,0.2972947061061859,0.00025,0.8156848549842834,0.6425905823707581
59,0.9194509387016296,0.29186055064201355,0.00025,0.8532707095146179,0.5254039764404297
60,0.9230630397796631,0.29072847962379456,0.00025,0.8464040756225586,0.5195779204368591
61,0.9200831055641174,0.29063963890075684,0.00025,0.8438742160797119,0.545023500919342
62,0.9337186217308044,0.2629452645778656,0.000125,0.8532707095146179,0.5510556101799011
63,0.9409427642822266,0.24434886872768402,0.000125,0.8543549180030823,0.5050975680351257
64,0.9427487850189209,0.23610025644302368,0.000125,0.865558385848999,0.5217347145080566
65,0.9484378099441528,0.22871701419353485,0.000125,0.8637513518333435,0.5077667832374573
66,0.9479862451553345,0.22387050092220306,0.000125,0.8612215518951416,0.5361354947090149
67,0.9470832347869873,0.22457145154476166,0.000125,0.8659197688102722,0.5456554293632507
68,0.9482572078704834,0.22185513377189636,0.000125,0.8630285263061523,0.526794970035553
69,0.9484378099441528,0.22691933810710907,0.000125,0.850379467010498,0.5981906056404114
70,0.9516886472702026,0.2142861932516098,0.000125,0.8604987263679504,0.5706090927124023
71,0.9515080451965332,0.21765990555286407,0.000125,0.8464040756225586,0.6197607517242432
72,0.9573776125907898,0.202823668718338,6.25e-05,0.8688110113143921,0.5367723703384399
73,0.9582806825637817,0.1971265822649002,6.25e-05,0.865558385848999,0.5442330241203308
74,0.9598158001899719,0.19381044805049896,6.25e-05,0.8612215518951416,0.5811828374862671
75,0.9615315198898315,0.1884094923734665,6.25e-05,0.8659197688102722,0.6049800515174866
76,0.967039942741394,0.17781424522399902,6.25e-05,0.8673653602600098,0.5966430902481079
77,0.9685750603675842,0.17470377683639526,6.25e-05,0.8677268028259277,0.6073439121246338
78,0.9674011468887329,0.18084248900413513,6.25e-05,0.8673653602600098,0.6047144532203674
79,0.9666786789894104,0.18155014514923096,6.25e-05,0.8691723942756653,0.6044824123382568
80,0.9685750603675842,0.17271456122398376,6.25e-05,0.862305760383606,0.6166408061981201
81,0.9717355966567993,0.16697660088539124,6.25e-05,0.8644741773605347,0.6206416487693787
82,0.9702004790306091,0.16554167866706848,3.125e-05,0.8680881857872009,0.6211951375007629
83,0.9752573370933533,0.15794707834720612,3.125e-05,0.8673653602600098,0.6533650755882263
84,0.9707422852516174,0.16584554314613342,3.125e-05,0.8644741773605347,0.6338199973106384
85,0.9723677039146423,0.1606833040714264,3.125e-05,0.8615829348564148,0.6487506628036499
86,0.9760700464248657,0.15516790747642517,3.125e-05,0.865196943283081,0.6592706441879272
87,0.9729998111724854,0.16315238177776337,3.125e-05,0.8673653602600098,0.6501599550247192
88,0.9776955246925354,0.14728803932666779,3.125e-05,0.8662811517715454,0.6744587421417236
89,0.9763409495353699,0.1528920978307724,3.125e-05,0.8662811517715454,0.6896337270736694
90,0.9778761267662048,0.14849865436553955,3.125e-05,0.8691723942756653,0.6822503805160522
91,0.9764313101768494,0.15123605728149414,3.125e-05,0.8637513518333435,0.6889714002609253
92,0.9771537184715271,0.14690203964710236,1.5625e-05,0.8709794282913208,0.6712138056755066
93,0.9796821475028992,0.14386558532714844,1.5625e-05,0.8677268028259277,0.7018919587135315
94,0.9796821475028992,0.14591695368289948,1.5625e-05,0.8626671433448792,0.7108670473098755
95,0.9811269640922546,0.14176420867443085,1.5625e-05,0.8659197688102722,0.704163134098053
96,0.9804045557975769,0.14473775029182434,1.5625e-05,0.8612215518951416,0.719384491443634
97,0.9795015454292297,0.13966064155101776,1.5625e-05,0.8659197688102722,0.7220920324325562
98,0.9812172651290894,0.13632573187351227,1.5625e-05,0.8637513518333435,0.7107948660850525
99,0.9808560609817505,0.13643449544906616,1.5625e-05,0.8626671433448792,0.7296711802482605
100,0.9805851578712463,0.14278382062911987,1.5625e-05,0.862305760383606,0.740409255027771
101,0.9832941889762878,0.13289357721805573,1.5625e-05,0.8644741773605347,0.7340120077133179
102,0.9825717806816101,0.1335896998643875,1e-05,0.8644741773605347,0.7524372339248657
103,0.9811269640922546,0.13747063279151917,1e-05,0.861944317817688,0.7509455680847168
104,0.9813075661659241,0.14045780897140503,1e-05,0.8641127347946167,0.7382573485374451
105,0.9824814796447754,0.13268664479255676,1e-05,0.8648355603218079,0.7317985892295837
106,0.982932984828949,0.13419243693351746,1e-05,0.8626671433448792,0.7492985725402832
107,0.9812172651290894,0.13800859451293945,1e-05,0.8626671433448792,0.7442249059677124
108,0.9819396734237671,0.13689032196998596,1e-05,0.8612215518951416,0.7473165988922119
109,0.9824814796447754,0.13801626861095428,1e-05,0.8630285263061523,0.7546911835670471
110,0.982300877571106,0.13158580660820007,1e-05,0.8608601093292236,0.7488547563552856
111,0.9817590713500977,0.13575109839439392,1e-05,0.865196943283081,0.7537460923194885
112,0.9843778014183044,0.12935222685337067,1e-05,0.8626671433448792,0.7456642985343933
113,0.9811269640922546,0.13453391194343567,1e-05,0.8601373434066772,0.7572606801986694
114,0.9832941889762878,0.12774057686328888,1e-05,0.8633899688720703,0.7597273588180542
115,0.9836553931236267,0.1292344480752945,1e-05,0.8626671433448792,0.7552741169929504
116,0.9804948568344116,0.13708151876926422,1e-05,0.862305760383606,0.766377866268158
117,0.9841068983078003,0.13010409474372864,1e-05,0.8594145178794861,0.7663902640342712
118,0.9851002097129822,0.12855832278728485,1e-05,0.8597759008407593,0.7650102972984314
119,0.983565092086792,0.1312001496553421,1e-05,0.8615829348564148,0.7670509219169617
120,0.9851002097129822,0.1266634166240692,1e-05,0.8626671433448792,0.7854597568511963
121,0.9822105765342712,0.13331586122512817,1e-05,0.862305760383606,0.7723341584205627
122,0.9846487045288086,0.12735608220100403,1e-05,0.8630285263061523,0.7781612873077393
123,0.9850099086761475,0.12698011100292206,1e-05,0.861944317817688,0.777105450630188
124,0.9859129786491394,0.12222930043935776,1e-05,0.862305760383606,0.7692838311195374
125,0.9856420159339905,0.12876196205615997,1e-05,0.8601373434066772,0.7913001775741577
126,0.9842875003814697,0.12843632698059082,1e-05,0.8630285263061523,0.7972730398178101
127,0.985461413860321,0.12550044059753418,1e-05,0.8626671433448792,0.7873221039772034
128,0.9847390055656433,0.12639370560646057,1e-05,0.861944317817688,0.8053619265556335
129,0.9838359951972961,0.12557721138000488,1e-05,0.8633899688720703,0.7925400137901306
130,0.9841068983078003,0.12596313655376434,1e-05,0.8637513518333435,0.8073115348815918
131,0.9843778014183044,0.12714558839797974,1e-05,0.8637513518333435,0.8057536482810974
132,0.9860935807228088,0.1235344409942627,1e-05,0.8612215518951416,0.8114311695098877
133,0.9832038879394531,0.13216714560985565,1e-05,0.8601373434066772,0.8027251362800598
134,0.9839262962341309,0.13079409301280975,1e-05,0.8633899688720703,0.8068533539772034
135,0.9852808117866516,0.12819816172122955,1e-05,0.862305760383606,0.8018665313720703
136,0.985461413860321,0.12483222037553787,1e-05,0.8633899688720703,0.8062778115272522
137,0.9846487045288086,0.1290856897830963,1e-05,0.8615829348564148,0.8102846741676331
138,0.9850099086761475,0.12831363081932068,1e-05,0.8633899688720703,0.8037851452827454
139,0.986996591091156,0.11997412145137787,1e-05,0.8583303093910217,0.8081958889961243
140,0.9864547848701477,0.1264272928237915,1e-05,0.8590531349182129,0.8348523378372192
141,0.9843778014183044,0.1283378303050995,1e-05,0.8590531349182129,0.8032078146934509
142,0.9866353869438171,0.12160320580005646,1e-05,0.856523334980011,0.8237536549568176
143,0.9859129786491394,0.12442597001791,1e-05,0.8597759008407593,0.8228849172592163
144,0.9849196076393127,0.12734480202198029,1e-05,0.8594145178794861,0.8058863878250122
145,0.9845584034919739,0.1288250833749771,1e-05,0.8590531349182129,0.8254368305206299
146,0.9860935807228088,0.1241982951760292,1e-05,0.8594145178794861,0.8249043822288513
147,0.9859129786491394,0.12075356394052505,1e-05,0.8590531349182129,0.8144031167030334
148,0.9851002097129822,0.12545260787010193,1e-05,0.8615829348564148,0.8213391900062561
149,0.986996591091156,0.12257546931505203,1e-05,0.8594145178794861,0.8278743028640747
150,0.9857323169708252,0.12491586804389954,1e-05,0.8601373434066772,0.8341559767723083
151,0.9855517148971558,0.1241433173418045,1e-05,0.8601373434066772,0.8303294777870178
152,0.9866353869438171,0.12208697944879532,1e-05,0.8608601093292236,0.8368884921073914
153,0.9874480962753296,0.12133718281984329,1e-05,0.8601373434066772,0.8347974419593811
154,0.9860032796859741,0.12028544396162033,1e-05,0.8601373434066772,0.839176595211029
155,0.9869062900543213,0.11935175210237503,1e-05,0.8594145178794861,0.8497565388679504
156,0.9874480962753296,0.12027113884687424,1e-05,0.8586917519569397,0.8491237163543701
157,0.9870868921279907,0.12217821925878525,1e-05,0.8608601093292236,0.8414254784584045
158,0.9866353869438171,0.12039673328399658,1e-05,0.8597759008407593,0.8367143869400024
159,0.9865450859069824,0.11851261556148529,1e-05,0.8594145178794861,0.8576138019561768
160,0.9866353869438171,0.1182326078414917,1e-05,0.856161892414093,0.8507113456726074
161,0.9881705045700073,0.12113787233829498,1e-05,0.8601373434066772,0.8674639463424683
162,0.9866353869438171,0.1192791536450386,1e-05,0.8604987263679504,0.8437904119491577
163,0.9864547848701477,0.12192845344543457,1e-05,0.8576075434684753,0.8683957457542419
164,0.9868159890174866,0.12236275523900986,1e-05,0.8568847179412842,0.8661192655563354
165,0.9870868921279907,0.11717214435338974,1e-05,0.8612215518951416,0.8601372241973877
166,0.9875383973121643,0.11962256580591202,1e-05,0.8601373434066772,0.8626263737678528
167,0.9891638159751892,0.11705359816551208,1e-05,0.8576075434684753,0.8754680156707764
168,0.9884414076805115,0.12006397545337677,1e-05,0.8590531349182129,0.8596025705337524
169,0.9881705045700073,0.11790163815021515,1e-05,0.8558005094528198,0.8683301210403442
170,0.9884414076805115,0.11993378400802612,1e-05,0.862305760383606,0.8651624917984009
171,0.9890735149383545,0.11627103388309479,1e-05,0.8597759008407593,0.8866586685180664
172,0.9875383973121643,0.12333368510007858,1e-05,0.8612215518951416,0.8807085156440735
173,0.9877189993858337,0.11870705336332321,1e-05,0.8626671433448792,0.8860750794410706
174,0.9887123107910156,0.11415325850248337,1e-05,0.8583303093910217,0.895340621471405
175,0.9877189993858337,0.11986925452947617,1e-05,0.8604987263679504,0.908062219619751
176,0.9877189993858337,0.11700275540351868,1e-05,0.8604987263679504,0.8708321452140808
177,0.9896153211593628,0.11428442597389221,1e-05,0.8604987263679504,0.8953720927238464
178,0.9877189993858337,0.1153227835893631,1e-05,0.8586917519569397,0.8987062573432922
179,0.987628698348999,0.11691488325595856,1e-05,0.8604987263679504,0.888260006904602
180,0.9874480962753296,0.11715427786111832,1e-05,0.8586917519569397,0.8969232439994812
181,0.9900668263435364,0.11378210037946701,1e-05,0.8612215518951416,0.9023727178573608
182,0.9868159890174866,0.1205071434378624,1e-05,0.8608601093292236,0.9054538607597351
183,0.9885317087173462,0.11423151195049286,1e-05,0.8594145178794861,0.902245819568634
184,0.9894347190856934,0.11401423066854477,1e-05,0.856161892414093,0.9135201573371887
185,0.9900668263435364,0.1137799471616745,1e-05,0.8594145178794861,0.9036723375320435
186,0.9888026118278503,0.1154903993010521,1e-05,0.8579689264297485,0.9088135361671448
187,0.988260805606842,0.11778091639280319,1e-05,0.8576075434684753,0.9184134602546692
188,0.9886220097541809,0.11722993105649948,1e-05,0.8558005094528198,0.8920659422874451
189,0.9887123107910156,0.11345044523477554,1e-05,0.8572461009025574,0.9045668840408325
190,0.9898862242698669,0.11404377967119217,1e-05,0.8579689264297485,0.8912348747253418
191,0.9853711128234863,0.12011005729436874,1e-05,0.8547163009643555,0.9102376699447632
192,0.988260805606842,0.11736775189638138,1e-05,0.8583303093910217,0.8957304954528809
193,0.9886220097541809,0.11714242398738861,1e-05,0.8590531349182129,0.8933244943618774
194,0.9869062900543213,0.12276861816644669,1e-05,0.8579689264297485,0.9021211266517639
195,0.9889832139015198,0.11396226286888123,1e-05,0.8604987263679504,0.9076568484306335
196,0.9891638159751892,0.11666158586740494,1e-05,0.8612215518951416,0.9202060103416443
197,0.9891638159751892,0.1150856614112854,1e-05,0.862305760383606,0.9139963388442993
198,0.9906086325645447,0.11080120503902435,1e-05,0.8615829348564148,0.9287621378898621
199,0.9896153211593628,0.11527539044618607,1e-05,0.8633899688720703,0.9269384145736694
200,0.9904280304908752,0.11445292085409164,1e-05,0.8601373434066772,0.9050201177597046
201,0.9906086325645447,0.11028912663459778,1e-05,0.8597759008407593,0.9180899858474731
202,0.9906989336013794,0.10949654877185822,1e-05,0.8608601093292236,0.9392953515052795
203,0.9904280304908752,0.11008229851722717,1e-05,0.8630285263061523,0.9241981506347656
204,0.9900668263435364,0.11265616118907928,1e-05,0.8594145178794861,0.9448010325431824
205,0.9883511066436768,0.11582443118095398,1e-05,0.8604987263679504,0.93879634141922
206,0.9907892346382141,0.11346208304166794,1e-05,0.8586917519569397,0.9349228739738464
207,0.988260805606842,0.11380553245544434,1e-05,0.8594145178794861,0.9303401708602905
208,0.9883511066436768,0.11371008306741714,1e-05,0.8583303093910217,0.9254668951034546
209,0.9891638159751892,0.11396677792072296,1e-05,0.861944317817688,0.9225124716758728
210,0.9881705045700073,0.11612857133150101,1e-05,0.8597759008407593,0.9295009970664978
211,0.9868159890174866,0.11983641982078552,1e-05,0.8612215518951416,0.9221988320350647
212,0.9909698367118835,0.10845370590686798,1e-05,0.8576075434684753,0.9230818748474121
213,0.9891638159751892,0.11281788349151611,1e-05,0.8601373434066772,0.9297145009040833
214,0.9899765253067017,0.11261875927448273,1e-05,0.8630285263061523,0.9396252036094666
215,0.9893444180488586,0.11629097908735275,1e-05,0.8612215518951416,0.9341290593147278
216,0.9906086325645447,0.10897855460643768,1e-05,0.8590531349182129,0.9624986052513123
217,0.9913310408592224,0.11147483438253403,1e-05,0.8641127347946167,0.9462196826934814
218,0.9889832139015198,0.11502761393785477,1e-05,0.8615829348564148,0.9254577159881592
219,0.9893444180488586,0.11184528470039368,1e-05,0.8637513518333435,0.9267364740371704
220,0.9901571273803711,0.11093046516180038,1e-05,0.8633899688720703,0.9256884455680847
221,0.9913310408592224,0.11009176075458527,1e-05,0.8604987263679504,0.9658745527267456
222,0.9900668263435364,0.10905548185110092,1e-05,0.861944317817688,0.9329055547714233
223,0.9916019439697266,0.10711672157049179,1e-05,0.8601373434066772,0.9503784775733948
224,0.9906086325645447,0.10977879166603088,1e-05,0.8612215518951416,0.9567040205001831
225,0.9909698367118835,0.11221901327371597,1e-05,0.861944317817688,0.9502702355384827
226,0.9903377294540405,0.1100461557507515,1e-05,0.8626671433448792,0.9310623407363892
227,0.9890735149383545,0.11128591001033783,1e-05,0.8659197688102722,0.9411038160324097
228,0.991782546043396,0.10764619708061218,1e-05,0.8604987263679504,0.9314064383506775
229,0.9907892346382141,0.11108941584825516,1e-05,0.8608601093292236,0.9288153052330017
230,0.9909698367118835,0.10514649748802185,1e-05,0.8612215518951416,0.9448501467704773
231,0.9914213418960571,0.10611390322446823,1e-05,0.8612215518951416,0.966961145401001
232,0.9879899024963379,0.11467915028333664,1e-05,0.8601373434066772,0.951768159866333
233,0.9912407398223877,0.10525094717741013,1e-05,0.8612215518951416,0.9522272944450378
234,0.9903377294540405,0.10746964067220688,1e-05,0.8604987263679504,0.9608061909675598
235,0.9902474284172058,0.10892088711261749,1e-05,0.862305760383606,0.9431309103965759
236,0.9903377294540405,0.11170388013124466,1e-05,0.8601373434066772,0.9605501294136047
237,0.9896153211593628,0.1132315993309021,1e-05,0.8612215518951416,0.9304956197738647
238,0.9902474284172058,0.10948837548494339,1e-05,0.8586917519569397,0.9511024355888367
239,0.9916922450065613,0.10514111071825027,1e-05,0.8579689264297485,0.9635205864906311
240,0.9901571273803711,0.10817360132932663,1e-05,0.8604987263679504,0.959225058555603
241,0.9897056221961975,0.11055820435285568,1e-05,0.861944317817688,0.954780101776123
242,0.9916922450065613,0.10840464383363724,1e-05,0.8597759008407593,0.9636809229850769
243,0.9920534491539001,0.10293470323085785,1e-05,0.8601373434066772,0.9726356267929077
244,0.9920534491539001,0.10460986196994781,1e-05,0.8597759008407593,0.9839690327644348
245,0.9901571273803711,0.10797909647226334,1e-05,0.8608601093292236,0.9614854454994202
246,0.9906086325645447,0.1101469174027443,1e-05,0.8583303093910217,0.9678375124931335
247,0.9916019439697266,0.10575953871011734,1e-05,0.8641127347946167,0.9629841446876526
248,0.9910601377487183,0.10645335167646408,1e-05,0.861944317817688,0.9652236700057983
249,0.9896153211593628,0.1100512370467186,1e-05,0.861944317817688,0.9942242503166199
250,0.9897056221961975,0.10923030972480774,1e-05,0.8608601093292236,0.9808677434921265
251,0.9923243522644043,0.10465008020401001,1e-05,0.8590531349182129,0.969955325126648
252,0.992414653301239,0.1010902151465416,1e-05,0.8579689264297485,0.9610226154327393
253,0.9907892346382141,0.109235979616642,1e-05,0.8604987263679504,0.991595983505249
254,0.9895250201225281,0.11123623698949814,1e-05,0.861944317817688,0.9732016324996948
255,0.9907892346382141,0.10939601808786392,1e-05,0.8586917519569397,0.9603223204612732
256,0.9915116429328918,0.1055002436041832,1e-05,0.8604987263679504,0.9761287569999695
257,0.9916922450065613,0.10586561262607574,1e-05,0.8608601093292236,0.9854542016983032
258,0.9900668263435364,0.11020004004240036,1e-05,0.8597759008407593,0.9850019216537476
259,0.9923243522644043,0.10091851651668549,1e-05,0.8576075434684753,0.978328287601471
260,0.99051833152771,0.10882332175970078,1e-05,0.8590531349182129,0.9782576560974121
261,0.9925049543380737,0.10214944928884506,1e-05,0.8604987263679504,0.9818105101585388
262,0.9926855564117432,0.10500945895910263,1e-05,0.8590531349182129,0.998784065246582
263,0.9931370615959167,0.10033687204122543,1e-05,0.8604987263679504,1.0003801584243774
264,0.9921437501907349,0.10493072122335434,1e-05,0.856523334980011,1.0015724897384644
265,0.9921437501907349,0.10762646794319153,1e-05,0.8594145178794861,0.9976750612258911
266,0.9915116429328918,0.10563502460718155,1e-05,0.8615829348564148,1.0098133087158203
267,0.9929564595222473,0.10288741439580917,1e-05,0.8579689264297485,1.008132815361023
268,0.9909698367118835,0.10667800158262253,1e-05,0.8576075434684753,1.050733208656311
269,0.992414653301239,0.10360140353441238,1e-05,0.8594145178794861,0.984869122505188
270,0.9914213418960571,0.1051543802022934,1e-05,0.8612215518951416,1.0210808515548706
271,0.9912407398223877,0.10612013190984726,1e-05,0.8583303093910217,0.9907786250114441
272,0.9915116429328918,0.10264184325933456,1e-05,0.8590531349182129,1.0109788179397583
273,0.9916922450065613,0.10360424220561981,1e-05,0.8568847179412842,0.9985467195510864
274,0.9923243522644043,0.10299079865217209,1e-05,0.8586917519569397,1.0081390142440796
275,0.9921437501907349,0.10304591804742813,1e-05,0.8601373434066772,1.0225564241409302
276,0.9910601377487183,0.10221131145954132,1e-05,0.8604987263679504,1.0277018547058105
277,0.991782546043396,0.10156276822090149,1e-05,0.8594145178794861,1.0164047479629517
278,0.9906989336013794,0.10857988893985748,1e-05,0.8604987263679504,1.0181119441986084
279,0.9927758574485779,0.10112397372722626,1e-05,0.8601373434066772,1.0070799589157104
280,0.9919631481170654,0.1055365726351738,1e-05,0.8601373434066772,1.0025240182876587
281,0.991782546043396,0.10141189396381378,1e-05,0.8586917519569397,1.034861445426941
282,0.9914213418960571,0.10519056022167206,1e-05,0.8597759008407593,1.015682339668274
283,0.9912407398223877,0.10686460882425308,1e-05,0.8612215518951416,1.0244660377502441
284,0.9906086325645447,0.10596731305122375,1e-05,0.8586917519569397,1.0057766437530518
285,0.9908795356750488,0.10710372775793076,1e-05,0.8579689264297485,1.0075875520706177
286,0.9928661584854126,0.09884711354970932,1e-05,0.8604987263679504,0.9870077967643738
287,0.9932273626327515,0.10068324208259583,1e-05,0.8594145178794861,1.0350685119628906
288,0.9923243522644043,0.1020875796675682,1e-05,0.8579689264297485,1.0297222137451172
289,0.9916019439697266,0.10564104467630386,1e-05,0.8604987263679504,1.026152491569519
290,0.9918728470802307,0.102895088493824,1e-05,0.8626671433448792,1.028334140777588
291,0.9921437501907349,0.10183663666248322,1e-05,0.8601373434066772,1.0303468704223633
292,0.9934982657432556,0.09866093099117279,1e-05,0.8630285263061523,1.027477502822876
293,0.9922340512275696,0.10388484597206116,1e-05,0.8604987263679504,1.0300345420837402
294,0.9919631481170654,0.10273579508066177,1e-05,0.861944317817688,1.0316799879074097
295,0.9929564595222473,0.10028230398893356,1e-05,0.8626671433448792,1.0398523807525635
296,0.9916019439697266,0.10482382774353027,1e-05,0.8604987263679504,1.020362138748169
297,0.9920534491539001,0.10232896357774734,1e-05,0.8612215518951416,1.0336273908615112
298,0.991782546043396,0.10197825729846954,1e-05,0.8604987263679504,1.0286346673965454
299,0.9927758574485779,0.10002420097589493,1e-05,0.8594145178794861,1.0392498970031738
300,0.9932273626327515,0.10118269920349121,1e-05,0.8612215518951416,1.023938536643982
301,0.993678867816925,0.09739960730075836,1e-05,0.8590531349182129,1.0398889780044556
302,0.9923243522644043,0.10285083949565887,1e-05,0.8597759008407593,1.0220929384231567
303,0.9934079647064209,0.0999859943985939,1e-05,0.8630285263061523,1.0378423929214478
304,0.9916019439697266,0.10298605263233185,1e-05,0.8630285263061523,1.0117535591125488
305,0.9922340512275696,0.10115737468004227,1e-05,0.8637513518333435,0.9946158528327942
306,0.9925049543380737,0.10171070694923401,1e-05,0.8637513518333435,1.0327450037002563
307,0.9922340512275696,0.10071119666099548,1e-05,0.8597759008407593,1.0245102643966675
308,0.9928661584854126,0.10143089294433594,1e-05,0.8601373434066772,1.018999695777893
309,0.99051833152771,0.10538797080516815,1e-05,0.8597759008407593,1.0176868438720703
310,0.9934982657432556,0.09870750457048416,1e-05,0.8597759008407593,1.014785885810852
311,0.9934982657432556,0.0990789607167244,1e-05,0.8626671433448792,1.0374027490615845
312,0.9919631481170654,0.1026967242360115,1e-05,0.8626671433448792,1.0069173574447632
313,0.9916922450065613,0.10261286050081253,1e-05,0.8594145178794861,1.0275284051895142
314,0.9934982657432556,0.09744434058666229,1e-05,0.8615829348564148,1.0221247673034668
315,0.9921437501907349,0.10327213257551193,1e-05,0.8641127347946167,1.0193992853164673
316,0.9935885667800903,0.09983314573764801,1e-05,0.8648355603218079,1.0499355792999268
317,0.9915116429328918,0.1024056151509285,1e-05,0.865196943283081,1.0418035984039307
318,0.9920534491539001,0.10057266801595688,1e-05,0.8633899688720703,1.0456836223602295
319,0.9920534491539001,0.10134188085794449,1e-05,0.861944317817688,1.0386425256729126
320,0.9935885667800903,0.09830085188150406,1e-05,0.8630285263061523,1.026659607887268
321,0.9923243522644043,0.10231540352106094,1e-05,0.8644741773605347,1.0604101419448853
322,0.9931370615959167,0.09796635061502457,1e-05,0.862305760383606,1.0677554607391357
323,0.9929564595222473,0.09837906062602997,1e-05,0.861944317817688,1.0560013055801392
324,0.9925952553749084,0.09840627759695053,1e-05,0.861944317817688,1.0576170682907104
325,0.9925049543380737,0.10124332457780838,1e-05,0.862305760383606,1.070031762123108
326,0.9933176636695862,0.09864464402198792,1e-05,0.8637513518333435,1.0443274974822998
327,0.9933176636695862,0.09754033386707306,1e-05,0.8608601093292236,1.0510296821594238
328,0.993046760559082,0.09938477724790573,1e-05,0.8604987263679504,1.0404354333877563
329,0.9931370615959167,0.09629397839307785,1e-05,0.8633899688720703,1.0380256175994873
330,0.9928661584854126,0.10068773478269577,1e-05,0.8601373434066772,1.0577001571655273
331,0.9938594698905945,0.0973561555147171,1e-05,0.8583303093910217,1.0584027767181396
332,0.9931370615959167,0.09932160377502441,1e-05,0.861944317817688,1.0678201913833618
333,0.9935885667800903,0.09789322316646576,1e-05,0.8615829348564148,1.0434472560882568
334,0.9935885667800903,0.09653662145137787,1e-05,0.8612215518951416,1.0676002502441406
335,0.9931370615959167,0.09982845187187195,1e-05,0.8633899688720703,1.055855393409729
336,0.9931370615959167,0.09809558838605881,1e-05,0.8641127347946167,1.0601931810379028
337,0.9925952553749084,0.09958600252866745,1e-05,0.8594145178794861,1.0711976289749146
338,0.9938594698905945,0.0975705236196518,1e-05,0.862305760383606,1.0676325559616089
339,0.9927758574485779,0.1027379110455513,1e-05,0.8608601093292236,1.0865916013717651
340,0.9937691688537598,0.09432101249694824,1e-05,0.8604987263679504,1.0693453550338745
341,0.9938594698905945,0.09430547058582306,1e-05,0.8659197688102722,1.0431945323944092
342,0.9934982657432556,0.09818429499864578,1e-05,0.8615829348564148,1.0725382566452026
343,0.9950333833694458,0.09210788458585739,1e-05,0.862305760383606,1.0600944757461548
344,0.993046760559082,0.09922215342521667,1e-05,0.8601373434066772,1.0840328931808472
345,0.9925049543380737,0.09899047017097473,1e-05,0.8594145178794861,1.0571881532669067
346,0.9923243522644043,0.09748956561088562,1e-05,0.8601373434066772,1.0689011812210083
347,0.9943109750747681,0.09450305998325348,1e-05,0.8633899688720703,1.0744444131851196
348,0.9929564595222473,0.10120896250009537,1e-05,0.8615829348564148,1.0603399276733398
349,0.9934079647064209,0.0974392518401146,1e-05,0.8612215518951416,1.065806269645691
350,0.9925049543380737,0.0998542308807373,1e-05,0.8615829348564148,1.0867712497711182
351,0.9923243522644043,0.09790129214525223,1e-05,0.8615829348564148,1.0501630306243896
352,0.9942206740379333,0.0965050682425499,1e-05,0.862305760383606,1.075803279876709
353,0.9940400719642639,0.0951514020562172,1e-05,0.8583303093910217,1.0649279356002808
354,0.993046760559082,0.09577252715826035,1e-05,0.8612215518951416,1.0365495681762695
355,0.9914213418960571,0.10426230728626251,1e-05,0.862305760383606,1.0550768375396729
356,0.9929564595222473,0.09799595177173615,1e-05,0.861944317817688,1.0809298753738403
357,0.9946721792221069,0.09341716766357422,1e-05,0.861944317817688,1.077943205833435
358,0.993678867816925,0.09332738071680069,1e-05,0.8612215518951416,1.0732066631317139
359,0.9928661584854126,0.09422050416469574,1e-05,0.8597759008407593,1.0787709951400757
360,0.993678867816925,0.0970383808016777,1e-05,0.8590531349182129,1.0755105018615723
361,0.9934079647064209,0.09563236683607101,1e-05,0.8604987263679504,1.0729432106018066
362,0.9953043460845947,0.09147366881370544,1e-05,0.8608601093292236,1.0825163125991821
363,0.9944012761116028,0.09315435588359833,1e-05,0.8597759008407593,1.1100528240203857
364,0.9925049543380737,0.09925980865955353,1e-05,0.8626671433448792,1.0722492933273315
365,0.9935885667800903,0.09588406980037689,1e-05,0.8597759008407593,1.096451997756958
366,0.9935885667800903,0.0954812541604042,1e-05,0.8576075434684753,1.071009874343872
367,0.9945818781852722,0.09388425946235657,1e-05,0.862305760383606,1.0769391059875488
368,0.9929564595222473,0.10186740756034851,1e-05,0.861944317817688,1.0660407543182373
369,0.992414653301239,0.10063516348600388,1e-05,0.8615829348564148,1.0713146924972534
370,0.9935885667800903,0.09700238704681396,1e-05,0.862305760383606,1.0695792436599731
371,0.9934079647064209,0.0976455882191658,1e-05,0.865558385848999,1.0541006326675415
372,0.9925952553749084,0.0988147035241127,1e-05,0.8637513518333435,1.0835869312286377
373,0.9942206740379333,0.0936124324798584,1e-05,0.8626671433448792,1.0851848125457764
374,0.9947624802589417,0.09279493242502213,1e-05,0.8644741773605347,1.0421046018600464
375,0.9940400719642639,0.09346091002225876,1e-05,0.8630285263061523,1.0931023359298706
376,0.9944012761116028,0.09500665217638016,1e-05,0.861944317817688,1.073967695236206
377,0.9934079647064209,0.0941045805811882,1e-05,0.8608601093292236,1.0861077308654785
378,0.9933176636695862,0.09846436977386475,1e-05,0.8608601093292236,1.086151361465454
379,0.9932273626327515,0.09590142965316772,1e-05,0.8590531349182129,1.0891200304031372
380,0.9927758574485779,0.10001331567764282,1e-05,0.8579689264297485,1.090742826461792
381,0.9923243522644043,0.09647995978593826,1e-05,0.8608601093292236,1.0868245363235474
382,0.9955752491950989,0.08913669735193253,1e-05,0.8583303093910217,1.1076692342758179
383,0.9950333833694458,0.09219814836978912,1e-05,0.8576075434684753,1.090876817703247
384,0.9943109750747681,0.09141428023576736,1e-05,0.8579689264297485,1.1212185621261597
385,0.9943109750747681,0.09281396865844727,1e-05,0.8594145178794861,1.0986814498901367
386,0.9933176636695862,0.09628532081842422,1e-05,0.8615829348564148,1.105148434638977
387,0.9935885667800903,0.09668376296758652,1e-05,0.8604987263679504,1.1243246793746948
388,0.9943109750747681,0.09298571944236755,1e-05,0.862305760383606,1.1030820608139038
389,0.9945818781852722,0.09376470744609833,1e-05,0.8597759008407593,1.0889521837234497
390,0.9931370615959167,0.09538090974092484,1e-05,0.8604987263679504,1.0702035427093506
391,0.993046760559082,0.09747502952814102,1e-05,0.8637513518333435,1.087393879890442
392,0.9940400719642639,0.09777809679508209,1e-05,0.8626671433448792,1.077909231185913
393,0.9951236844062805,0.0908447727560997,1e-05,0.862305760383606,1.099494218826294
394,0.9943109750747681,0.09450074285268784,1e-05,0.8597759008407593,1.1111208200454712
395,0.9942206740379333,0.092518649995327,1e-05,0.8597759008407593,1.1067086458206177
396,0.9928661584854126,0.09980544447898865,1e-05,0.8586917519569397,1.0929754972457886
397,0.9933176636695862,0.09666451811790466,1e-05,0.8604987263679504,1.1089779138565063
398,0.9945818781852722,0.09389118105173111,1e-05,0.861944317817688,1.0776151418685913
399,0.9939497709274292,0.09227500110864639,1e-05,0.862305760383606,1.0950348377227783
400,0.9929564595222473,0.09952282160520554,1e-05,0.8583303093910217,1.108473777770996
401,0.9932273626327515,0.09415856003761292,1e-05,0.8594145178794861,1.0904515981674194
402,0.9933176636695862,0.09663909673690796,1e-05,0.8608601093292236,1.099831223487854
403,0.9931370615959167,0.09599067270755768,1e-05,0.862305760383606,1.0742905139923096
404,0.9939497709274292,0.09360025823116302,1e-05,0.8594145178794861,1.048178791999817
405,0.9928661584854126,0.0979471281170845,1e-05,0.861944317817688,1.0479973554611206
406,0.9951236844062805,0.0896107479929924,1e-05,0.8637513518333435,1.06133234500885
407,0.9929564595222473,0.09525321424007416,1e-05,0.862305760383606,1.069616436958313
408,0.9932273626327515,0.09431332349777222,1e-05,0.8590531349182129,1.0986557006835938
409,0.9943109750747681,0.08911927789449692,1e-05,0.862305760383606,1.1036300659179688
410,0.9941303730010986,0.09156985580921173,1e-05,0.8604987263679504,1.0621076822280884
411,0.9933176636695862,0.09606587141752243,1e-05,0.8626671433448792,1.0777643918991089
412,0.993678867816925,0.09635428339242935,1e-05,0.8626671433448792,1.0694867372512817
413,0.9940400719642639,0.09354633837938309,1e-05,0.862305760383606,1.086006760597229
414,0.9944012761116028,0.09247582405805588,1e-05,0.8608601093292236,1.0727248191833496
415,0.9934982657432556,0.09499621391296387,1e-05,0.8608601093292236,1.0509296655654907
416,0.9946721792221069,0.09082526713609695,1e-05,0.8630285263061523,1.075318694114685
417,0.9921437501907349,0.09698077291250229,1e-05,0.8601373434066772,1.0762381553649902
418,0.9937691688537598,0.09292017668485641,1e-05,0.8626671433448792,1.0691109895706177
419,0.9935885667800903,0.09619030356407166,1e-05,0.8612215518951416,1.112960934638977
420,0.9939497709274292,0.09035678952932358,1e-05,0.8644741773605347,1.0878686904907227
421,0.9947624802589417,0.08945741504430771,1e-05,0.8633899688720703,1.097568154335022
422,0.9945818781852722,0.0927412137389183,1e-05,0.8630285263061523,1.0955662727355957
423,0.9941303730010986,0.094748355448246,1e-05,0.8630285263061523,1.0807520151138306
424,0.9931370615959167,0.09854789078235626,1e-05,0.8604987263679504,1.1081361770629883
425,0.9942206740379333,0.09470393508672714,1e-05,0.8648355603218079,1.088362693786621
426,0.9943109750747681,0.09144717454910278,1e-05,0.8648355603218079,1.0736833810806274
427,0.9960267543792725,0.0863579511642456,1e-05,0.8630285263061523,1.0801820755004883
428,0.9937691688537598,0.09450885653495789,1e-05,0.8648355603218079,1.1093412637710571
429,0.9913310408592224,0.10008814185857773,1e-05,0.862305760383606,1.1077229976654053
430,0.9945818781852722,0.09298831224441528,1e-05,0.8608601093292236,1.0976412296295166
431,0.9952139854431152,0.08803462237119675,1e-05,0.8626671433448792,1.0866210460662842
432,0.9947624802589417,0.09236686676740646,1e-05,0.8604987263679504,1.0890421867370605
433,0.993046760559082,0.09609788656234741,1e-05,0.8597759008407593,1.082744836807251
434,0.9957558512687683,0.08738238364458084,1e-05,0.8597759008407593,1.0942988395690918
435,0.9942206740379333,0.09452266991138458,1e-05,0.8615829348564148,1.0877864360809326
436,0.9950333833694458,0.08935296535491943,1e-05,0.8601373434066772,1.1261645555496216
437,0.993046760559082,0.09677640348672867,1e-05,0.8626671433448792,1.0869146585464478
438,0.9944915771484375,0.09063424170017242,1e-05,0.8626671433448792,1.0876563787460327
439,0.9953043460845947,0.08943494409322739,1e-05,0.8601373434066772,1.1238914728164673
440,0.9934079647064209,0.09639453887939453,1e-05,0.8597759008407593,1.0964775085449219
441,0.9944012761116028,0.09224728494882584,1e-05,0.862305760383606,1.1101336479187012
442,0.9946721792221069,0.08834904432296753,1e-05,0.8604987263679504,1.107279658317566
443,0.9955752491950989,0.08866787701845169,1e-05,0.8597759008407593,1.0973756313323975
444,0.995846152305603,0.09006530046463013,1e-05,0.8568847179412842,1.1397182941436768
445,0.9948527812957764,0.09076424688100815,1e-05,0.8583303093910217,1.1453834772109985
446,0.9945818781852722,0.08793905377388,1e-05,0.8604987263679504,1.111223578453064
447,0.9954849481582642,0.08787673711776733,1e-05,0.8594145178794861,1.1662418842315674
448,0.9935885667800903,0.09103357046842575,1e-05,0.8594145178794861,1.1520527601242065
449,0.9940400719642639,0.0919046550989151,1e-05,0.8597759008407593,1.1289002895355225
450,0.9941303730010986,0.09288334101438522,1e-05,0.8568847179412842,1.0918954610824585
451,0.9940400719642639,0.09412875771522522,1e-05,0.8601373434066772,1.1025285720825195
452,0.9942206740379333,0.09244704246520996,1e-05,0.8594145178794861,1.117849349975586
453,0.9949430823326111,0.09103451669216156,1e-05,0.8612215518951416,1.1405789852142334
454,0.9949430823326111,0.09164781123399734,1e-05,0.8586917519569397,1.1315323114395142
455,0.9938594698905945,0.09220177680253983,1e-05,0.8576075434684753,1.1294476985931396
456,0.9937691688537598,0.09271904081106186,1e-05,0.8601373434066772,1.1021291017532349
457,0.9925952553749084,0.09560073912143707,1e-05,0.8608601093292236,1.0762220621109009
458,0.9944915771484375,0.09120044112205505,1e-05,0.8597759008407593,1.0562206506729126
459,0.9947624802589417,0.09081990271806717,1e-05,0.8572461009025574,1.0777546167373657
460,0.9943109750747681,0.09004691988229752,1e-05,0.8594145178794861,1.090898036956787
461,0.9957558512687683,0.08764416724443436,1e-05,0.8615829348564148,1.1065598726272583
462,0.9949430823326111,0.0882921814918518,1e-05,0.8590531349182129,1.111384630203247
463,0.9948527812957764,0.09045098721981049,1e-05,0.8601373434066772,1.09724760055542
464,0.9946721792221069,0.09008010476827621,1e-05,0.861944317817688,1.1094447374343872
465,0.9948527812957764,0.09077905118465424,1e-05,0.8612215518951416,1.0829570293426514
466,0.9942206740379333,0.08891833573579788,1e-05,0.8615829348564148,1.0657265186309814
467,0.9945818781852722,0.09042182564735413,1e-05,0.8590531349182129,1.0966393947601318
468,0.9945818781852722,0.08743145316839218,1e-05,0.8626671433448792,1.093212604522705
469,0.9947624802589417,0.08949675410985947,1e-05,0.861944317817688,1.0787320137023926
470,0.9944012761116028,0.09254595637321472,1e-05,0.8644741773605347,1.0736591815948486
471,0.9951236844062805,0.08781731873750687,1e-05,0.862305760383606,1.088559627532959
472,0.9946721792221069,0.08870629221200943,1e-05,0.8590531349182129,1.099851369857788
473,0.9937691688537598,0.09342410415410995,1e-05,0.8586917519569397,1.1061298847198486
474,0.9943109750747681,0.09105171263217926,1e-05,0.8583303093910217,1.0671260356903076
475,0.9948527812957764,0.08772074431180954,1e-05,0.8604987263679504,1.095201849937439
476,0.9948527812957764,0.0883457362651825,1e-05,0.8612215518951416,1.058392882347107
477,0.9941303730010986,0.09325706958770752,1e-05,0.861944317817688,1.081181526184082
478,0.9934982657432556,0.09537304937839508,1e-05,0.8594145178794861,1.0868535041809082
479,0.9953946471214294,0.0861995741724968,1e-05,0.8601373434066772,1.1091489791870117
480,0.9945818781852722,0.08872085809707642,1e-05,0.862305760383606,1.0884120464324951
481,0.9946721792221069,0.08859152346849442,1e-05,0.8612215518951416,1.0802325010299683
482,0.9956655502319336,0.08438042551279068,1e-05,0.8572461009025574,1.0904130935668945
483,0.9934079647064209,0.09216226637363434,1e-05,0.862305760383606,1.1008930206298828
484,0.9953946471214294,0.08924179524183273,1e-05,0.862305760383606,1.1322051286697388
485,0.9948527812957764,0.08611103892326355,1e-05,0.8604987263679504,1.0825793743133545
486,0.9944012761116028,0.08903969824314117,1e-05,0.8594145178794861,1.1186144351959229
487,0.993678867816925,0.0913606509566307,1e-05,0.8630285263061523,1.0968375205993652
488,0.9942206740379333,0.09068216383457184,1e-05,0.8615829348564148,1.103915810585022
489,0.9955752491950989,0.0871153250336647,1e-05,0.8630285263061523,1.0958566665649414
490,0.9952139854431152,0.08719394356012344,1e-05,0.862305760383606,1.0812606811523438
491,0.9943109750747681,0.09058430790901184,1e-05,0.8608601093292236,1.0801842212677002
492,0.9943109750747681,0.08944586664438248,1e-05,0.8612215518951416,1.1125528812408447
493,0.9944915771484375,0.09042944759130478,1e-05,0.8615829348564148,1.085821509361267
494,0.9962073564529419,0.084086112678051,1e-05,0.862305760383606,1.1110975742340088
495,0.9953043460845947,0.08841168135404587,1e-05,0.862305760383606,1.1078604459762573
496,0.9950333833694458,0.08992825448513031,1e-05,0.8630285263061523,1.0791916847229004
497,0.9954849481582642,0.0879494920372963,1e-05,0.8630285263061523,1.086995244026184
498,0.9945818781852722,0.09113460034132004,1e-05,0.8626671433448792,1.1266833543777466
499,0.9952139854431152,0.0874764546751976,1e-05,0.8586917519569397,1.1079049110412598
500,0.9954849481582642,0.08649453520774841,1e-05,0.8594145178794861,1.0757865905761719
501,0.9948527812957764,0.0884377732872963,1e-05,0.861944317817688,1.1074069738388062
502,0.9940400719642639,0.08995050936937332,1e-05,0.8604987263679504,1.1040818691253662
503,0.9952139854431152,0.08743195980787277,1e-05,0.8608601093292236,1.0813896656036377
504,0.9947624802589417,0.08788038790225983,1e-05,0.8568847179412842,1.084649682044983
505,0.9953043460845947,0.08687838912010193,1e-05,0.8572461009025574,1.1058063507080078
506,0.9956655502319336,0.08756068348884583,1e-05,0.8579689264297485,1.1000103950500488
507,0.9948527812957764,0.08746489137411118,1e-05,0.861944317817688,1.0830669403076172
508,0.9953946471214294,0.08592832833528519,1e-05,0.8594145178794861,1.095717430114746
509,0.9940400719642639,0.08938126266002655,1e-05,0.8579689264297485,1.0876052379608154
510,0.9953946471214294,0.08702847361564636,1e-05,0.8586917519569397,1.1367868185043335
511,0.9946721792221069,0.08837592601776123,1e-05,0.8586917519569397,1.0959514379501343
512,0.9951236844062805,0.08773112297058105,1e-05,0.8608601093292236,1.1456977128982544
513,0.9945818781852722,0.08952178806066513,1e-05,0.8583303093910217,1.093761682510376
514,0.995846152305603,0.08587520569562912,1e-05,0.8597759008407593,1.1478453874588013
515,0.995846152305603,0.08529443293809891,1e-05,0.8590531349182129,1.1142666339874268
516,0.9957558512687683,0.08566746860742569,1e-05,0.8608601093292236,1.1200215816497803
517,0.9943109750747681,0.08750063180923462,1e-05,0.8597759008407593,1.1077930927276611
518,0.9945818781852722,0.09140768647193909,1e-05,0.861944317817688,1.0968605279922485
519,0.9939497709274292,0.08611319214105606,1e-05,0.8612215518951416,1.1206166744232178
520,0.9953043460845947,0.08440966159105301,1e-05,0.8590531349182129,1.1072784662246704
521,0.9935885667800903,0.09073089063167572,1e-05,0.8612215518951416,1.0855932235717773
522,0.9950333833694458,0.08522997051477432,1e-05,0.862305760383606,1.0917984247207642
523,0.9957558512687683,0.08585423231124878,1e-05,0.862305760383606,1.1231886148452759
524,0.9931370615959167,0.0945754125714302,1e-05,0.861944317817688,1.0840989351272583
525,0.9951236844062805,0.08696090430021286,1e-05,0.8633899688720703,1.0657544136047363
526,0.9945818781852722,0.08899971842765808,1e-05,0.8615829348564148,1.1003332138061523
527,0.9934982657432556,0.0903053879737854,1e-05,0.8612215518951416,1.0768898725509644
528,0.995846152305603,0.0840754359960556,1e-05,0.862305760383606,1.0701333284378052
529,0.9961170554161072,0.08479925245046616,1e-05,0.861944317817688,1.0920943021774292
530,0.993678867816925,0.09165345132350922,1e-05,0.8630285263061523,1.0997503995895386
531,0.9954849481582642,0.08484437316656113,1e-05,0.8608601093292236,1.1017829179763794
532,0.9955752491950989,0.08333323150873184,1e-05,0.8666425943374634,1.119787335395813
533,0.9955752491950989,0.08520688861608505,1e-05,0.8630285263061523,1.1374071836471558
534,0.9944915771484375,0.08624304831027985,1e-05,0.8648355603218079,1.081234097480774
535,0.9954849481582642,0.08450353145599365,1e-05,0.865196943283081,1.0901213884353638
536,0.9954849481582642,0.08842756599187851,1e-05,0.8641127347946167,1.0927814245224
537,0.9954849481582642,0.0845077708363533,1e-05,0.8594145178794861,1.1060757637023926
538,0.9949430823326111,0.08483774960041046,1e-05,0.8630285263061523,1.1356018781661987
539,0.9937691688537598,0.0889078825712204,1e-05,0.8615829348564148,1.1115758419036865
540,0.9943109750747681,0.08629160374403,1e-05,0.8615829348564148,1.1174591779708862
541,0.9951236844062805,0.08600316941738129,1e-05,0.8637513518333435,1.1006780862808228
542,0.9935885667800903,0.08880595862865448,1e-05,0.8648355603218079,1.122265338897705
543,0.9944915771484375,0.08686843514442444,1e-05,0.8659197688102722,1.1054991483688354
544,0.9946721792221069,0.08651235699653625,1e-05,0.8659197688102722,1.0957013368606567
545,0.9954849481582642,0.08322623372077942,1e-05,0.8662811517715454,1.1203652620315552
546,0.9944012761116028,0.08942904323339462,1e-05,0.8608601093292236,1.1151872873306274
547,0.9955752491950989,0.08497679233551025,1e-05,0.8662811517715454,1.114477276802063
548,0.9956655502319336,0.0827222615480423,1e-05,0.8630285263061523,1.1284124851226807
549,0.9961170554161072,0.08331263810396194,1e-05,0.8688110113143921,1.1014964580535889
550,0.9949430823326111,0.08723731338977814,1e-05,0.865558385848999,1.1208385229110718
551,0.9948527812957764,0.08496910333633423,1e-05,0.8680881857872009,1.0924969911575317
552,0.9946721792221069,0.08646111935377121,1e-05,0.8644741773605347,1.1282073259353638
553,0.9955752491950989,0.0842307060956955,1e-05,0.861944317817688,1.141663670539856
554,0.9954849481582642,0.08543615788221359,1e-05,0.8626671433448792,1.0956652164459229
555,0.9956655502319336,0.08377131074666977,1e-05,0.8648355603218079,1.1102863550186157
556,0.9962073564529419,0.08316166698932648,1e-05,0.8659197688102722,1.1440320014953613
557,0.9961170554161072,0.08167193084955215,1e-05,0.8641127347946167,1.1110209226608276
558,0.9953043460845947,0.08643791824579239,1e-05,0.8641127347946167,1.1188684701919556
559,0.9954849481582642,0.08243030309677124,1e-05,0.8633899688720703,1.1367610692977905
560,0.996478259563446,0.08126190304756165,1e-05,0.862305760383606,1.1447021961212158
561,0.9954849481582642,0.08415054529905319,1e-05,0.8637513518333435,1.1249696016311646
562,0.9962976574897766,0.08253712952136993,1e-05,0.8612215518951416,1.1405569314956665
563,0.9945818781852722,0.0879640057682991,1e-05,0.8626671433448792,1.1479384899139404
564,0.9957558512687683,0.08591627329587936,1e-05,0.8594145178794861,1.1010334491729736
565,0.9955752491950989,0.08137471973896027,1e-05,0.8604987263679504,1.1140363216400146
566,0.9967491626739502,0.07959798723459244,1e-05,0.865558385848999,1.1107826232910156
567,0.9938594698905945,0.08856575191020966,1e-05,0.8615829348564148,1.1318303346633911
568,0.9959364533424377,0.08235786855220795,1e-05,0.8633899688720703,1.1502537727355957
569,0.9957558512687683,0.08106179535388947,1e-05,0.8612215518951416,1.150832176208496
570,0.9948527812957764,0.08674581348896027,1e-05,0.8648355603218079,1.1390281915664673
571,0.9949430823326111,0.08669508993625641,1e-05,0.8644741773605347,1.0811903476715088
572,0.9939497709274292,0.08671547472476959,1e-05,0.8666425943374634,1.1058191061019897
573,0.9956655502319336,0.0833054855465889,1e-05,0.865196943283081,1.114487648010254
574,0.9947624802589417,0.08848880976438522,1e-05,0.8626671433448792,1.1338340044021606
575,0.9949430823326111,0.08835458755493164,1e-05,0.8670039772987366,1.1374175548553467
576,0.9931370615959167,0.09370965510606766,1e-05,0.8633899688720703,1.0965420007705688
577,0.9952139854431152,0.08474845439195633,1e-05,0.8637513518333435,1.1238552331924438
578,0.9952139854431152,0.08462191373109818,1e-05,0.8630285263061523,1.1176121234893799
579,0.9956655502319336,0.0826617106795311,1e-05,0.8637513518333435,1.118356704711914
580,0.9941303730010986,0.08552604168653488,1e-05,0.8604987263679504,1.1336621046066284
581,0.9960267543792725,0.08080174028873444,1e-05,0.8615829348564148,1.0879350900650024
582,0.9954849481582642,0.0830773413181305,1e-05,0.865196943283081,1.1104780435562134
583,0.9941303730010986,0.08711685985326767,1e-05,0.8604987263679504,1.148874282836914
584,0.9963879585266113,0.08138599246740341,1e-05,0.862305760383606,1.1189693212509155
585,0.9947624802589417,0.08861280977725983,1e-05,0.8612215518951416,1.1314551830291748
586,0.9954849481582642,0.08615128695964813,1e-05,0.8637513518333435,1.125199794769287
587,0.9953043460845947,0.08358868956565857,1e-05,0.8633899688720703,1.109827995300293
588,0.9953043460845947,0.08326337486505508,1e-05,0.862305760383606,1.1430225372314453
589,0.9955752491950989,0.08339910209178925,1e-05,0.8633899688720703,1.1387114524841309
590,0.9948527812957764,0.0840933695435524,1e-05,0.8626671433448792,1.1249237060546875
591,0.9970200657844543,0.07982601225376129,1e-05,0.8630285263061523,1.1355032920837402
592,0.9953946471214294,0.08326302468776703,1e-05,0.8615829348564148,1.1516081094741821
593,0.9957558512687683,0.08305908739566803,1e-05,0.861944317817688,1.1009949445724487
594,0.9952139854431152,0.08147089183330536,1e-05,0.8604987263679504,1.082838535308838
595,0.9944915771484375,0.08610362559556961,1e-05,0.8612215518951416,1.142068862915039
596,0.9956655502319336,0.08262868970632553,1e-05,0.8608601093292236,1.1314364671707153
597,0.9946721792221069,0.0874166265130043,1e-05,0.8590531349182129,1.1114428043365479
598,0.9959364533424377,0.081911101937294,1e-05,0.8579689264297485,1.0997843742370605
599,0.9962976574897766,0.08094058185815811,1e-05,0.8615829348564148,1.1055558919906616
600,0.9957558512687683,0.08299548923969269,1e-05,0.8630285263061523,1.1762768030166626
601,0.9961170554161072,0.08026191592216492,1e-05,0.8641127347946167,1.156432867050171
602,0.9969297647476196,0.07950697094202042,1e-05,0.8644741773605347,1.1543842554092407
603,0.9962073564529419,0.08037331700325012,1e-05,0.861944317817688,1.1277931928634644
604,0.995846152305603,0.08203288167715073,1e-05,0.861944317817688,1.1451178789138794
605,0.9949430823326111,0.08373712748289108,1e-05,0.8612215518951416,1.1728724241256714
606,0.995846152305603,0.08328556269407272,1e-05,0.8590531349182129,1.1502556800842285
607,0.9953043460845947,0.0836038738489151,1e-05,0.8608601093292236,1.1477750539779663
608,0.9962073564529419,0.07949776947498322,1e-05,0.8590531349182129,1.1485873460769653
609,0.9954849481582642,0.08228182047605515,1e-05,0.8612215518951416,1.1909823417663574
610,0.9962976574897766,0.07927869260311127,1e-05,0.861944317817688,1.1473445892333984
611,0.9954849481582642,0.08299363404512405,1e-05,0.8597759008407593,1.2004411220550537
612,0.9953043460845947,0.08320579677820206,1e-05,0.8612215518951416,1.1357098817825317
613,0.9962976574897766,0.0795360803604126,1e-05,0.8583303093910217,1.1567986011505127
614,0.9953946471214294,0.08076805621385574,1e-05,0.861944317817688,1.151494026184082
615,0.9952139854431152,0.08627992868423462,1e-05,0.8601373434066772,1.178086280822754
616,0.9957558512687683,0.08092702925205231,1e-05,0.8630285263061523,1.1670490503311157
617,0.9951236844062805,0.08598737418651581,1e-05,0.8615829348564148,1.134035587310791
618,0.9953043460845947,0.08279214799404144,1e-05,0.861944317817688,1.1379263401031494
619,0.9956655502319336,0.08140559494495392,1e-05,0.861944317817688,1.0986937284469604
620,0.9954849481582642,0.0820087343454361,1e-05,0.8637513518333435,1.1071572303771973
621,0.9962073564529419,0.08108202368021011,1e-05,0.861944317817688,1.1870872974395752
622,0.9931370615959167,0.09348718822002411,1e-05,0.8615829348564148,1.1423629522323608
623,0.9963879585266113,0.08041857928037643,1e-05,0.8641127347946167,1.1234219074249268
624,0.9953946471214294,0.08150801062583923,1e-05,0.8662811517715454,1.1367902755737305
625,0.9961170554161072,0.08002938330173492,1e-05,0.8633899688720703,1.1269240379333496
626,0.9950333833694458,0.08483805507421494,1e-05,0.8641127347946167,1.0936617851257324
627,0.9941303730010986,0.08625204861164093,1e-05,0.8641127347946167,1.1153055429458618
628,0.9950333833694458,0.0849931389093399,1e-05,0.8637513518333435,1.1411434412002563
629,0.9961170554161072,0.08129231631755829,1e-05,0.8637513518333435,1.142511010169983
630,0.996478259563446,0.08054730296134949,1e-05,0.8641127347946167,1.0968252420425415
631,0.9947624802589417,0.08427786082029343,1e-05,0.861944317817688,1.1313129663467407
632,0.9957558512687683,0.08123768121004105,1e-05,0.8633899688720703,1.1059467792510986
633,0.9946721792221069,0.0826837420463562,1e-05,0.8637513518333435,1.0917199850082397
634,0.9953043460845947,0.083402618765831,1e-05,0.8633899688720703,1.1039001941680908
635,0.9953043460845947,0.08444174379110336,1e-05,0.8604987263679504,1.092382788658142
636,0.9953946471214294,0.08274280279874802,1e-05,0.8633899688720703,1.1236528158187866
637,0.9954849481582642,0.08002858608961105,1e-05,0.8626671433448792,1.1458057165145874
638,0.9952139854431152,0.08184275031089783,1e-05,0.8633899688720703,1.1219719648361206
639,0.9957558512687683,0.082090362906456,1e-05,0.8615829348564148,1.1337321996688843
640,0.9955752491950989,0.08344053477048874,1e-05,0.8579689264297485,1.0932323932647705
641,0.9962073564529419,0.0783655196428299,1e-05,0.8594145178794861,1.1097217798233032
642,0.9960267543792725,0.0801926702260971,1e-05,0.8586917519569397,1.1299588680267334
643,0.9948527812957764,0.08465395122766495,1e-05,0.861944317817688,1.1311817169189453
644,0.9961170554161072,0.07971033453941345,1e-05,0.8630285263061523,1.128839135169983
645,0.9955752491950989,0.08094318956136703,1e-05,0.8604987263679504,1.1257309913635254
646,0.9963879585266113,0.07916431128978729,1e-05,0.861944317817688,1.0985132455825806
647,0.9963879585266113,0.07773925364017487,1e-05,0.8597759008407593,1.08370041847229
648,0.996478259563446,0.07903939485549927,1e-05,0.8594145178794861,1.1507158279418945
649,0.9949430823326111,0.08289813995361328,1e-05,0.8612215518951416,1.116258978843689
650,0.9962976574897766,0.08161275833845139,1e-05,0.8604987263679504,1.158831238746643
651,0.9944012761116028,0.08520855754613876,1e-05,0.861944317817688,1.1097313165664673
652,0.9974715709686279,0.07522597908973694,1e-05,0.8615829348564148,1.079280972480774
653,0.9960267543792725,0.07806140929460526,1e-05,0.8576075434684753,1.176256775856018
654,0.9949430823326111,0.08486364036798477,1e-05,0.8612215518951416,1.1309152841567993
655,0.996478259563446,0.07820546627044678,1e-05,0.8637513518333435,1.1117007732391357
656,0.995846152305603,0.07905735820531845,1e-05,0.8633899688720703,1.0788494348526
657,0.996478259563446,0.08095753192901611,1e-05,0.8597759008407593,1.1429412364959717
658,0.9953946471214294,0.08040601015090942,1e-05,0.862305760383606,1.1156145334243774
659,0.9956655502319336,0.08053673803806305,1e-05,0.8626671433448792,1.135293960571289
660,0.9946721792221069,0.08301743119955063,1e-05,0.8583303093910217,1.1128467321395874
661,0.9959364533424377,0.08065549284219742,1e-05,0.8604987263679504,1.1293644905090332
662,0.9953043460845947,0.08078137040138245,1e-05,0.8604987263679504,1.1054232120513916
663,0.9970200657844543,0.07800862938165665,1e-05,0.8594145178794861,1.1357306241989136
664,0.9962976574897766,0.0797211155295372,1e-05,0.8594145178794861,1.1802867650985718
665,0.9947624802589417,0.08406580984592438,1e-05,0.856523334980011,1.1622276306152344
666,0.9953043460845947,0.08094178140163422,1e-05,0.8586917519569397,1.159733533859253
667,0.995846152305603,0.0813884437084198,1e-05,0.8583303093910217,1.1326751708984375
668,0.9957558512687683,0.07848560810089111,1e-05,0.8579689264297485,1.150678038597107
669,0.9948527812957764,0.08414524793624878,1e-05,0.8612215518951416,1.1408891677856445
670,0.9946721792221069,0.08342628180980682,1e-05,0.8601373434066772,1.105510950088501
671,0.9953946471214294,0.08191162347793579,1e-05,0.8590531349182129,1.1291799545288086
672,0.996478259563446,0.07836415618658066,1e-05,0.8576075434684753,1.1669265031814575
673,0.9956655502319336,0.07861384004354477,1e-05,0.8576075434684753,1.17024827003479
674,0.9954849481582642,0.08097843825817108,1e-05,0.8604987263679504,1.139215111732483
675,0.9957558512687683,0.07942517101764679,1e-05,0.8579689264297485,1.1620731353759766
676,0.9956655502319336,0.08109458535909653,1e-05,0.8601373434066772,1.1260180473327637
677,0.9963879585266113,0.0784529596567154,1e-05,0.8572461009025574,1.1397820711135864
678,0.9956655502319336,0.07982243597507477,1e-05,0.8601373434066772,1.1739962100982666
679,0.9939497709274292,0.0858808234333992,1e-05,0.8590531349182129,1.0809553861618042
680,0.9972006678581238,0.07552027702331543,1e-05,0.8568847179412842,1.1358885765075684
681,0.9953043460845947,0.08047795295715332,1e-05,0.856523334980011,1.173736810684204
682,0.9959364533424377,0.07876273989677429,1e-05,0.8586917519569397,1.120824933052063
683,0.9961170554161072,0.07850092649459839,1e-05,0.8594145178794861,1.2094993591308594
684,0.9966588616371155,0.07724472135305405,1e-05,0.8597759008407593,1.1519755125045776
685,0.9950333833694458,0.08309190720319748,1e-05,0.856523334980011,1.163404941558838
686,0.9953043460845947,0.08107274025678635,1e-05,0.8586917519569397,1.1493890285491943
687,0.9953043460845947,0.07927162945270538,1e-05,0.8586917519569397,1.1331876516342163
688,0.9961170554161072,0.07812540233135223,1e-05,0.862305760383606,1.1563605070114136
689,0.9957558512687683,0.07864540070295334,1e-05,0.8601373434066772,1.143574595451355
690,0.9961170554161072,0.07754185050725937,1e-05,0.8586917519569397,1.192760944366455
691,0.9954849481582642,0.08105285465717316,1e-05,0.8597759008407593,1.1747702360153198
692,0.9944915771484375,0.0830717459321022,1e-05,0.8594145178794861,1.1499110460281372
693,0.9953946471214294,0.08047427237033844,1e-05,0.8615829348564148,1.1321766376495361
694,0.9962976574897766,0.0787869542837143,1e-05,0.8604987263679504,1.1445910930633545
695,0.9959364533424377,0.08085254579782486,1e-05,0.8576075434684753,1.197838544845581
696,0.9955752491950989,0.08113288879394531,1e-05,0.8583303093910217,1.1644529104232788
697,0.9960267543792725,0.07946814596652985,1e-05,0.8604987263679504,1.1457337141036987
698,0.9954849481582642,0.0796336680650711,1e-05,0.8586917519569397,1.1053918600082397
699,0.9968394637107849,0.07643226534128189,1e-05,0.8601373434066772,1.1915297508239746
700,0.9967491626739502,0.07671176642179489,1e-05,0.8604987263679504,1.1330492496490479
701,0.9949430823326111,0.08076929301023483,1e-05,0.8597759008407593,1.1461209058761597
702,0.9970200657844543,0.07559899985790253,1e-05,0.8590531349182129,1.1834958791732788
703,0.9956655502319336,0.07930020242929459,1e-05,0.8604987263679504,1.1633691787719727
704,0.9952139854431152,0.08241375535726547,1e-05,0.8612215518951416,1.082898736000061
705,0.9960267543792725,0.07717372477054596,1e-05,0.8601373434066772,1.1278856992721558
706,0.9963879585266113,0.07636746764183044,1e-05,0.862305760383606,1.1390544176101685
707,0.9956655502319336,0.08021283149719238,1e-05,0.8630285263061523,1.1759774684906006
708,0.996478259563446,0.07761474698781967,1e-05,0.8601373434066772,1.1640831232070923
709,0.9962976574897766,0.07689310610294342,1e-05,0.8637513518333435,1.177018642425537
710,0.9941303730010986,0.08210154622793198,1e-05,0.8586917519569397,1.08954656124115
711,0.9959364533424377,0.0787912979722023,1e-05,0.8583303093910217,1.1600909233093262
712,0.9968394637107849,0.07487653940916061,1e-05,0.8597759008407593,1.1738040447235107
713,0.9959364533424377,0.07892177253961563,1e-05,0.8579689264297485,1.180038571357727
714,0.9963879585266113,0.07755070179700851,1e-05,0.8586917519569397,1.187696099281311
715,0.9956655502319336,0.08005782961845398,1e-05,0.8604987263679504,1.1677168607711792
716,0.995846152305603,0.0774892047047615,1e-05,0.8597759008407593,1.1734917163848877
717,0.9956655502319336,0.08142387121915817,1e-05,0.8612215518951416,1.166722059249878
718,0.9955752491950989,0.08063062280416489,1e-05,0.8583303093910217,1.166040301322937
719,0.9969297647476196,0.07681745290756226,1e-05,0.8608601093292236,1.1570769548416138
720,0.9962073564529419,0.07677456736564636,1e-05,0.8604987263679504,1.1429134607315063
721,0.9949430823326111,0.08046721667051315,1e-05,0.8633899688720703,1.1799083948135376
722,0.9966588616371155,0.07858385890722275,1e-05,0.862305760383606,1.1277793645858765
723,0.9955752491950989,0.07955639064311981,1e-05,0.8612215518951416,1.0810751914978027
724,0.9951236844062805,0.07873517274856567,1e-05,0.8626671433448792,1.1213113069534302
725,0.9960267543792725,0.08092422038316727,1e-05,0.865196943283081,1.1260069608688354
726,0.9951236844062805,0.08179876953363419,1e-05,0.8612215518951416,1.147688627243042
727,0.9965685606002808,0.07618013769388199,1e-05,0.8637513518333435,1.1593656539916992
728,0.9966588616371155,0.07788112014532089,1e-05,0.862305760383606,1.1374887228012085
729,0.9954849481582642,0.08037243783473969,1e-05,0.8597759008407593,1.1263123750686646
730,0.9965685606002808,0.0773237869143486,1e-05,0.8586917519569397,1.1432207822799683
731,0.9949430823326111,0.08058777451515198,1e-05,0.861944317817688,1.1332781314849854
732,0.9959364533424377,0.07585952430963516,1e-05,0.862305760383606,1.144092082977295
733,0.995846152305603,0.07783009111881256,1e-05,0.8601373434066772,1.142264723777771
734,0.9969297647476196,0.073397196829319,1e-05,0.8637513518333435,1.1465219259262085
735,0.9960267543792725,0.07754547148942947,1e-05,0.862305760383606,1.14252507686615
736,0.9959364533424377,0.0774138942360878,1e-05,0.861944317817688,1.1379661560058594
737,0.9957558512687683,0.07865417748689651,1e-05,0.8594145178794861,1.1356722116470337
738,0.9962073564529419,0.07539860904216766,1e-05,0.8626671433448792,1.1767277717590332
739,0.9973812699317932,0.07306011021137238,1e-05,0.8612215518951416,1.1357120275497437
740,0.9960267543792725,0.076983243227005,1e-05,0.861944317817688,1.1506816148757935
741,0.9954849481582642,0.07712734490633011,1e-05,0.8604987263679504,1.1497175693511963
742,0.9962073564529419,0.07732237875461578,1e-05,0.8612215518951416,1.1540708541870117
743,0.9951236844062805,0.0811384990811348,1e-05,0.8597759008407593,1.1232757568359375
744,0.9966588616371155,0.07858572155237198,1e-05,0.8608601093292236,1.1824603080749512
745,0.9967491626739502,0.0743112862110138,1e-05,0.8597759008407593,1.183369517326355
746,0.9951236844062805,0.0774771124124527,1e-05,0.8597759008407593,1.140015959739685
747,0.9962073564529419,0.07853960990905762,1e-05,0.8612215518951416,1.208863377571106
748,0.9966588616371155,0.07410630583763123,1e-05,0.8586917519569397,1.1973493099212646
749,0.9961170554161072,0.07585346698760986,1e-05,0.8594145178794861,1.2036635875701904
750,0.9957558512687683,0.07708894461393356,1e-05,0.861944317817688,1.1940940618515015
751,0.9965685606002808,0.07697884738445282,1e-05,0.8604987263679504,1.129940390586853
752,0.9959364533424377,0.07634450495243073,1e-05,0.8601373434066772,1.1945698261260986
753,0.9956655502319336,0.07897020131349564,1e-05,0.8615829348564148,1.2144291400909424
754,0.9941303730010986,0.08392515778541565,1e-05,0.8604987263679504,1.1482716798782349
755,0.9947624802589417,0.07946234196424484,1e-05,0.8601373434066772,1.1544121503829956
756,0.996478259563446,0.07539176940917969,1e-05,0.8633899688720703,1.1360710859298706
757,0.9960267543792725,0.07674365490674973,1e-05,0.861944317817688,1.1414048671722412
758,0.9953043460845947,0.07881152629852295,1e-05,0.8597759008407593,1.165418267250061
759,0.9962073564529419,0.07693058252334595,1e-05,0.862305760383606,1.0952728986740112
760,0.9966588616371155,0.07502274215221405,1e-05,0.8590531349182129,1.1449215412139893
761,0.9953946471214294,0.07893431931734085,1e-05,0.8604987263679504,1.1758017539978027
762,0.9960267543792725,0.07636334002017975,1e-05,0.8597759008407593,1.14536452293396
763,0.995846152305603,0.07638312131166458,1e-05,0.861944317817688,1.1903020143508911
764,0.9968394637107849,0.07264422625303268,1e-05,0.8630285263061523,1.184654712677002
765,0.9948527812957764,0.08059657365083694,1e-05,0.8630285263061523,1.2169837951660156
766,0.9953946471214294,0.08013508468866348,1e-05,0.8608601093292236,1.2221676111221313
767,0.9963879585266113,0.07302530854940414,1e-05,0.8594145178794861,1.1451137065887451
768,0.9953946471214294,0.07736252248287201,1e-05,0.8576075434684753,1.214438557624817
769,0.995846152305603,0.07541987299919128,1e-05,0.8626671433448792,1.1634584665298462
770,0.9955752491950989,0.07907463610172272,1e-05,0.862305760383606,1.1685978174209595
771,0.9959364533424377,0.07488502562046051,1e-05,0.8633899688720703,1.1405121088027954
772,0.9953946471214294,0.07602429389953613,1e-05,0.8626671433448792,1.1714727878570557
773,0.9971103668212891,0.07360683381557465,1e-05,0.8615829348564148,1.1647552251815796
774,0.9960267543792725,0.07944677770137787,1e-05,0.8633899688720703,1.1469477415084839
775,0.996478259563446,0.07245370000600815,1e-05,0.8615829348564148,1.1903479099273682
776,0.9968394637107849,0.07252660393714905,1e-05,0.8626671433448792,1.191296100616455
777,0.9967491626739502,0.07275533676147461,1e-05,0.8583303093910217,1.2058168649673462
778,0.9948527812957764,0.08310718834400177,1e-05,0.8576075434684753,1.200565218925476
779,0.9961170554161072,0.07389179617166519,1e-05,0.8583303093910217,1.185795545578003
780,0.996478259563446,0.07653947174549103,1e-05,0.8612215518951416,1.2325456142425537
781,0.9972006678581238,0.07060345262289047,1e-05,0.8604987263679504,1.1818076372146606
782,0.9961170554161072,0.0762585699558258,1e-05,0.8615829348564148,1.1763511896133423
783,0.9969297647476196,0.073974609375,1e-05,0.8637513518333435,1.1246230602264404
784,0.9962073564529419,0.07462608069181442,1e-05,0.8644741773605347,1.2081071138381958
785,0.9955752491950989,0.07693107426166534,1e-05,0.8641127347946167,1.1795343160629272
786,0.9968394637107849,0.07441001385450363,1e-05,0.8633899688720703,1.1630762815475464
787,0.9968394637107849,0.0725598856806755,1e-05,0.862305760383606,1.0988154411315918
788,0.9962976574897766,0.07541605830192566,1e-05,0.8604987263679504,1.1510828733444214
789,0.9957558512687683,0.07968396693468094,1e-05,0.8608601093292236,1.1511517763137817
790,0.9956655502319336,0.07566715031862259,1e-05,0.8608601093292236,1.1690024137496948
791,0.9969297647476196,0.07271791249513626,1e-05,0.8612215518951416,1.1465189456939697
792,0.996478259563446,0.07312139868736267,1e-05,0.8601373434066772,1.1672847270965576
793,0.9976521730422974,0.07072380930185318,1e-05,0.8637513518333435,1.143466591835022
794,0.9968394637107849,0.07421199232339859,1e-05,0.8644741773605347,1.190966248512268
795,0.9962976574897766,0.07699984312057495,1e-05,0.8637513518333435,1.2024568319320679
796,0.9955752491950989,0.07853028178215027,1e-05,0.8604987263679504,1.1252477169036865
797,0.9955752491950989,0.0765714943408966,1e-05,0.8633899688720703,1.1395846605300903
798,0.9953043460845947,0.07724151015281677,1e-05,0.8641127347946167,1.130679965019226
799,0.9969297647476196,0.0741325095295906,1e-05,0.8626671433448792,1.1361730098724365
800,0.9961170554161072,0.07712335139513016,1e-05,0.8594145178794861,1.158921480178833
801,0.9957558512687683,0.0770498588681221,1e-05,0.862305760383606,1.1991723775863647
802,0.9962073564529419,0.07482625544071198,1e-05,0.8641127347946167,1.1783212423324585
803,0.9955752491950989,0.07531391084194183,1e-05,0.8630285263061523,1.1135293245315552
804,0.9969297647476196,0.07396987825632095,1e-05,0.8630285263061523,1.140920877456665
805,0.9954849481582642,0.07636377960443497,1e-05,0.8604987263679504,1.1504451036453247
806,0.9959364533424377,0.07531638443470001,1e-05,0.8601373434066772,1.2028816938400269
807,0.9971103668212891,0.07079508900642395,1e-05,0.862305760383606,1.1654506921768188
808,0.9962976574897766,0.07686354219913483,1e-05,0.8608601093292236,1.181022047996521
809,0.9955752491950989,0.07790843397378922,1e-05,0.861944317817688,1.1826237440109253
810,0.9957558512687683,0.07379520684480667,1e-05,0.8604987263679504,1.1471750736236572
811,0.9959364533424377,0.07477186620235443,1e-05,0.8626671433448792,1.1343196630477905
812,0.996478259563446,0.07677198201417923,1e-05,0.8597759008407593,1.148152470588684
813,0.9969297647476196,0.07486432045698166,1e-05,0.8630285263061523,1.1547788381576538
814,0.9956655502319336,0.07491479814052582,1e-05,0.8626671433448792,1.1829369068145752
815,0.9957558512687683,0.07732710987329483,1e-05,0.8590531349182129,1.1458619832992554
816,0.9962073564529419,0.07588425278663635,1e-05,0.861944317817688,1.158949375152588
817,0.9959364533424377,0.07667873799800873,1e-05,0.8604987263679504,1.1350971460342407
818,0.9975618720054626,0.0699600875377655,1e-05,0.862305760383606,1.1273044347763062
819,0.996478259563446,0.07220922410488129,1e-05,0.8604987263679504,1.2364557981491089
820,0.9963879585266113,0.07456415146589279,1e-05,0.862305760383606,1.1622850894927979
821,0.9961170554161072,0.07210389524698257,1e-05,0.8612215518951416,1.1435686349868774
822,0.996478259563446,0.07409537583589554,1e-05,0.8601373434066772,1.2027567625045776
823,0.9965685606002808,0.07501030713319778,1e-05,0.8615829348564148,1.181667685508728
824,0.9974715709686279,0.07186708599328995,1e-05,0.8630285263061523,1.1791746616363525
825,0.9977424740791321,0.0696823000907898,1e-05,0.8601373434066772,1.1575995683670044
826,0.9975618720054626,0.07154996693134308,1e-05,0.8615829348564148,1.2181413173675537
827,0.9953043460845947,0.07860016077756882,1e-05,0.8615829348564148,1.1665401458740234
828,0.9963879585266113,0.07294098287820816,1e-05,0.8604987263679504,1.1646440029144287
829,0.9962976574897766,0.07383228838443756,1e-05,0.861944317817688,1.1864992380142212
830,0.9969297647476196,0.07282405346632004,1e-05,0.8601373434066772,1.2349263429641724
831,0.9971103668212891,0.07243610918521881,1e-05,0.8615829348564148,1.2426584959030151
832,0.9949430823326111,0.08044756203889847,1e-05,0.8637513518333435,1.115138292312622
833,0.9962976574897766,0.07260826975107193,1e-05,0.862305760383606,1.1615607738494873
834,0.9973812699317932,0.07160357385873795,1e-05,0.8644741773605347,1.167863368988037
835,0.9962976574897766,0.07549785822629929,1e-05,0.8608601093292236,1.1448137760162354
836,0.9966588616371155,0.07390881329774857,1e-05,0.8633899688720703,1.1613540649414062
837,0.9953043460845947,0.07869715243577957,1e-05,0.862305760383606,1.1485655307769775
838,0.9956655502319336,0.07570495456457138,1e-05,0.8626671433448792,1.14724862575531
839,0.9948527812957764,0.07837741076946259,1e-05,0.8633899688720703,1.142853856086731
840,0.996478259563446,0.07332489639520645,1e-05,0.8637513518333435,1.1492643356323242
841,0.9956655502319336,0.07516556978225708,1e-05,0.8641127347946167,1.1644997596740723
842,0.9961170554161072,0.07203691452741623,1e-05,0.8612215518951416,1.1027603149414062
843,0.9951236844062805,0.07559896260499954,1e-05,0.8608601093292236,1.1791783571243286
844,0.9963879585266113,0.07190614938735962,1e-05,0.8641127347946167,1.149328351020813
845,0.9972006678581238,0.07083556801080704,1e-05,0.8626671433448792,1.1809874773025513
846,0.9966588616371155,0.07295910269021988,1e-05,0.8630285263061523,1.155293583869934
847,0.9971103668212891,0.06984786689281464,1e-05,0.8615829348564148,1.196656346321106
848,0.995846152305603,0.0740254744887352,1e-05,0.8626671433448792,1.1593787670135498
849,0.9950333833694458,0.07717016339302063,1e-05,0.8590531349182129,1.1794462203979492
850,0.9953946471214294,0.07419383525848389,1e-05,0.8630285263061523,1.1277310848236084
851,0.9972006678581238,0.07058685272932053,1e-05,0.8615829348564148,1.1522542238235474
852,0.9966588616371155,0.07313113659620285,1e-05,0.862305760383606,1.189620018005371
853,0.9972006678581238,0.06980163604021072,1e-05,0.8594145178794861,1.116262435913086
854,0.9959364533424377,0.07679538428783417,1e-05,0.8633899688720703,1.122304916381836
855,0.9962073564529419,0.07358595728874207,1e-05,0.8608601093292236,1.1660716533660889
856,0.9973812699317932,0.07017012685537338,1e-05,0.8630285263061523,1.16838800907135
857,0.9975618720054626,0.06874630600214005,1e-05,0.8630285263061523,1.1767562627792358
858,0.9962073564529419,0.07598677277565002,1e-05,0.8601373434066772,1.1923702955245972
859,0.9965685606002808,0.0743938460946083,1e-05,0.862305760383606,1.2000668048858643
860,0.9956655502319336,0.07386960089206696,1e-05,0.8644741773605347,1.1031566858291626
861,0.995846152305603,0.07305170595645905,1e-05,0.8659197688102722,1.1797778606414795
862,0.996478259563446,0.07041214406490326,1e-05,0.8604987263679504,1.1320123672485352
863,0.9972006678581238,0.07187411934137344,1e-05,0.8637513518333435,1.1695555448532104
864,0.9970200657844543,0.07061752676963806,1e-05,0.865196943283081,1.1365116834640503
865,0.996478259563446,0.07089687883853912,1e-05,0.8601373434066772,1.1469371318817139
866,0.9971103668212891,0.07111947983503342,1e-05,0.8626671433448792,1.1950381994247437
867,0.9959364533424377,0.07588281482458115,1e-05,0.8615829348564148,1.1614971160888672
868,0.9961170554161072,0.07084570825099945,1e-05,0.861944317817688,1.1587002277374268
869,0.9968394637107849,0.071839340031147,1e-05,0.8626671433448792,1.1991938352584839
870,0.9947624802589417,0.07707007229328156,1e-05,0.861944317817688,1.1836720705032349
871,0.9972006678581238,0.07008589804172516,1e-05,0.8590531349182129,1.1884033679962158
872,0.9954849481582642,0.0750352144241333,1e-05,0.862305760383606,1.1675626039505005
873,0.9963879585266113,0.07145741581916809,1e-05,0.862305760383606,1.1668646335601807
874,0.995846152305603,0.07543444633483887,1e-05,0.8612215518951416,1.1524497270584106
875,0.9975618720054626,0.06961248815059662,1e-05,0.8604987263679504,1.1877548694610596
876,0.9967491626739502,0.07037723809480667,1e-05,0.8608601093292236,1.2067830562591553
877,0.9959364533424377,0.07441500574350357,1e-05,0.8601373434066772,1.1933660507202148
878,0.9972909688949585,0.06951982527971268,1e-05,0.8590531349182129,1.1531670093536377
879,0.9959364533424377,0.07493069022893906,1e-05,0.8590531349182129,1.1693297624588013
880,0.9961170554161072,0.07368919253349304,1e-05,0.8604987263679504,1.1674964427947998
881,0.995846152305603,0.07358305901288986,1e-05,0.8612215518951416,1.144171118736267
882,0.9972006678581238,0.07025352865457535,1e-05,0.8626671433448792,1.1798244714736938
883,0.9973812699317932,0.07026715576648712,1e-05,0.8604987263679504,1.1262106895446777
884,0.9970200657844543,0.07212502509355545,1e-05,0.8641127347946167,1.151328444480896
885,0.9962976574897766,0.0722254067659378,1e-05,0.8641127347946167,1.1658120155334473
886,0.9965685606002808,0.0710543766617775,1e-05,0.8608601093292236,1.1440739631652832
887,0.9961170554161072,0.07437636703252792,1e-05,0.8615829348564148,1.1985872983932495
888,0.9972909688949585,0.0684552788734436,1e-05,0.862305760383606,1.1749908924102783
889,0.9959364533424377,0.07316622883081436,1e-05,0.8630285263061523,1.135072946548462
890,0.9960267543792725,0.07487281411886215,1e-05,0.861944317817688,1.1609477996826172
891,0.9961170554161072,0.0730629563331604,1e-05,0.8597759008407593,1.19369637966156
892,0.9972909688949585,0.06974185258150101,1e-05,0.862305760383606,1.1724371910095215
893,0.9959364533424377,0.07573148608207703,1e-05,0.862305760383606,1.1500272750854492
894,0.9965685606002808,0.07005369663238525,1e-05,0.8644741773605347,1.18070650100708
895,0.9972006678581238,0.06978092342615128,1e-05,0.8644741773605347,1.1741993427276611
896,0.9963879585266113,0.07313311100006104,1e-05,0.8673653602600098,1.138375163078308
897,0.9973812699317932,0.0700240358710289,1e-05,0.865196943283081,1.1669700145721436
898,0.9968394637107849,0.07158606499433517,1e-05,0.8648355603218079,1.1725234985351562
899,0.9962073564529419,0.07284925132989883,1e-05,0.8648355603218079,1.107959508895874
900,0.9961170554161072,0.07358187437057495,1e-05,0.865196943283081,1.139716625213623
901,0.9945818781852722,0.07622384279966354,1e-05,0.8633899688720703,1.122404932975769
902,0.9957558512687683,0.07485070079565048,1e-05,0.8641127347946167,1.0418189764022827
903,0.9961170554161072,0.07192568480968475,1e-05,0.8626671433448792,1.1125190258026123
904,0.996478259563446,0.07103550434112549,1e-05,0.8601373434066772,1.1465191841125488
905,0.9967491626739502,0.07215116918087006,1e-05,0.8637513518333435,1.1636857986450195
906,0.9971103668212891,0.06877893954515457,1e-05,0.8630285263061523,1.1902695894241333
907,0.9968394637107849,0.07124235481023788,1e-05,0.8633899688720703,1.1322705745697021
908,0.9962073564529419,0.0718790739774704,1e-05,0.8641127347946167,1.1276088953018188
909,0.9968394637107849,0.07070716470479965,1e-05,0.8604987263679504,1.1725950241088867
910,0.9963879585266113,0.07418461889028549,1e-05,0.8601373434066772,1.202251672744751
911,0.9965685606002808,0.07134101539850235,1e-05,0.862305760383606,1.148375153541565
912,0.9969297647476196,0.07335090637207031,1e-05,0.8601373434066772,1.2012274265289307
913,0.9970200657844543,0.06994836032390594,1e-05,0.861944317817688,1.1941970586776733
914,0.9976521730422974,0.06660658121109009,1e-05,0.8594145178794861,1.1661183834075928
915,0.9962073564529419,0.07205890864133835,1e-05,0.8637513518333435,1.1996203660964966
916,0.996478259563446,0.07092807441949844,1e-05,0.8648355603218079,1.1710643768310547
917,0.9967491626739502,0.06911183893680573,1e-05,0.8633899688720703,1.188583493232727
918,0.9965685606002808,0.07264185696840286,1e-05,0.862305760383606,1.2302191257476807
919,0.9956655502319336,0.07326990365982056,1e-05,0.8670039772987366,1.142486572265625
920,0.9962073564529419,0.07190096378326416,1e-05,0.8641127347946167,1.1369726657867432
921,0.9967491626739502,0.06985966116189957,1e-05,0.8648355603218079,1.13189697265625
922,0.9973812699317932,0.06622321903705597,1e-05,0.861944317817688,1.199067234992981
923,0.9966588616371155,0.07310177385807037,1e-05,0.8633899688720703,1.15700364112854
924,0.9954849481582642,0.07380678504705429,1e-05,0.865196943283081,1.1716597080230713
925,0.9959364533424377,0.07372171431779861,1e-05,0.8644741773605347,1.169627070426941
926,0.9968394637107849,0.07038858532905579,1e-05,0.8637513518333435,1.1567038297653198
927,0.9975618720054626,0.06887807697057724,1e-05,0.8633899688720703,1.2039462327957153
928,0.9972006678581238,0.06966298073530197,1e-05,0.8641127347946167,1.186779260635376
929,0.9970200657844543,0.06892251968383789,1e-05,0.8644741773605347,1.1516444683074951
930,0.9960267543792725,0.07148707658052444,1e-05,0.8604987263679504,1.1224560737609863
931,0.9965685606002808,0.07226402312517166,1e-05,0.8637513518333435,1.2012419700622559
932,0.9967491626739502,0.07072155177593231,1e-05,0.8608601093292236,1.134660005569458
933,0.9963879585266113,0.06963187456130981,1e-05,0.861944317817688,1.1853774785995483
934,0.9971103668212891,0.06858410686254501,1e-05,0.865558385848999,1.1924972534179688
935,0.9971103668212891,0.06734268367290497,1e-05,0.865558385848999,1.2081282138824463
936,0.9965685606002808,0.07292944937944412,1e-05,0.8666425943374634,1.232730507850647
937,0.9962976574897766,0.07096009701490402,1e-05,0.8641127347946167,1.1944260597229004
938,0.9966588616371155,0.06907131522893906,1e-05,0.8633899688720703,1.1301215887069702
939,0.9973812699317932,0.06772743165493011,1e-05,0.862305760383606,1.2026634216308594
940,0.9967491626739502,0.0705781877040863,1e-05,0.8583303093910217,1.2064266204833984
941,0.9966588616371155,0.07077567279338837,1e-05,0.8644741773605347,1.1635866165161133
942,0.9973812699317932,0.06887951493263245,1e-05,0.8659197688102722,1.2130911350250244
943,0.9960267543792725,0.07064618170261383,1e-05,0.8626671433448792,1.1351351737976074
944,0.9967491626739502,0.0702417716383934,1e-05,0.8648355603218079,1.1870629787445068
945,0.9972006678581238,0.06901311129331589,1e-05,0.8641127347946167,1.1774263381958008
946,0.9962976574897766,0.0736887976527214,1e-05,0.8633899688720703,1.2262442111968994
947,0.9976521730422974,0.066245898604393,1e-05,0.8644741773605347,1.1965303421020508
948,0.9971103668212891,0.07037357240915298,1e-05,0.8637513518333435,1.2513352632522583
949,0.9965685606002808,0.06665223836898804,1e-05,0.8644741773605347,1.2481988668441772
950,0.9963879585266113,0.06932467967271805,1e-05,0.865196943283081,1.1685370206832886
951,0.9972909688949585,0.06706202030181885,1e-05,0.865196943283081,1.1869971752166748
952,0.9968394637107849,0.06918492168188095,1e-05,0.861944317817688,1.1789228916168213
953,0.9968394637107849,0.06852057576179504,1e-05,0.865196943283081,1.201236605644226
954,0.996478259563446,0.06960471719503403,1e-05,0.8666425943374634,1.1479157209396362
955,0.9965685606002808,0.06995468586683273,1e-05,0.8644741773605347,1.1711881160736084
956,0.9967491626739502,0.07169902324676514,1e-05,0.8670039772987366,1.1480281352996826
957,0.9965685606002808,0.06926276534795761,1e-05,0.8659197688102722,1.1572474241256714
958,0.9969297647476196,0.0694737359881401,1e-05,0.8644741773605347,1.1246634721755981
959,0.9963879585266113,0.06950259208679199,1e-05,0.861944317817688,1.177196979522705
960,0.9960267543792725,0.07169844955205917,1e-05,0.8597759008407593,1.2471919059753418
961,0.9969297647476196,0.06914456933736801,1e-05,0.8597759008407593,1.2347774505615234
962,0.9970200657844543,0.07041589915752411,1e-05,0.8612215518951416,1.179900884628296
963,0.9971103668212891,0.0688697099685669,1e-05,0.8673653602600098,1.1873738765716553
964,0.9967491626739502,0.06930963695049286,1e-05,0.8648355603218079,1.1816421747207642
965,0.9962976574897766,0.0721520185470581,1e-05,0.8626671433448792,1.2127925157546997
966,0.9976521730422974,0.06599240750074387,1e-05,0.8659197688102722,1.2064151763916016
967,0.9967491626739502,0.07073699682950974,1e-05,0.8626671433448792,1.182692050933838
968,0.9974715709686279,0.06931012868881226,1e-05,0.8648355603218079,1.195939540863037
969,0.9978327751159668,0.06573624908924103,1e-05,0.865558385848999,1.1854381561279297
970,0.9963879585266113,0.07065670937299728,1e-05,0.8630285263061523,1.181572675704956
971,0.9959364533424377,0.06902965158224106,1e-05,0.861944317817688,1.186597466468811
972,0.9971103668212891,0.0675988495349884,1e-05,0.865196943283081,1.2161095142364502
973,0.9970200657844543,0.06968303769826889,1e-05,0.862305760383606,1.224469542503357
974,0.9968394637107849,0.06853552907705307,1e-05,0.8641127347946167,1.164116621017456
975,0.9965685606002808,0.07266096770763397,1e-05,0.8644741773605347,1.1429036855697632
976,0.9963879585266113,0.07236415892839432,1e-05,0.8601373434066772,1.1523106098175049
977,0.9968394637107849,0.06967590004205704,1e-05,0.8590531349182129,1.2274144887924194
978,0.996478259563446,0.07130882889032364,1e-05,0.862305760383606,1.164218544960022
979,0.9976521730422974,0.06703934073448181,1e-05,0.8641127347946167,1.1315425634384155
980,0.9966588616371155,0.06988111138343811,1e-05,0.8626671433448792,1.182987928390503
981,0.9969297647476196,0.06788033992052078,1e-05,0.8601373434066772,1.2021160125732422
982,0.9965685606002808,0.07087715715169907,1e-05,0.8644741773605347,1.1535143852233887
983,0.9966588616371155,0.06615108996629715,1e-05,0.8626671433448792,1.180564045906067
984,0.9968394637107849,0.06755989044904709,1e-05,0.8633899688720703,1.2005854845046997
985,0.9975618720054626,0.06643635034561157,1e-05,0.8633899688720703,1.2414114475250244
986,0.9969297647476196,0.06904567033052444,1e-05,0.8597759008407593,1.2378966808319092
987,0.9963879585266113,0.07187947630882263,1e-05,0.861944317817688,1.2173978090286255
988,0.9976521730422974,0.06547902524471283,1e-05,0.861944317817688,1.200861930847168
989,0.9962073564529419,0.07124847173690796,1e-05,0.861944317817688,1.1782946586608887
990,0.9957558512687683,0.07103922963142395,1e-05,0.8601373434066772,1.1743394136428833
991,0.9963879585266113,0.06899365037679672,1e-05,0.8641127347946167,1.1319750547409058
992,0.9970200657844543,0.06794474273920059,1e-05,0.8644741773605347,1.142943024635315
993,0.9974715709686279,0.06602105498313904,1e-05,0.8644741773605347,1.223433494567871
994,0.9968394637107849,0.0689208060503006,1e-05,0.8630285263061523,1.2249114513397217
995,0.9967491626739502,0.06964698433876038,1e-05,0.8608601093292236,1.2819719314575195
996,0.9955752491950989,0.07326393574476242,1e-05,0.8615829348564148,1.2241907119750977
997,0.9975618720054626,0.06564582139253616,1e-05,0.861944317817688,1.1715768575668335
998,0.9965685606002808,0.0682518258690834,1e-05,0.8648355603218079,1.1885194778442383
999,0.9966588616371155,0.07147835195064545,1e-05,0.8626671433448792,1.1739702224731445
1000,0.996478259563446,0.06779409199953079,1e-05,0.8633899688720703,1.2335740327835083
1001,0.9967491626739502,0.0706763043999672,1e-05,0.8615829348564148,1.1611098051071167
1002,0.9967491626739502,0.0678756982088089,1e-05,0.8670039772987366,1.2235199213027954
1003,0.9975618720054626,0.06590675562620163,1e-05,0.8637513518333435,1.2001852989196777
1004,0.996478259563446,0.06958933919668198,1e-05,0.8670039772987366,1.1858710050582886
1005,0.9965685606002808,0.0695003941655159,1e-05,0.8666425943374634,1.150048017501831
1006,0.996478259563446,0.06893674284219742,1e-05,0.865558385848999,1.1580250263214111
1007,0.9972909688949585,0.06957346946001053,1e-05,0.8637513518333435,1.1859768629074097
1008,0.9962976574897766,0.0703759640455246,1e-05,0.8637513518333435,1.2049123048782349
1009,0.9969297647476196,0.06745679676532745,1e-05,0.861944317817688,1.132208228111267
1010,0.996478259563446,0.06876615434885025,1e-05,0.865196943283081,1.1559710502624512
1011,0.9966588616371155,0.06885991990566254,1e-05,0.8615829348564148,1.1815272569656372
1012,0.9967491626739502,0.06921229511499405,1e-05,0.862305760383606,1.096216082572937
1013,0.9961170554161072,0.06772159039974213,1e-05,0.8637513518333435,1.138106107711792
1014,0.9972006678581238,0.06559840589761734,1e-05,0.8670039772987366,1.128775715827942
1015,0.9966588616371155,0.06806683540344238,1e-05,0.8633899688720703,1.1189733743667603
1016,0.9975618720054626,0.06517255306243896,1e-05,0.8641127347946167,1.1826432943344116
1017,0.9969297647476196,0.06607116013765335,1e-05,0.8648355603218079,1.204221248626709
1018,0.9975618720054626,0.06690724194049835,1e-05,0.8644741773605347,1.1684770584106445
1019,0.9968394637107849,0.06995568424463272,1e-05,0.8604987263679504,1.1907901763916016
1020,0.9950333833694458,0.07151561230421066,1e-05,0.8615829348564148,1.178389072418213
1021,0.996478259563446,0.06767403334379196,1e-05,0.8615829348564148,1.1598851680755615
1022,0.995846152305603,0.07229358702898026,1e-05,0.8630285263061523,1.162409782409668
1023,0.9960267543792725,0.06953378021717072,1e-05,0.8626671433448792,1.1956005096435547
1024,0.9973812699317932,0.06606439501047134,1e-05,0.8604987263679504,1.13746178150177
1025,0.9969297647476196,0.06992901116609573,1e-05,0.8644741773605347,1.187553882598877
1026,0.9972006678581238,0.064955934882164,1e-05,0.8615829348564148,1.1846550703048706
1027,0.996478259563446,0.06951693445444107,1e-05,0.8648355603218079,1.102114200592041
1028,0.996478259563446,0.06634169816970825,1e-05,0.8626671433448792,1.1739474534988403
1029,0.9970200657844543,0.06788606941699982,1e-05,0.8612215518951416,1.1676299571990967
1030,0.9961170554161072,0.06968473643064499,1e-05,0.865196943283081,1.1702340841293335
1031,0.9978327751159668,0.06305097043514252,1e-05,0.8626671433448792,1.153167724609375
1032,0.9961170554161072,0.07048781216144562,1e-05,0.8641127347946167,1.1555044651031494
1033,0.9961170554161072,0.06958703696727753,1e-05,0.8644741773605347,1.1397452354431152
1034,0.9961170554161072,0.06887082010507584,1e-05,0.8594145178794861,1.1664210557937622
1035,0.9970200657844543,0.06565932929515839,1e-05,0.861944317817688,1.1687679290771484
1036,0.9968394637107849,0.06970006227493286,1e-05,0.8601373434066772,1.1456668376922607
1037,0.9971103668212891,0.06474912911653519,1e-05,0.8590531349182129,1.180403470993042
1038,0.996478259563446,0.0665140450000763,1e-05,0.8633899688720703,1.1670244932174683
1039,0.9972006678581238,0.06801460683345795,1e-05,0.8612215518951416,1.1526353359222412
1040,0.9975618720054626,0.0659562274813652,1e-05,0.8633899688720703,1.2500191926956177
1041,0.9974715709686279,0.06599348038434982,1e-05,0.8604987263679504,1.1759790182113647
1042,0.9962976574897766,0.0669616237282753,1e-05,0.8615829348564148,1.2125252485275269
1043,0.9976521730422974,0.06454001367092133,1e-05,0.8615829348564148,1.1964067220687866
1044,0.9976521730422974,0.06530510634183884,1e-05,0.8604987263679504,1.2149840593338013
1045,0.9972909688949585,0.06561234593391418,1e-05,0.8612215518951416,1.179930567741394
1046,0.9963879585266113,0.06901832669973373,1e-05,0.861944317817688,1.1801979541778564
1047,0.9960267543792725,0.06927131861448288,1e-05,0.8641127347946167,1.173712134361267
1048,0.9954849481582642,0.07060910761356354,1e-05,0.8626671433448792,1.151477575302124
1049,0.9966588616371155,0.0660945400595665,1e-05,0.8601373434066772,1.223465919494629
1050,0.9968394637107849,0.06688150018453598,1e-05,0.8648355603218079,1.1841577291488647
1051,0.9978327751159668,0.06469160318374634,1e-05,0.8633899688720703,1.2073818445205688
1052,0.9959364533424377,0.06682469695806503,1e-05,0.8615829348564148,1.149893045425415
1053,0.9977424740791321,0.06386995315551758,1e-05,0.8626671433448792,1.1748576164245605
1054,0.9967491626739502,0.06651037186384201,1e-05,0.8637513518333435,1.1817761659622192
1055,0.9969297647476196,0.06573013216257095,1e-05,0.861944317817688,1.1706119775772095
1056,0.9979230761528015,0.06425875425338745,1e-05,0.8601373434066772,1.2248939275741577
1057,0.9960267543792725,0.0689346194267273,1e-05,0.8630285263061523,1.1993200778961182
1058,0.9972909688949585,0.06656081229448318,1e-05,0.862305760383606,1.144788384437561
1059,0.9978327751159668,0.06356006860733032,1e-05,0.862305760383606,1.1800774335861206
1060,0.9961170554161072,0.06654296815395355,1e-05,0.862305760383606,1.2126948833465576
1061,0.9972909688949585,0.06535690277814865,1e-05,0.8597759008407593,1.1450674533843994
1062,0.9966588616371155,0.06689822673797607,1e-05,0.861944317817688,1.159637451171875
1063,0.9962976574897766,0.06992373615503311,1e-05,0.861944317817688,1.1395083665847778
1064,0.9974715709686279,0.06505503505468369,1e-05,0.8644741773605347,1.187721848487854
1065,0.9963879585266113,0.06668289005756378,1e-05,0.8648355603218079,1.1592659950256348
1066,0.9979230761528015,0.06430836766958237,1e-05,0.8644741773605347,1.1545188426971436
1067,0.9970200657844543,0.06472759693861008,1e-05,0.8666425943374634,1.154833436012268
1068,0.9967491626739502,0.06407885253429413,1e-05,0.8641127347946167,1.2017971277236938
1069,0.9972006678581238,0.06448132544755936,1e-05,0.8626671433448792,1.185572862625122
1070,0.9970200657844543,0.06683529913425446,1e-05,0.861944317817688,1.1664103269577026
1071,0.9968394637107849,0.06853184103965759,1e-05,0.865196943283081,1.122043490409851
1072,0.9963879585266113,0.06676764041185379,1e-05,0.8637513518333435,1.1578660011291504
1073,0.9963879585266113,0.06796905398368835,1e-05,0.8641127347946167,1.1963225603103638
1074,0.9960267543792725,0.06927032023668289,1e-05,0.8633899688720703,1.160669207572937
1075,0.9970200657844543,0.0661604106426239,1e-05,0.8608601093292236,1.147825837135315
1076,0.9976521730422974,0.06417407840490341,1e-05,0.8648355603218079,1.1467121839523315
1077,0.9978327751159668,0.06298144161701202,1e-05,0.865558385848999,1.181205153465271
1078,0.9955752491950989,0.06866098195314407,1e-05,0.865558385848999,1.165325403213501
1079,0.996478259563446,0.06691191345453262,1e-05,0.8641127347946167,1.1648331880569458
1080,0.9975618720054626,0.06446512043476105,1e-05,0.8648355603218079,1.144718050956726
1081,0.9969297647476196,0.06704188138246536,1e-05,0.8659197688102722,1.133462905883789
1082,0.9974715709686279,0.062106188386678696,1e-05,0.8604987263679504,1.1263723373413086
1083,0.9977424740791321,0.06412306427955627,1e-05,0.865196943283081,1.2044070959091187
1084,0.9965685606002808,0.06434972584247589,1e-05,0.8648355603218079,1.1826306581497192
1085,0.9969297647476196,0.06701737642288208,1e-05,0.861944317817688,1.2095414400100708
1086,0.9968394637107849,0.06512684375047684,1e-05,0.8641127347946167,1.218239188194275
1087,0.9963879585266113,0.06838630139827728,1e-05,0.8641127347946167,1.2025916576385498
1088,0.9970200657844543,0.06391476839780807,1e-05,0.865558385848999,1.163572907447815
1089,0.9975618720054626,0.06183528155088425,1e-05,0.8666425943374634,1.1699283123016357
1090,0.9962073564529419,0.06839784979820251,1e-05,0.8633899688720703,1.169066309928894
1091,0.9962976574897766,0.06817968934774399,1e-05,0.8626671433448792,1.1760457754135132
1092,0.9966588616371155,0.06662299484014511,1e-05,0.8662811517715454,1.1552062034606934
1093,0.9969297647476196,0.06475920230150223,1e-05,0.8644741773605347,1.1898294687271118
1094,0.9967491626739502,0.06611595302820206,1e-05,0.8633899688720703,1.1637322902679443
1095,0.9972006678581238,0.06481601297855377,1e-05,0.865196943283081,1.1543306112289429
1096,0.996478259563446,0.06554911285638809,1e-05,0.8677268028259277,1.1773028373718262
1097,0.9973812699317932,0.06444890052080154,1e-05,0.865558385848999,1.1609264612197876
1098,0.9972909688949585,0.06669891625642776,1e-05,0.8680881857872009,1.1823222637176514
1099,0.9968394637107849,0.06319842487573624,1e-05,0.8641127347946167,1.1730576753616333
1100,0.9963879585266113,0.06480362266302109,1e-05,0.8633899688720703,1.1838374137878418
1101,0.9970200657844543,0.06651607155799866,1e-05,0.8641127347946167,1.1420724391937256
1102,0.9972006678581238,0.06280414760112762,1e-05,0.8680881857872009,1.1354458332061768
1103,0.9967491626739502,0.06577517837285995,1e-05,0.8691723942756653,1.2046023607254028
1104,0.9979230761528015,0.061400193721055984,1e-05,0.8691723942756653,1.1696697473526
1105,0.9972909688949585,0.0637073889374733,1e-05,0.8662811517715454,1.2083553075790405
1106,0.9962073564529419,0.0695061981678009,1e-05,0.8641127347946167,1.1812881231307983
1107,0.9968394637107849,0.06383036822080612,1e-05,0.8677268028259277,1.1139048337936401
1108,0.9965685606002808,0.06757459789514542,1e-05,0.8662811517715454,1.15599524974823
1109,0.9965685606002808,0.06550994515419006,1e-05,0.8641127347946167,1.180418848991394
1110,0.9965685606002808,0.06962314248085022,1e-05,0.8680881857872009,1.1657644510269165
1111,0.9972006678581238,0.06297514587640762,1e-05,0.861944317817688,1.1818203926086426
1112,0.9962073564529419,0.06711108982563019,1e-05,0.865196943283081,1.1968053579330444
1113,0.9961170554161072,0.06775759160518646,1e-05,0.8601373434066772,1.176392912864685
1114,0.9972909688949585,0.06324116885662079,1e-05,0.8659197688102722,1.1366251707077026
1115,0.9977424740791321,0.06398197263479233,1e-05,0.8612215518951416,1.146364688873291
1116,0.9966588616371155,0.06541349738836288,1e-05,0.865196943283081,1.1038994789123535
1117,0.9966588616371155,0.06588942557573318,1e-05,0.8608601093292236,1.1245973110198975
1118,0.9970200657844543,0.06515485793352127,1e-05,0.865196943283081,1.2072280645370483
1119,0.9969297647476196,0.06521455198526382,1e-05,0.8648355603218079,1.2009321451187134
1120,0.9972006678581238,0.06452351063489914,1e-05,0.8633899688720703,1.1692878007888794
1121,0.9976521730422974,0.06203866004943848,1e-05,0.8633899688720703,1.2306948900222778
1122,0.9969297647476196,0.06849177181720734,1e-05,0.8633899688720703,1.1691726446151733
1123,0.995846152305603,0.06579313427209854,1e-05,0.8601373434066772,1.2351438999176025
1124,0.9966588616371155,0.06708919256925583,1e-05,0.8572461009025574,1.2103980779647827
1125,0.995846152305603,0.06807626038789749,1e-05,0.862305760383606,1.2425097227096558
1126,0.9972006678581238,0.0625450536608696,1e-05,0.865558385848999,1.1642426252365112
1127,0.9968394637107849,0.06346721947193146,1e-05,0.865558385848999,1.2188754081726074
1128,0.9972006678581238,0.06422271579504013,1e-05,0.8630285263061523,1.143356204032898
1129,0.9972909688949585,0.06441327929496765,1e-05,0.8677268028259277,1.1785616874694824
1130,0.996478259563446,0.0643402636051178,1e-05,0.8630285263061523,1.1709774732589722
1131,0.9967491626739502,0.0670444518327713,1e-05,0.8626671433448792,1.1271159648895264
1132,0.9974715709686279,0.06388548016548157,1e-05,0.862305760383606,1.1732031106948853
1133,0.9972006678581238,0.06253749132156372,1e-05,0.861944317817688,1.170491099357605
1134,0.9960267543792725,0.06937076151371002,1e-05,0.8612215518951416,1.1965069770812988
1135,0.9968394637107849,0.06236543878912926,1e-05,0.8644741773605347,1.1798208951950073
1136,0.9969297647476196,0.06394366174936295,1e-05,0.8626671433448792,1.2150181531906128
1137,0.9956655502319336,0.06985608488321304,1e-05,0.8684495687484741,1.1767290830612183
1138,0.9969297647476196,0.06418851763010025,1e-05,0.862305760383606,1.193762183189392
1139,0.9974715709686279,0.06478656083345413,1e-05,0.8641127347946167,1.1446423530578613
1140,0.9976521730422974,0.061570435762405396,1e-05,0.8615829348564148,1.1546037197113037
1141,0.9965685606002808,0.06403183192014694,1e-05,0.8637513518333435,1.1588752269744873
1142,0.9975618720054626,0.06374911218881607,1e-05,0.8626671433448792,1.1745820045471191
1143,0.9967491626739502,0.06470592319965363,1e-05,0.8608601093292236,1.115239143371582
1144,0.9974715709686279,0.06485458463430405,1e-05,0.8630285263061523,1.1738821268081665
1145,0.9963879585266113,0.06566807627677917,1e-05,0.8590531349182129,1.1592552661895752
1146,0.9969297647476196,0.0624416284263134,1e-05,0.862305760383606,1.1734669208526611
1147,0.9970200657844543,0.06492211669683456,1e-05,0.8641127347946167,1.1551079750061035
1148,0.9969297647476196,0.06516410410404205,1e-05,0.8630285263061523,1.190116047859192
1149,0.9972909688949585,0.06296100467443466,1e-05,0.8633899688720703,1.1643098592758179
1150,0.9977424740791321,0.0626203641295433,1e-05,0.8659197688102722,1.1695077419281006
1151,0.9971103668212891,0.06374353170394897,1e-05,0.8662811517715454,1.2224587202072144
1152,0.9968394637107849,0.06518451869487762,1e-05,0.865196943283081,1.1633211374282837
1153,0.9974715709686279,0.06162354350090027,1e-05,0.865196943283081,1.182477593421936
1154,0.9969297647476196,0.06434136629104614,1e-05,0.865558385848999,1.196468472480774
1155,0.9968394637107849,0.06463278830051422,1e-05,0.8648355603218079,1.1997907161712646
1156,0.996478259563446,0.06679068505764008,1e-05,0.8673653602600098,1.1701586246490479
1157,0.9972006678581238,0.06291118264198303,1e-05,0.8641127347946167,1.192480444908142
1158,0.9966588616371155,0.0657469853758812,1e-05,0.8648355603218079,1.2227729558944702
1159,0.9969297647476196,0.06571122258901596,1e-05,0.8615829348564148,1.1991418600082397
1160,0.998103678226471,0.05990251153707504,1e-05,0.8659197688102722,1.2135393619537354
1161,0.9972006678581238,0.06229453906416893,1e-05,0.8641127347946167,1.2685260772705078
1162,0.9971103668212891,0.06138071417808533,1e-05,0.865196943283081,1.2049120664596558
1163,0.9980133771896362,0.059109847992658615,1e-05,0.8644741773605347,1.2602051496505737
1164,0.9970200657844543,0.06401218473911285,1e-05,0.8615829348564148,1.2584282159805298
1165,0.9972006678581238,0.06563779711723328,1e-05,0.8637513518333435,1.2701212167739868
1166,0.996478259563446,0.06622613966464996,1e-05,0.8608601093292236,1.2890863418579102
1167,0.9978327751159668,0.062348391860723495,1e-05,0.8604987263679504,1.2366958856582642
1168,0.9967491626739502,0.06652647256851196,1e-05,0.862305760383606,1.2087011337280273
1169,0.9962073564529419,0.06794082373380661,1e-05,0.8608601093292236,1.1490719318389893
1170,0.9968394637107849,0.06408457458019257,1e-05,0.8608601093292236,1.2033860683441162
1171,0.9976521730422974,0.06016412004828453,1e-05,0.8641127347946167,1.1696909666061401
1172,0.9968394637107849,0.06310799717903137,1e-05,0.8641127347946167,1.1878437995910645
1173,0.9974715709686279,0.05986041575670242,1e-05,0.8601373434066772,1.1680434942245483
1174,0.9965685606002808,0.06372849643230438,1e-05,0.8680881857872009,1.227704644203186
1175,0.9970200657844543,0.06154308095574379,1e-05,0.8604987263679504,1.197005033493042
1176,0.996478259563446,0.06739772111177444,1e-05,0.8633899688720703,1.2085055112838745
1177,0.9972006678581238,0.06276849657297134,1e-05,0.8670039772987366,1.134057879447937
1178,0.9968394637107849,0.06292930245399475,1e-05,0.8608601093292236,1.1751216650009155
1179,0.9973812699317932,0.06123765558004379,1e-05,0.865196943283081,1.1895431280136108
1180,0.9971103668212891,0.06206072121858597,1e-05,0.862305760383606,1.1929411888122559
1181,0.9974715709686279,0.06353815644979477,1e-05,0.8659197688102722,1.1631877422332764
1182,0.9979230761528015,0.06009456887841225,1e-05,0.8626671433448792,1.2160706520080566
1183,0.9977424740791321,0.06129810959100723,1e-05,0.865196943283081,1.2294697761535645
1184,0.9968394637107849,0.06295239180326462,1e-05,0.8659197688102722,1.2378681898117065
1185,0.9970200657844543,0.06331522017717361,1e-05,0.8666425943374634,1.1880147457122803
1186,0.9963879585266113,0.06588665395975113,1e-05,0.8659197688102722,1.147230625152588
1187,0.9974715709686279,0.0615663081407547,1e-05,0.8662811517715454,1.1578837633132935
1188,0.9978327751159668,0.06425142288208008,1e-05,0.865196943283081,1.117629885673523
1189,0.9970200657844543,0.06529180705547333,1e-05,0.8659197688102722,1.1965824365615845
1190,0.9963879585266113,0.06640348583459854,1e-05,0.8695337772369385,1.2153476476669312
1191,0.9980133771896362,0.06244088336825371,1e-05,0.8673653602600098,1.1885193586349487
1192,0.9968394637107849,0.06274951249361038,1e-05,0.8662811517715454,1.1597992181777954
1193,0.9968394637107849,0.06545361131429672,1e-05,0.8666425943374634,1.141520380973816
1194,0.9968394637107849,0.0637957751750946,1e-05,0.8691723942756653,1.1694687604904175
1195,0.9962073564529419,0.06497345864772797,1e-05,0.8633899688720703,1.1600185632705688
1196,0.9974715709686279,0.06120007857680321,1e-05,0.8612215518951416,1.161251425743103
1197,0.9965685606002808,0.06463926285505295,1e-05,0.8615829348564148,1.1430332660675049
1198,0.9978327751159668,0.061331260949373245,1e-05,0.8597759008407593,1.1726555824279785
1199,0.996478259563446,0.06442490965127945,1e-05,0.8673653602600098,1.1440461874008179
1200,0.9970200657844543,0.06231490522623062,1e-05,0.8677268028259277,1.159310221672058
1201,0.9976521730422974,0.06268208473920822,1e-05,0.8641127347946167,1.161772608757019
1202,0.9967491626739502,0.0663260817527771,1e-05,0.865558385848999,1.1773254871368408
1203,0.9962073564529419,0.06413824111223221,1e-05,0.8644741773605347,1.2174397706985474
1204,0.9981939792633057,0.05925977975130081,1e-05,0.8644741773605347,1.2101296186447144
1205,0.9975618720054626,0.061386629939079285,1e-05,0.8673653602600098,1.1614899635314941
1206,0.9962073564529419,0.0671895295381546,1e-05,0.8662811517715454,1.1606857776641846
1207,0.9971103668212891,0.061600033193826675,1e-05,0.8626671433448792,1.1956844329833984
1208,0.9968394637107849,0.06493766605854034,1e-05,0.8641127347946167,1.1703424453735352
1209,0.9957558512687683,0.06776364892721176,1e-05,0.865558385848999,1.1446818113327026
1210,0.9960267543792725,0.06597166508436203,1e-05,0.8662811517715454,1.1704986095428467
1211,0.9978327751159668,0.06272682547569275,1e-05,0.8648355603218079,1.1388273239135742
1212,0.9976521730422974,0.06078207120299339,1e-05,0.8615829348564148,1.1715428829193115
1213,0.9969297647476196,0.062176596373319626,1e-05,0.8615829348564148,1.175079584121704
1214,0.9965685606002808,0.062090568244457245,1e-05,0.8659197688102722,1.1718802452087402
1215,0.9973812699317932,0.06180722266435623,1e-05,0.8637513518333435,1.1803834438323975
1216,0.9982842803001404,0.058503542095422745,1e-05,0.8670039772987366,1.2286477088928223
1217,0.9968394637107849,0.06440446525812149,1e-05,0.8637513518333435,1.1694588661193848
1218,0.9965685606002808,0.06343084573745728,1e-05,0.8608601093292236,1.2421724796295166
1219,0.9971103668212891,0.06279277801513672,1e-05,0.865196943283081,1.2330386638641357
1220,0.9979230761528015,0.05988104268908501,1e-05,0.8698952198028564,1.177469253540039
1221,0.9977424740791321,0.0625344067811966,1e-05,0.865558385848999,1.1676607131958008
1222,0.9974715709686279,0.05998796224594116,1e-05,0.8670039772987366,1.2430535554885864
1223,0.9972006678581238,0.06444576382637024,1e-05,0.8666425943374634,1.1822890043258667
1224,0.9978327751159668,0.05913877859711647,1e-05,0.8670039772987366,1.2217960357666016
1225,0.9962976574897766,0.06425493210554123,1e-05,0.8662811517715454,1.1791719198226929
1226,0.998103678226471,0.058698270469903946,1e-05,0.8695337772369385,1.2196091413497925
1227,0.9974715709686279,0.06046943739056587,1e-05,0.8684495687484741,1.2010046243667603
1228,0.9969297647476196,0.0622982382774353,1e-05,0.8648355603218079,1.1997697353363037
1229,0.9973812699317932,0.06099940091371536,1e-05,0.8644741773605347,1.1878902912139893
1230,0.9971103668212891,0.06118971109390259,1e-05,0.8659197688102722,1.2242155075073242
1231,0.9965685606002808,0.06456944346427917,1e-05,0.8659197688102722,1.23604154586792
1232,0.9968394637107849,0.061064962297677994,1e-05,0.8662811517715454,1.220439076423645
1233,0.9967491626739502,0.06356186419725418,1e-05,0.8677268028259277,1.203155279159546
1234,0.9968394637107849,0.06143934652209282,1e-05,0.8673653602600098,1.1915825605392456
1235,0.9974715709686279,0.06200174242258072,1e-05,0.8633899688720703,1.197164535522461
1236,0.9967491626739502,0.0639488622546196,1e-05,0.865558385848999,1.2330315113067627
1237,0.9975618720054626,0.05946187674999237,1e-05,0.8670039772987366,1.178540825843811
1238,0.9978327751159668,0.05975007638335228,1e-05,0.862305760383606,1.2525203227996826
1239,0.9972006678581238,0.06192364916205406,1e-05,0.865196943283081,1.2637662887573242
1240,0.9970200657844543,0.06229237839579582,1e-05,0.8615829348564148,1.2209477424621582
1241,0.9978327751159668,0.059784360229969025,1e-05,0.8633899688720703,1.235420823097229
1242,0.9980133771896362,0.05756191164255142,1e-05,0.8641127347946167,1.2847384214401245
1243,0.9966588616371155,0.06530814617872238,1e-05,0.8612215518951416,1.2095617055892944
1244,0.9971103668212891,0.06053062528371811,1e-05,0.8698952198028564,1.221684217453003
1245,0.9972006678581238,0.05968613922595978,1e-05,0.865196943283081,1.1767960786819458
1246,0.9969297647476196,0.06195829063653946,1e-05,0.8698952198028564,1.163370132446289
1247,0.9973812699317932,0.05935803800821304,1e-05,0.8666425943374634,1.1581287384033203
1248,0.9961170554161072,0.06806392967700958,1e-05,0.871340811252594,1.1826151609420776
1249,0.9967491626739502,0.0623319149017334,1e-05,0.8684495687484741,1.1988204717636108
1250,0.9977424740791321,0.05938871204853058,1e-05,0.8666425943374634,1.2084544897079468
1251,0.9978327751159668,0.06368883699178696,1e-05,0.8688110113143921,1.2053861618041992
1252,0.9979230761528015,0.05922520533204079,1e-05,0.8670039772987366,1.166895866394043
1253,0.9975618720054626,0.059201180934906006,1e-05,0.862305760383606,1.237392783164978
1254,0.9971103668212891,0.06220263987779617,1e-05,0.865558385848999,1.1872152090072632
1255,0.9979230761528015,0.05971010774374008,1e-05,0.865558385848999,1.232197880744934
1256,0.9980133771896362,0.057741131633520126,1e-05,0.865558385848999,1.2500300407409668
1257,0.9978327751159668,0.061916958540678024,1e-05,0.8666425943374634,1.2476577758789062
1258,0.9961170554161072,0.06419075280427933,1e-05,0.8717021942138672,1.1642533540725708
1259,0.9971103668212891,0.06327559798955917,1e-05,0.8688110113143921,1.1263911724090576
1260,0.9965685606002808,0.05988852307200432,1e-05,0.8688110113143921,1.1945724487304688
1261,0.9972909688949585,0.061086010187864304,1e-05,0.8666425943374634,1.20066237449646
1262,0.9976521730422974,0.05828655883669853,1e-05,0.8648355603218079,1.1797987222671509
1263,0.9981939792633057,0.058304425328969955,1e-05,0.8688110113143921,1.2531416416168213
1264,0.9968394637107849,0.0641336664557457,1e-05,0.8688110113143921,1.2394258975982666
1265,0.9969297647476196,0.06314217299222946,1e-05,0.8633899688720703,1.2036397457122803
1266,0.9976521730422974,0.059734731912612915,1e-05,0.8673653602600098,1.1865458488464355
1267,0.9973812699317932,0.06218355894088745,1e-05,0.865558385848999,1.1645383834838867
1268,0.9972909688949585,0.05929296091198921,1e-05,0.8666425943374634,1.1784659624099731
1269,0.9972909688949585,0.058701902627944946,1e-05,0.8691723942756653,1.2516995668411255
1270,0.9973812699317932,0.059179630130529404,1e-05,0.8666425943374634,1.1938573122024536
1271,0.9965685606002808,0.061846498399972916,1e-05,0.8644741773605347,1.2017982006072998
1272,0.9977424740791321,0.058565448969602585,1e-05,0.865196943283081,1.1751306056976318
1273,0.996478259563446,0.06620460003614426,1e-05,0.8677268028259277,1.2188390493392944
1274,0.9965685606002808,0.06342203915119171,1e-05,0.8630285263061523,1.2050565481185913
1275,0.9974715709686279,0.0591798797249794,1e-05,0.8680881857872009,1.2163108587265015
1276,0.9976521730422974,0.05953644961118698,1e-05,0.8648355603218079,1.2279378175735474
1277,0.9978327751159668,0.058133311569690704,1e-05,0.8615829348564148,1.1862382888793945
1278,0.9972006678581238,0.05984383448958397,1e-05,0.8677268028259277,1.1969809532165527
1279,0.9976521730422974,0.0588984340429306,1e-05,0.8637513518333435,1.1702526807785034
1280,0.9976521730422974,0.059068940579891205,1e-05,0.8684495687484741,1.229142665863037
1281,0.996478259563446,0.06319886445999146,1e-05,0.865558385848999,1.186767816543579
1282,0.9966588616371155,0.06206675246357918,1e-05,0.8630285263061523,1.1912413835525513
1283,0.9966588616371155,0.06269948929548264,1e-05,0.8670039772987366,1.173858404159546
1284,0.9966588616371155,0.06203167140483856,1e-05,0.8644741773605347,1.1219635009765625
1285,0.9970200657844543,0.05951496586203575,1e-05,0.8673653602600098,1.1427263021469116
1286,0.9966588616371155,0.06100481376051903,1e-05,0.865558385848999,1.190719485282898
1287,0.9979230761528015,0.0581587553024292,1e-05,0.8673653602600098,1.198991060256958
1288,0.9976521730422974,0.05902671813964844,1e-05,0.8677268028259277,1.2124431133270264
1289,0.9972006678581238,0.06156497821211815,1e-05,0.8662811517715454,1.2305190563201904
1290,0.9971103668212891,0.06096387654542923,1e-05,0.8608601093292236,1.2093658447265625
1291,0.9978327751159668,0.061153799295425415,1e-05,0.8644741773605347,1.1671693325042725
1292,0.9979230761528015,0.05819505825638771,1e-05,0.8644741773605347,1.2200955152511597
1293,0.996478259563446,0.06137766316533089,1e-05,0.8662811517715454,1.2287304401397705
1294,0.9969297647476196,0.060178518295288086,1e-05,0.8644741773605347,1.229236125946045
1295,0.9980133771896362,0.057723432779312134,1e-05,0.8644741773605347,1.2613396644592285
1296,0.9975618720054626,0.06016368791460991,1e-05,0.8666425943374634,1.2446426153182983
1297,0.9968394637107849,0.06160196661949158,1e-05,0.8641127347946167,1.2316962480545044
1298,0.9975618720054626,0.05828506872057915,1e-05,0.8641127347946167,1.2370784282684326
1299,0.996478259563446,0.061640508472919464,1e-05,0.8666425943374634,1.2262400388717651
1300,0.9960267543792725,0.06485168635845184,1e-05,0.8677268028259277,1.1546381711959839
1301,0.9969297647476196,0.05909141153097153,1e-05,0.865558385848999,1.1263618469238281
1302,0.9969297647476196,0.0605899877846241,1e-05,0.8644741773605347,1.2042405605316162
1303,0.9977424740791321,0.05782315880060196,1e-05,0.8644741773605347,1.2969640493392944
1304,0.9982842803001404,0.05856960266828537,1e-05,0.8648355603218079,1.2173916101455688
1305,0.9971103668212891,0.060439083725214005,1e-05,0.8644741773605347,1.229198932647705
1306,0.9983745813369751,0.054934948682785034,1e-05,0.862305760383606,1.2445095777511597
1307,0.9975618720054626,0.05864616483449936,1e-05,0.865558385848999,1.2631092071533203
1308,0.9966588616371155,0.06184667348861694,1e-05,0.8626671433448792,1.2255330085754395
1309,0.9967491626739502,0.06361046433448792,1e-05,0.8641127347946167,1.2268491983413696
1310,0.9979230761528015,0.058960359543561935,1e-05,0.865558385848999,1.2673438787460327
1311,0.9962976574897766,0.06310615688562393,1e-05,0.8637513518333435,1.2137892246246338
1312,0.9965685606002808,0.0602930523455143,1e-05,0.8615829348564148,1.187262773513794
1313,0.9973812699317932,0.06086526811122894,1e-05,0.8644741773605347,1.2133567333221436
1314,0.9985551834106445,0.05509280413389206,1e-05,0.8633899688720703,1.198401689529419
1315,0.9976521730422974,0.05704472213983536,1e-05,0.862305760383606,1.2332097291946411
1316,0.9965685606002808,0.05985608324408531,1e-05,0.8608601093292236,1.222696304321289
1317,0.9966588616371155,0.06120746582746506,1e-05,0.865558385848999,1.1894587278366089
1318,0.9977424740791321,0.05637584999203682,1e-05,0.865558385848999,1.2539881467819214
1319,0.9971103668212891,0.06005752459168434,1e-05,0.8644741773605347,1.2454869747161865
1320,0.9973812699317932,0.059516459703445435,1e-05,0.8648355603218079,1.208449363708496
1321,0.9975618720054626,0.06108453497290611,1e-05,0.8641127347946167,1.221320390701294
1322,0.9962976574897766,0.06384744495153427,1e-05,0.8633899688720703,1.2732077836990356
1323,0.9972909688949585,0.060336433351039886,1e-05,0.8670039772987366,1.1822564601898193
1324,0.9973812699317932,0.06250426918268204,1e-05,0.865558385848999,1.196483850479126
1325,0.9980133771896362,0.057479873299598694,1e-05,0.865558385848999,1.2334988117218018
1326,0.9972909688949585,0.058257460594177246,1e-05,0.865196943283081,1.2484989166259766
1327,0.9969297647476196,0.06088438257575035,1e-05,0.8677268028259277,1.2109326124191284
1328,0.9976521730422974,0.05760647729039192,1e-05,0.8648355603218079,1.1762001514434814
1329,0.9972909688949585,0.05823075771331787,1e-05,0.8641127347946167,1.1583024263381958
1330,0.9973812699317932,0.057669464498758316,1e-05,0.8644741773605347,1.2066761255264282
1331,0.9972006678581238,0.05984954163432121,1e-05,0.8608601093292236,1.2471007108688354
1332,0.9972006678581238,0.05932454764842987,1e-05,0.8633899688720703,1.2510753870010376
1333,0.9977424740791321,0.05658116564154625,1e-05,0.865558385848999,1.221628189086914
1334,0.9977424740791321,0.05822930857539177,1e-05,0.861944317817688,1.256892442703247
1335,0.9974715709686279,0.05807716026902199,1e-05,0.861944317817688,1.2228220701217651
1336,0.9967491626739502,0.06015116721391678,1e-05,0.8637513518333435,1.2572059631347656
1337,0.9972006678581238,0.05973368138074875,1e-05,0.8597759008407593,1.2331267595291138
1338,0.9967491626739502,0.06104462593793869,1e-05,0.861944317817688,1.191648244857788
1339,0.9966588616371155,0.0586014986038208,1e-05,0.8637513518333435,1.2142246961593628
1340,0.9971103668212891,0.0571853406727314,1e-05,0.865558385848999,1.224286675453186
1341,0.9975618720054626,0.055811807513237,1e-05,0.8630285263061523,1.2763895988464355
1342,0.996478259563446,0.06397505849599838,1e-05,0.8626671433448792,1.2804509401321411
1343,0.9970200657844543,0.061308376491069794,1e-05,0.862305760383606,1.2372114658355713
1344,0.9961170554161072,0.06484047323465347,1e-05,0.8626671433448792,1.202128291130066
1345,0.9974715709686279,0.0592779777944088,1e-05,0.8608601093292236,1.193719506263733
1346,0.9969297647476196,0.06081462651491165,1e-05,0.8648355603218079,1.2784254550933838
1347,0.9972006678581238,0.058129146695137024,1e-05,0.8626671433448792,1.2635011672973633
1348,0.9974715709686279,0.05703355744481087,1e-05,0.862305760383606,1.2560778856277466
1349,0.9966588616371155,0.06180237978696823,1e-05,0.8648355603218079,1.2297130823135376
1350,0.9966588616371155,0.059202104806900024,1e-05,0.8677268028259277,1.1508376598358154
1351,0.9969297647476196,0.059922296553850174,1e-05,0.8590531349182129,1.233657717704773
1352,0.9972006678581238,0.06045258790254593,1e-05,0.8597759008407593,1.2564677000045776
1353,0.9968394637107849,0.06082386523485184,1e-05,0.861944317817688,1.1322721242904663
1354,0.9963879585266113,0.061022963374853134,1e-05,0.8626671433448792,1.1831738948822021
1355,0.9976521730422974,0.05997730419039726,1e-05,0.8659197688102722,1.1756081581115723
1356,0.9970200657844543,0.06159079447388649,1e-05,0.8644741773605347,1.21173894405365
1357,0.9967491626739502,0.059485435485839844,1e-05,0.8680881857872009,1.1271870136260986
1358,0.9972006678581238,0.0583951398730278,1e-05,0.8677268028259277,1.2256039381027222
1359,0.9978327751159668,0.05755368247628212,1e-05,0.8641127347946167,1.2058639526367188
1360,0.9970200657844543,0.05899680033326149,1e-05,0.862305760383606,1.2717187404632568
1361,0.9975618720054626,0.05815569683909416,1e-05,0.8630285263061523,1.250796914100647
1362,0.9980133771896362,0.05604283884167671,1e-05,0.8641127347946167,1.2226862907409668
1363,0.9969297647476196,0.05984960123896599,1e-05,0.865558385848999,1.1947842836380005
1364,0.9967491626739502,0.05953909084200859,1e-05,0.865196943283081,1.2327839136123657
1365,0.9970200657844543,0.057984087616205215,1e-05,0.8630285263061523,1.239027976989746
1366,0.9962976574897766,0.06205729767680168,1e-05,0.8637513518333435,1.2097443342208862
1367,0.9965685606002808,0.0603199303150177,1e-05,0.8662811517715454,1.2034833431243896
1368,0.9979230761528015,0.05711238086223602,1e-05,0.8670039772987366,1.1569154262542725
1369,0.9974715709686279,0.05726707726716995,1e-05,0.8659197688102722,1.1936577558517456
1370,0.9967491626739502,0.060280151665210724,1e-05,0.8717021942138672,1.1633878946304321
1371,0.9974715709686279,0.05842313915491104,1e-05,0.8688110113143921,1.1750316619873047
1372,0.9972006678581238,0.057448748499155045,1e-05,0.8637513518333435,1.1981377601623535
1373,0.9975618720054626,0.05742664635181427,1e-05,0.865558385848999,1.1636691093444824
1374,0.998103678226471,0.055413614958524704,1e-05,0.8717021942138672,1.2412488460540771
1375,0.9974715709686279,0.05590508505702019,1e-05,0.8698952198028564,1.1988084316253662
1376,0.9977424740791321,0.05763616785407066,1e-05,0.8695337772369385,1.2056673765182495
1377,0.996478259563446,0.06203372776508331,1e-05,0.8709794282913208,1.2015612125396729
1378,0.9982842803001404,0.056912776082754135,1e-05,0.8680881857872009,1.1786644458770752
1379,0.9976521730422974,0.05757584050297737,1e-05,0.8691723942756653,1.2212282419204712
1380,0.9969297647476196,0.060244254767894745,1e-05,0.8670039772987366,1.1783270835876465
1381,0.9978327751159668,0.05640232190489769,1e-05,0.8670039772987366,1.2310154438018799
1382,0.9980133771896362,0.057584408670663834,1e-05,0.8691723942756653,1.2311538457870483
1383,0.9972909688949585,0.05954264849424362,1e-05,0.8637513518333435,1.2270373106002808
1384,0.9972909688949585,0.05982808768749237,1e-05,0.8633899688720703,1.211925745010376
1385,0.9970200657844543,0.05983786657452583,1e-05,0.865196943283081,1.1859716176986694
1386,0.9969297647476196,0.0591437928378582,1e-05,0.8677268028259277,1.215855360031128
1387,0.9972909688949585,0.05806173011660576,1e-05,0.8688110113143921,1.2281807661056519
1388,0.9970200657844543,0.0587109811604023,1e-05,0.8641127347946167,1.2146809101104736
1389,0.9977424740791321,0.0552365742623806,1e-05,0.8633899688720703,1.2452107667922974
1390,0.9965685606002808,0.060437314212322235,1e-05,0.8662811517715454,1.2110174894332886
1391,0.9968394637107849,0.06077389046549797,1e-05,0.8659197688102722,1.2180067300796509
1392,0.9981939792633057,0.053938064724206924,1e-05,0.8666425943374634,1.2635738849639893
1393,0.9971103668212891,0.058408014476299286,1e-05,0.8688110113143921,1.2618576288223267
1394,0.9968394637107849,0.059605516493320465,1e-05,0.8648355603218079,1.2457774877548218
1395,0.9974715709686279,0.05704604089260101,1e-05,0.865558385848999,1.2228574752807617
1396,0.9966588616371155,0.06029698625206947,1e-05,0.8648355603218079,1.204749345779419
1397,0.9969297647476196,0.058002766221761703,1e-05,0.8673653602600098,1.213425874710083
1398,0.9970200657844543,0.05850734934210777,1e-05,0.8677268028259277,1.2205379009246826
1399,0.9961170554161072,0.06146785989403725,1e-05,0.871340811252594,1.1934458017349243
1400,0.9984648823738098,0.05289200693368912,1e-05,0.8709794282913208,1.250935435295105
1401,0.9972909688949585,0.05850530415773392,1e-05,0.8677268028259277,1.2214938402175903
1402,0.9974715709686279,0.05958390235900879,1e-05,0.8677268028259277,1.2239881753921509
1403,0.9970200657844543,0.058194536715745926,1e-05,0.8684495687484741,1.2194411754608154
1404,0.9972006678581238,0.05733470246195793,1e-05,0.8684495687484741,1.2045849561691284
1405,0.9979230761528015,0.05740250647068024,1e-05,0.8677268028259277,1.2083001136779785
1406,0.9972909688949585,0.05776755511760712,1e-05,0.8684495687484741,1.202043056488037
1407,0.9972006678581238,0.06078823283314705,1e-05,0.8688110113143921,1.1857869625091553
1408,0.9978327751159668,0.05727234110236168,1e-05,0.8666425943374634,1.1532849073410034
1409,0.9977424740791321,0.059031903743743896,1e-05,0.8695337772369385,1.2261643409729004
1410,0.9971103668212891,0.058440107852220535,1e-05,0.8673653602600098,1.1843605041503906
1411,0.9978327751159668,0.056117329746484756,1e-05,0.865558385848999,1.2219078540802002
1412,0.9973812699317932,0.05578892305493355,1e-05,0.8641127347946167,1.2076200246810913
1413,0.9968394637107849,0.05913158133625984,1e-05,0.8666425943374634,1.2343826293945312
1414,0.9975618720054626,0.05667266249656677,1e-05,0.8662811517715454,1.2077487707138062
1415,0.9973812699317932,0.0558500662446022,1e-05,0.8666425943374634,1.2142281532287598
1416,0.9972909688949585,0.057132966816425323,1e-05,0.8684495687484741,1.2314140796661377
1417,0.9976521730422974,0.056145377457141876,1e-05,0.8677268028259277,1.2065974473953247
1418,0.9977424740791321,0.057475898414850235,1e-05,0.8666425943374634,1.217736005783081
1419,0.9971103668212891,0.05685696378350258,1e-05,0.8680881857872009,1.2261182069778442
1420,0.9978327751159668,0.057005759328603745,1e-05,0.8637513518333435,1.1844825744628906
1421,0.9975618720054626,0.05935224890708923,1e-05,0.8648355603218079,1.2052618265151978
1422,0.9979230761528015,0.05500267818570137,1e-05,0.8666425943374634,1.1994297504425049
1423,0.9971103668212891,0.05580602586269379,1e-05,0.8659197688102722,1.1862720251083374
1424,0.9977424740791321,0.056412223726511,1e-05,0.8673653602600098,1.221734881401062
1425,0.9963879585266113,0.05977684631943703,1e-05,0.8644741773605347,1.1842257976531982
1426,0.9976521730422974,0.05549689009785652,1e-05,0.8670039772987366,1.234901785850525
1427,0.9970200657844543,0.05808458477258682,1e-05,0.8662811517715454,1.2359428405761719
1428,0.9972909688949585,0.0581829659640789,1e-05,0.8633899688720703,1.2127798795700073
1429,0.9979230761528015,0.05508451908826828,1e-05,0.8630285263061523,1.1917506456375122
1430,0.9972006678581238,0.05909470096230507,1e-05,0.865196943283081,1.2616462707519531
1431,0.9970200657844543,0.05920499935746193,1e-05,0.8633899688720703,1.1968045234680176
1432,0.9974715709686279,0.05772525817155838,1e-05,0.8684495687484741,1.2255909442901611
1433,0.9976521730422974,0.05625502020120621,1e-05,0.8644741773605347,1.2150695323944092
1434,0.9980133771896362,0.05599856376647949,1e-05,0.8670039772987366,1.2130846977233887
1435,0.9972006678581238,0.05956219881772995,1e-05,0.8666425943374634,1.2152034044265747
1436,0.9971103668212891,0.056416116654872894,1e-05,0.8641127347946167,1.2089179754257202
1437,0.9970200657844543,0.05665747821331024,1e-05,0.8641127347946167,1.1874526739120483
1438,0.9962976574897766,0.057264287024736404,1e-05,0.8673653602600098,1.224128007888794
1439,0.9972909688949585,0.05765747278928757,1e-05,0.8670039772987366,1.1914974451065063
1440,0.9972006678581238,0.05783500894904137,1e-05,0.8688110113143921,1.1660699844360352
1441,0.9963879585266113,0.06086478382349014,1e-05,0.8706179857254028,1.1375741958618164
1442,0.9967491626739502,0.05674157664179802,1e-05,0.8641127347946167,1.1904644966125488
1443,0.9977424740791321,0.05667451024055481,1e-05,0.8615829348564148,1.2003618478775024
1444,0.9969297647476196,0.055111296474933624,1e-05,0.8633899688720703,1.1933938264846802
1445,0.9968394637107849,0.058487944304943085,1e-05,0.8608601093292236,1.194554090499878
1446,0.9981939792633057,0.053353097289800644,1e-05,0.8615829348564148,1.1985586881637573
1447,0.9967491626739502,0.05832114815711975,1e-05,0.8648355603218079,1.245871663093567
1448,0.9977424740791321,0.053780294954776764,1e-05,0.8630285263061523,1.2617535591125488
1449,0.9970200657844543,0.056648414582014084,1e-05,0.8644741773605347,1.2258739471435547
1450,0.9974715709686279,0.055503036826848984,1e-05,0.8666425943374634,1.2422611713409424
1451,0.9976521730422974,0.05533166602253914,1e-05,0.8666425943374634,1.2902953624725342
1452,0.9972909688949585,0.05666164681315422,1e-05,0.865196943283081,1.2575980424880981
1453,0.9967491626739502,0.058488499373197556,1e-05,0.8677268028259277,1.2246156930923462
1454,0.9973812699317932,0.05771062895655632,1e-05,0.861944317817688,1.2408201694488525
1455,0.9971103668212891,0.057756487280130386,1e-05,0.8662811517715454,1.2357373237609863
1456,0.9978327751159668,0.05503355339169502,1e-05,0.8662811517715454,1.2118198871612549
1457,0.9974715709686279,0.05434296652674675,1e-05,0.8637513518333435,1.2273290157318115
1458,0.9973812699317932,0.0562247596681118,1e-05,0.8644741773605347,1.22622549533844
1459,0.9968394637107849,0.05955521762371063,1e-05,0.8630285263061523,1.2168577909469604
1460,0.9969297647476196,0.05699663981795311,1e-05,0.8666425943374634,1.1989375352859497
1461,0.9967491626739502,0.058199044317007065,1e-05,0.8677268028259277,1.2354967594146729
1462,0.9973812699317932,0.05643698200583458,1e-05,0.8670039772987366,1.17470383644104
1463,0.9972006678581238,0.05512392148375511,1e-05,0.8673653602600098,1.2409565448760986
1464,0.9968394637107849,0.058573346585035324,1e-05,0.8626671433448792,1.2255263328552246
1465,0.9970200657844543,0.05796174332499504,1e-05,0.8695337772369385,1.2071337699890137
1466,0.9985551834106445,0.0519663468003273,1e-05,0.8633899688720703,1.2706270217895508
1467,0.9978327751159668,0.05475763976573944,1e-05,0.8612215518951416,1.2566269636154175
1468,0.9972006678581238,0.05822247266769409,1e-05,0.8637513518333435,1.2478686571121216
1469,0.9980133771896362,0.055634014308452606,1e-05,0.8677268028259277,1.1936671733856201
1470,0.9978327751159668,0.053223952651023865,1e-05,0.8648355603218079,1.2671599388122559
1471,0.9983745813369751,0.055636800825595856,1e-05,0.8641127347946167,1.2158050537109375
1472,0.9978327751159668,0.05540915206074715,1e-05,0.8680881857872009,1.2406686544418335
1473,0.9972909688949585,0.055401772260665894,1e-05,0.8633899688720703,1.2039122581481934
1474,0.9975618720054626,0.053501617163419724,1e-05,0.8641127347946167,1.2714091539382935
1475,0.9972006678581238,0.05685899406671524,1e-05,0.8641127347946167,1.2073874473571777
1476,0.9969297647476196,0.05871148407459259,1e-05,0.8641127347946167,1.1849009990692139
1477,0.9980133771896362,0.055155862122774124,1e-05,0.865196943283081,1.2230836153030396
1478,0.9979230761528015,0.05502349138259888,1e-05,0.8666425943374634,1.2075790166854858
1479,0.9977424740791321,0.056973040103912354,1e-05,0.865558385848999,1.2102551460266113
1480,0.9973812699317932,0.055549316108226776,1e-05,0.8641127347946167,1.247875690460205
1481,0.9984648823738098,0.05295077711343765,1e-05,0.8659197688102722,1.2313499450683594
1482,0.9971103668212891,0.05706651136279106,1e-05,0.865196943283081,1.2044453620910645
1483,0.9972006678581238,0.05724626034498215,1e-05,0.865196943283081,1.1882213354110718
1484,0.9975618720054626,0.05583001673221588,1e-05,0.8626671433448792,1.1961222887039185
1485,0.9982842803001404,0.05155191570520401,1e-05,0.861944317817688,1.2251554727554321
1486,0.9962976574897766,0.05910458043217659,1e-05,0.8644741773605347,1.2318811416625977
1487,0.9972909688949585,0.05639297887682915,1e-05,0.865558385848999,1.1888936758041382
1488,0.9976521730422974,0.055471114814281464,1e-05,0.8648355603218079,1.2027723789215088
1489,0.9977424740791321,0.05428394675254822,1e-05,0.8648355603218079,1.2316431999206543
1490,0.9977424740791321,0.05417266860604286,1e-05,0.8637513518333435,1.2500728368759155
1491,0.9972006678581238,0.05729450285434723,1e-05,0.8633899688720703,1.2288994789123535
1492,0.9977424740791321,0.055279865860939026,1e-05,0.862305760383606,1.2143474817276
1493,0.9965685606002808,0.05791647732257843,1e-05,0.865558385848999,1.1705912351608276
1494,0.9974715709686279,0.05483746901154518,1e-05,0.8648355603218079,1.2320375442504883
1495,0.9967491626739502,0.058475296944379807,1e-05,0.8608601093292236,1.1652393341064453
1496,0.9979230761528015,0.053487878292798996,1e-05,0.861944317817688,1.2151581048965454
1497,0.9981939792633057,0.052324507385492325,1e-05,0.8680881857872009,1.2151490449905396
1498,0.9978327751159668,0.055115826427936554,1e-05,0.865558385848999,1.2070387601852417
1499,0.9980133771896362,0.053697261959314346,1e-05,0.8684495687484741,1.2404571771621704
1500,0.9970200657844543,0.055025629699230194,1e-05,0.8684495687484741,1.1595596075057983
1501,0.9975618720054626,0.053008656948804855,1e-05,0.8677268028259277,1.306105375289917
1502,0.9978327751159668,0.052267588675022125,1e-05,0.8673653602600098,1.2259901762008667
1503,0.9965685606002808,0.05861455202102661,1e-05,0.8666425943374634,1.227180004119873
1504,0.9980133771896362,0.0533239021897316,1e-05,0.8666425943374634,1.2249752283096313
1505,0.9969297647476196,0.05864628776907921,1e-05,0.8659197688102722,1.2850348949432373
1506,0.9967491626739502,0.05724397301673889,1e-05,0.8670039772987366,1.2264971733093262
1507,0.9983745813369751,0.05154196172952652,1e-05,0.8680881857872009,1.2043216228485107
1508,0.9978327751159668,0.0543801486492157,1e-05,0.8662811517715454,1.204384207725525
1509,0.9967491626739502,0.05837280675768852,1e-05,0.861944317817688,1.2259907722473145
1510,0.9977424740791321,0.05460983142256737,1e-05,0.8691723942756653,1.1986171007156372
1511,0.9972006678581238,0.05472945794463158,1e-05,0.8637513518333435,1.2161993980407715
1512,0.9969297647476196,0.05727351829409599,1e-05,0.8666425943374634,1.210098147392273
1513,0.9973812699317932,0.054888878017663956,1e-05,0.8666425943374634,1.2246752977371216
1514,0.9967491626739502,0.05681207403540611,1e-05,0.8666425943374634,1.2268723249435425
1515,0.9976521730422974,0.05426167696714401,1e-05,0.8615829348564148,1.31669020652771
1516,0.9973812699317932,0.05531487613916397,1e-05,0.8670039772987366,1.1801344156265259
1517,0.9968394637107849,0.05766351893544197,1e-05,0.865558385848999,1.1796951293945312
1518,0.9982842803001404,0.05386519432067871,1e-05,0.8666425943374634,1.2511502504348755
1519,0.9973812699317932,0.0550287663936615,1e-05,0.8612215518951416,1.2607342004776
1520,0.998103678226471,0.05140980705618858,1e-05,0.8633899688720703,1.2648478746414185
1521,0.998103678226471,0.05337202921509743,1e-05,0.8644741773605347,1.2350729703903198
1522,0.9972909688949585,0.055124931037425995,1e-05,0.8590531349182129,1.2666085958480835
1523,0.9979230761528015,0.05349694564938545,1e-05,0.862305760383606,1.2164143323898315
1524,0.9970200657844543,0.05496666207909584,1e-05,0.865558385848999,1.239646315574646
1525,0.9971103668212891,0.05562092736363411,1e-05,0.8666425943374634,1.225263237953186
1526,0.9977424740791321,0.05589006468653679,1e-05,0.8637513518333435,1.2314175367355347
1527,0.9968394637107849,0.05693662539124489,1e-05,0.8630285263061523,1.2088850736618042
1528,0.9973812699317932,0.054974447935819626,1e-05,0.8612215518951416,1.1967476606369019
1529,0.9974715709686279,0.05494586005806923,1e-05,0.8659197688102722,1.2192062139511108
1530,0.9977424740791321,0.05498865246772766,1e-05,0.865196943283081,1.2529484033584595
1531,0.9974715709686279,0.05315973609685898,1e-05,0.8626671433448792,1.2156121730804443
1532,0.9974715709686279,0.051597464829683304,1e-05,0.8662811517715454,1.2223494052886963
1533,0.9978327751159668,0.05445985123515129,1e-05,0.8659197688102722,1.2224353551864624
1534,0.9972006678581238,0.05422394350171089,1e-05,0.8633899688720703,1.2476192712783813
1535,0.9979230761528015,0.0528356209397316,1e-05,0.865196943283081,1.272064208984375
1536,0.9972909688949585,0.05477946624159813,1e-05,0.8644741773605347,1.2337220907211304
1537,0.9978327751159668,0.05363865941762924,1e-05,0.8637513518333435,1.2890375852584839
1538,0.9975618720054626,0.054860398173332214,1e-05,0.8637513518333435,1.1861770153045654
1539,0.9976521730422974,0.05550042912364006,1e-05,0.865196943283081,1.2319750785827637
1540,0.9970200657844543,0.05609747767448425,1e-05,0.865196943283081,1.207382082939148
1541,0.9978327751159668,0.05438530072569847,1e-05,0.8637513518333435,1.210328459739685
1542,0.9954849481582642,0.05949410796165466,1e-05,0.8641127347946167,1.2081882953643799
1543,0.9968394637107849,0.056141749024391174,1e-05,0.8677268028259277,1.187517523765564
1544,0.9972006678581238,0.05439534783363342,1e-05,0.8684495687484741,1.1508123874664307
1545,0.9980133771896362,0.05238761380314827,1e-05,0.8680881857872009,1.1994091272354126
1546,0.9978327751159668,0.052892208099365234,1e-05,0.865196943283081,1.222386360168457
1547,0.9976521730422974,0.05428401380777359,1e-05,0.8641127347946167,1.2865945100784302
1548,0.9976521730422974,0.05491282418370247,1e-05,0.8637513518333435,1.2529057264328003
1549,0.9981939792633057,0.053590841591358185,1e-05,0.865558385848999,1.2434813976287842
1550,0.9977424740791321,0.05456944927573204,1e-05,0.8677268028259277,1.1856317520141602
1551,0.9971103668212891,0.05482802912592888,1e-05,0.8684495687484741,1.2005418539047241
1552,0.9977424740791321,0.05168940871953964,1e-05,0.865558385848999,1.2243587970733643
1553,0.998103678226471,0.052552349865436554,1e-05,0.8662811517715454,1.2260339260101318
1554,0.9978327751159668,0.05198460444808006,1e-05,0.8670039772987366,1.2545266151428223
1555,0.9971103668212891,0.055394966155290604,1e-05,0.8662811517715454,1.2762906551361084
1556,0.9969297647476196,0.05784687027335167,1e-05,0.8688110113143921,1.202288031578064
1557,0.9974715709686279,0.05507900193333626,1e-05,0.8695337772369385,1.2373305559158325
1558,0.9972909688949585,0.05296171084046364,1e-05,0.8670039772987366,1.2322218418121338
1559,0.9972006678581238,0.054117921739816666,1e-05,0.8695337772369385,1.1853597164154053
1560,0.9973812699317932,0.05212773382663727,1e-05,0.8666425943374634,1.2206531763076782
1561,0.9980133771896362,0.05388345569372177,1e-05,0.8677268028259277,1.26055908203125
1562,0.9975618720054626,0.053744953125715256,1e-05,0.8680881857872009,1.2189580202102661
1563,0.9965685606002808,0.05711584910750389,1e-05,0.8662811517715454,1.2201813459396362
1564,0.9970200657844543,0.05563484504818916,1e-05,0.8680881857872009,1.220279574394226
1565,0.9978327751159668,0.052970197051763535,1e-05,0.8662811517715454,1.278257131576538
1566,0.9973812699317932,0.05419561266899109,1e-05,0.8673653602600098,1.2510273456573486
1567,0.9976521730422974,0.05423681437969208,1e-05,0.8691723942756653,1.2249085903167725
1568,0.9970200657844543,0.05464760586619377,1e-05,0.865196943283081,1.2128653526306152
1569,0.9969297647476196,0.05784955993294716,1e-05,0.8702566027641296,1.2645299434661865
1570,0.9972006678581238,0.05741341412067413,1e-05,0.8666425943374634,1.186025857925415
1571,0.9974715709686279,0.053830742835998535,1e-05,0.8680881857872009,1.1900328397750854
1572,0.9972006678581238,0.05541839450597763,1e-05,0.8644741773605347,1.157606840133667
1573,0.9977424740791321,0.052375175058841705,1e-05,0.8673653602600098,1.1888422966003418
1574,0.9975618720054626,0.05209166929125786,1e-05,0.8662811517715454,1.2311514616012573
1575,0.9978327751159668,0.052756089717149734,1e-05,0.8670039772987366,1.2063742876052856
1576,0.9966588616371155,0.05711180344223976,1e-05,0.8670039772987366,1.1926112174987793
1577,0.9974715709686279,0.05371371656656265,1e-05,0.8630285263061523,1.2178045511245728
1578,0.9972909688949585,0.05348748341202736,1e-05,0.865558385848999,1.2391010522842407
1579,0.9977424740791321,0.05296657234430313,1e-05,0.8684495687484741,1.2158238887786865
1580,0.9979230761528015,0.051594190299510956,1e-05,0.8641127347946167,1.2375493049621582
1581,0.9973812699317932,0.05331715941429138,1e-05,0.8641127347946167,1.2204666137695312
1582,0.9978327751159668,0.05102601274847984,1e-05,0.8666425943374634,1.2377151250839233
1583,0.9983745813369751,0.04947691410779953,1e-05,0.8630285263061523,1.2205657958984375
1584,0.996478259563446,0.05683055892586708,1e-05,0.8662811517715454,1.2030771970748901
1585,0.9979230761528015,0.05180714279413223,1e-05,0.865196943283081,1.2604445219039917
1586,0.9965685606002808,0.054470185190439224,1e-05,0.8630285263061523,1.2254279851913452
1587,0.9976521730422974,0.053960513323545456,1e-05,0.8648355603218079,1.2357866764068604
1588,0.9974715709686279,0.05350103601813316,1e-05,0.865196943283081,1.2823221683502197
1589,0.9973812699317932,0.05492398887872696,1e-05,0.8612215518951416,1.291954755783081
1590,0.9968394637107849,0.055676497519016266,1e-05,0.8641127347946167,1.2785624265670776
1591,0.9972909688949585,0.05222538113594055,1e-05,0.8666425943374634,1.2380906343460083
1592,0.9969297647476196,0.0527583546936512,1e-05,0.8633899688720703,1.2335654497146606
1593,0.9966588616371155,0.05408226698637009,1e-05,0.8633899688720703,1.2566280364990234
1594,0.9975618720054626,0.05272805318236351,1e-05,0.8637513518333435,1.2562830448150635
1595,0.996478259563446,0.056355543434619904,1e-05,0.861944317817688,1.2184051275253296
1596,0.9974715709686279,0.053319051861763,1e-05,0.8594145178794861,1.2101472616195679
1597,0.9971103668212891,0.05490685626864433,1e-05,0.861944317817688,1.2029820680618286
1598,0.9984648823738098,0.051007289439439774,1e-05,0.8637513518333435,1.238560676574707
1599,0.9974715709686279,0.056133124977350235,1e-05,0.8608601093292236,1.264932632446289
1600,0.9974715709686279,0.05320858955383301,1e-05,0.865196943283081,1.223070502281189
1601,0.9976521730422974,0.05518022179603577,1e-05,0.8630285263061523,1.2573131322860718
1602,0.9978327751159668,0.051601480692625046,1e-05,0.8612215518951416,1.2217942476272583
1603,0.9979230761528015,0.05236270651221275,1e-05,0.8670039772987366,1.206268310546875
1604,0.9971103668212891,0.057896800339221954,1e-05,0.8644741773605347,1.2293524742126465
1605,0.9977424740791321,0.05173417925834656,1e-05,0.8641127347946167,1.2160812616348267
1606,0.9962976574897766,0.05931568518280983,1e-05,0.8630285263061523,1.2296373844146729
1607,0.9968394637107849,0.05434174835681915,1e-05,0.8633899688720703,1.2346973419189453
1608,0.9972006678581238,0.05509612709283829,1e-05,0.862305760383606,1.23343825340271
1609,0.9976521730422974,0.052284251898527145,1e-05,0.8597759008407593,1.256645679473877
1610,0.9975618720054626,0.05387859418988228,1e-05,0.8590531349182129,1.2194228172302246
1611,0.9972006678581238,0.05887053534388542,1e-05,0.8612215518951416,1.2397465705871582
1612,0.9976521730422974,0.05195879191160202,1e-05,0.8604987263679504,1.213584065437317
1613,0.9973812699317932,0.052357740700244904,1e-05,0.8612215518951416,1.2305320501327515
1614,0.9973812699317932,0.052111804485321045,1e-05,0.861944317817688,1.2286077737808228
1615,0.9978327751159668,0.05114993080496788,1e-05,0.8648355603218079,1.2668564319610596
1616,0.9972006678581238,0.05470426753163338,1e-05,0.8633899688720703,1.2462718486785889
1617,0.9974715709686279,0.053620968014001846,1e-05,0.8641127347946167,1.3375557661056519
1618,0.9977424740791321,0.05262826010584831,1e-05,0.8648355603218079,1.287374496459961
1619,0.9976521730422974,0.05137947201728821,1e-05,0.8648355603218079,1.2745002508163452
1620,0.9976521730422974,0.04987882450222969,1e-05,0.8648355603218079,1.3130944967269897
1621,0.9979230761528015,0.05254443362355232,1e-05,0.8666425943374634,1.2782682180404663
1622,0.9967491626739502,0.0567333847284317,1e-05,0.865558385848999,1.2241986989974976
1623,0.9985551834106445,0.05054134875535965,1e-05,0.865196943283081,1.2899513244628906
1624,0.9972006678581238,0.05421511456370354,1e-05,0.8662811517715454,1.2756258249282837
1625,0.9971103668212891,0.054798662662506104,1e-05,0.8633899688720703,1.2128429412841797
1626,0.9984648823738098,0.047626446932554245,1e-05,0.8641127347946167,1.2183457612991333
1627,0.9972006678581238,0.053676676005125046,1e-05,0.861944317817688,1.2674540281295776
1628,0.9966588616371155,0.05661085247993469,1e-05,0.8633899688720703,1.266305923461914
1629,0.9968394637107849,0.05532161891460419,1e-05,0.8662811517715454,1.2231192588806152
1630,0.9984648823738098,0.05037299171090126,1e-05,0.8641127347946167,1.2298439741134644
1631,0.9973812699317932,0.05308621749281883,1e-05,0.862305760383606,1.1847379207611084
1632,0.9978327751159668,0.05025089904665947,1e-05,0.8644741773605347,1.2564706802368164
1633,0.9980133771896362,0.052111368626356125,1e-05,0.8633899688720703,1.2451865673065186
1634,0.9977424740791321,0.05406501144170761,1e-05,0.8662811517715454,1.268925428390503
1635,0.9972909688949585,0.051857512444257736,1e-05,0.8659197688102722,1.2661203145980835
1636,0.9972006678581238,0.05535872280597687,1e-05,0.8644741773605347,1.2938265800476074
1637,0.9980133771896362,0.049983516335487366,1e-05,0.865196943283081,1.2357438802719116
1638,0.9972006678581238,0.05662086606025696,1e-05,0.865196943283081,1.2456626892089844
1639,0.9974715709686279,0.0529334656894207,1e-05,0.8659197688102722,1.170870065689087
1640,0.9977424740791321,0.05191458761692047,1e-05,0.8677268028259277,1.2481807470321655
1641,0.996478259563446,0.05445811524987221,1e-05,0.8673653602600098,1.218003273010254
1642,0.9975618720054626,0.05027177557349205,1e-05,0.8673653602600098,1.1955562829971313
1643,0.9976521730422974,0.05123917758464813,1e-05,0.8670039772987366,1.2238487005233765
1644,0.9977424740791321,0.05099301040172577,1e-05,0.8662811517715454,1.2019635438919067
1645,0.9975618720054626,0.0513787604868412,1e-05,0.8659197688102722,1.20732843875885
1646,0.9965685606002808,0.056168943643569946,1e-05,0.8673653602600098,1.2363557815551758
1647,0.9978327751159668,0.0515720508992672,1e-05,0.865558385848999,1.2275062799453735
1648,0.9972909688949585,0.054214492440223694,1e-05,0.8659197688102722,1.1885440349578857
1649,0.9978327751159668,0.05003414675593376,1e-05,0.8662811517715454,1.243829369544983
1650,0.9974715709686279,0.05323086678981781,1e-05,0.8626671433448792,1.2525891065597534
1651,0.9967491626739502,0.05569225549697876,1e-05,0.8677268028259277,1.225656270980835
1652,0.9975618720054626,0.05282829329371452,1e-05,0.8659197688102722,1.2154262065887451
1653,0.9974715709686279,0.05223555490374565,1e-05,0.8633899688720703,1.2081063985824585
1654,0.9981939792633057,0.05058637261390686,1e-05,0.8633899688720703,1.240704894065857
1655,0.9970200657844543,0.052321095019578934,1e-05,0.8626671433448792,1.2270245552062988
1656,0.9975618720054626,0.0531117245554924,1e-05,0.8583303093910217,1.2466800212860107
1657,0.9971103668212891,0.05081421509385109,1e-05,0.865196943283081,1.2440145015716553
1658,0.9984648823738098,0.04964360594749451,1e-05,0.8673653602600098,1.2318508625030518
1659,0.9975618720054626,0.05306839197874069,1e-05,0.8666425943374634,1.2540018558502197
1660,0.9981939792633057,0.049722686409950256,1e-05,0.8637513518333435,1.229020595550537
1661,0.9979230761528015,0.049405548721551895,1e-05,0.8641127347946167,1.2099577188491821
1662,0.9969297647476196,0.054193951189517975,1e-05,0.8666425943374634,1.2421249151229858
1663,0.9974715709686279,0.05143878981471062,1e-05,0.862305760383606,1.2468966245651245
1664,0.9973812699317932,0.052180252969264984,1e-05,0.8637513518333435,1.2685654163360596
1665,0.9980133771896362,0.05139666050672531,1e-05,0.862305760383606,1.2802478075027466
1666,0.9979230761528015,0.0492844432592392,1e-05,0.8633899688720703,1.270689606666565
1667,0.9977424740791321,0.05440972372889519,1e-05,0.8630285263061523,1.1908760070800781
1668,0.9973812699317932,0.0516170859336853,1e-05,0.8659197688102722,1.2471506595611572
1669,0.9981939792633057,0.048432089388370514,1e-05,0.8659197688102722,1.2900902032852173
1670,0.9968394637107849,0.05660392343997955,1e-05,0.8680881857872009,1.2840654850006104
1671,0.9974715709686279,0.05060159042477608,1e-05,0.8641127347946167,1.270187258720398
1672,0.9976521730422974,0.05249493196606636,1e-05,0.8608601093292236,1.2652488946914673
1673,0.9974715709686279,0.05298004299402237,1e-05,0.8637513518333435,1.1835241317749023
1674,0.9983745813369751,0.04961371794342995,1e-05,0.8630285263061523,1.2557698488235474
1675,0.9972909688949585,0.05226309224963188,1e-05,0.8626671433448792,1.2560449838638306
1676,0.9975618720054626,0.05237453058362007,1e-05,0.862305760383606,1.2517198324203491
1677,0.9981939792633057,0.049228034913539886,1e-05,0.862305760383606,1.3014949560165405
1678,0.9979230761528015,0.04988348111510277,1e-05,0.8666425943374634,1.266431450843811
1679,0.9976521730422974,0.05071508511900902,1e-05,0.865558385848999,1.2323827743530273
1680,0.9976521730422974,0.05269807577133179,1e-05,0.8637513518333435,1.2846148014068604
1681,0.9975618720054626,0.05303482711315155,1e-05,0.8641127347946167,1.2637351751327515
1682,0.9971103668212891,0.05383529141545296,1e-05,0.8644741773605347,1.2246391773223877
1683,0.9971103668212891,0.05188482254743576,1e-05,0.8677268028259277,1.1887348890304565
1684,0.9982842803001404,0.04888807609677315,1e-05,0.8673653602600098,1.2544527053833008
1685,0.9973812699317932,0.05367372930049896,1e-05,0.8626671433448792,1.2503153085708618
1686,0.9970200657844543,0.054280441254377365,1e-05,0.8626671433448792,1.2134827375411987
1687,0.9982842803001404,0.04979727044701576,1e-05,0.8662811517715454,1.2431459426879883
1688,0.9974715709686279,0.054159991443157196,1e-05,0.8644741773605347,1.2079733610153198
1689,0.9973812699317932,0.050612933933734894,1e-05,0.8644741773605347,1.2201122045516968
1690,0.9982842803001404,0.0486622117459774,1e-05,0.8641127347946167,1.2549108266830444
1691,0.9976521730422974,0.05236438289284706,1e-05,0.8644741773605347,1.2822275161743164
1692,0.9978327751159668,0.05037986859679222,1e-05,0.8648355603218079,1.2784712314605713
1693,0.9968394637107849,0.05442555621266365,1e-05,0.8666425943374634,1.2126215696334839
1694,0.9981939792633057,0.04822486639022827,1e-05,0.8641127347946167,1.291999101638794
1695,0.9968394637107849,0.0549074187874794,1e-05,0.8626671433448792,1.2475566864013672
1696,0.9974715709686279,0.051399946212768555,1e-05,0.8633899688720703,1.2904435396194458
1697,0.9969297647476196,0.05183546990156174,1e-05,0.8644741773605347,1.2351044416427612
1698,0.9974715709686279,0.053414810448884964,1e-05,0.8630285263061523,1.2285511493682861
1699,0.9981939792633057,0.05031410977244377,1e-05,0.8673653602600098,1.213606595993042
1700,0.9973812699317932,0.05212068185210228,1e-05,0.8677268028259277,1.1972559690475464
1701,0.9979230761528015,0.0503862239420414,1e-05,0.8691723942756653,1.2259188890457153
1702,0.9969297647476196,0.052667491137981415,1e-05,0.8684495687484741,1.1979092359542847
1703,0.998103678226471,0.04947176203131676,1e-05,0.8680881857872009,1.2454593181610107
1704,0.9976521730422974,0.05065612122416496,1e-05,0.862305760383606,1.260148286819458
1705,0.9971103668212891,0.0509134940803051,1e-05,0.8666425943374634,1.2924625873565674
1706,0.9979230761528015,0.050355374813079834,1e-05,0.8644741773605347,1.2742743492126465
1707,0.9978327751159668,0.05107356235384941,1e-05,0.8673653602600098,1.27720308303833
1708,0.9980133771896362,0.05114796385169029,1e-05,0.8662811517715454,1.2425938844680786
1709,0.9972006678581238,0.05205414071679115,1e-05,0.8673653602600098,1.2391363382339478
1710,0.9968394637107849,0.05583728104829788,1e-05,0.8644741773605347,1.2230522632598877
1711,0.9981939792633057,0.05045522004365921,1e-05,0.8659197688102722,1.2506537437438965
1712,0.9974715709686279,0.05226126313209534,1e-05,0.8637513518333435,1.2449836730957031
1713,0.9969297647476196,0.05409500002861023,1e-05,0.8662811517715454,1.2217539548873901
1714,0.9972909688949585,0.05097376927733421,1e-05,0.8659197688102722,1.2017557621002197
1715,0.9982842803001404,0.04882483929395676,1e-05,0.8688110113143921,1.2501170635223389
1716,0.9977424740791321,0.05413801223039627,1e-05,0.865558385848999,1.2486926317214966
1717,0.9976521730422974,0.04920303449034691,1e-05,0.8677268028259277,1.2174395322799683
1718,0.9980133771896362,0.05091637000441551,1e-05,0.865558385848999,1.2172788381576538
1719,0.9972909688949585,0.051625292748212814,1e-05,0.8680881857872009,1.2674684524536133
1720,0.9979230761528015,0.04982481524348259,1e-05,0.865558385848999,1.2393232583999634
1721,0.9970200657844543,0.0558808371424675,1e-05,0.8662811517715454,1.213843822479248
1722,0.9972909688949585,0.05166317895054817,1e-05,0.8688110113143921,1.197507619857788
1723,0.9976521730422974,0.05105214938521385,1e-05,0.8666425943374634,1.1784628629684448
1724,0.9977424740791321,0.04916300252079964,1e-05,0.8684495687484741,1.23090660572052
1725,0.9967491626739502,0.0532393679022789,1e-05,0.8702566027641296,1.230130672454834
1726,0.9974715709686279,0.05057970806956291,1e-05,0.865558385848999,1.2652602195739746
1727,0.9976521730422974,0.0515199676156044,1e-05,0.865196943283081,1.2452993392944336
1728,0.998103678226471,0.048504848033189774,1e-05,0.8688110113143921,1.252466082572937
1729,0.9977424740791321,0.05093121528625488,1e-05,0.8670039772987366,1.2258597612380981
1730,0.9984648823738098,0.04960821568965912,1e-05,0.8641127347946167,1.2833689451217651
1731,0.9977424740791321,0.049182504415512085,1e-05,0.8659197688102722,1.299476981163025
1732,0.9968394637107849,0.05096052959561348,1e-05,0.865196943283081,1.2336361408233643
1733,0.9976521730422974,0.05069788172841072,1e-05,0.8691723942756653,1.208801507949829
1734,0.9966588616371155,0.053251978009939194,1e-05,0.8666425943374634,1.2244435548782349
1735,0.9976521730422974,0.05080035328865051,1e-05,0.8706179857254028,1.2474786043167114
1736,0.9976521730422974,0.049239762127399445,1e-05,0.8666425943374634,1.2341222763061523
1737,0.9973812699317932,0.04917186126112938,1e-05,0.8695337772369385,1.2341755628585815
1738,0.9977424740791321,0.04929552227258682,1e-05,0.8684495687484741,1.239760398864746
1739,0.9972909688949585,0.05158384144306183,1e-05,0.8677268028259277,1.2122066020965576
1740,0.9970200657844543,0.051436230540275574,1e-05,0.8673653602600098,1.2065430879592896
1741,0.9975618720054626,0.05121965706348419,1e-05,0.8702566027641296,1.2268861532211304
1742,0.9976521730422974,0.0519498735666275,1e-05,0.8673653602600098,1.220078468322754
1743,0.9974715709686279,0.049230657517910004,1e-05,0.8680881857872009,1.246672511100769
1744,0.9970200657844543,0.05142515152692795,1e-05,0.865196943283081,1.2514914274215698
1745,0.9975618720054626,0.05362006276845932,1e-05,0.8673653602600098,1.215552568435669
1746,0.9979230761528015,0.049680445343256,1e-05,0.865558385848999,1.2016743421554565
1747,0.998103678226471,0.05068453773856163,1e-05,0.8659197688102722,1.1917917728424072
1748,0.9976521730422974,0.0503799244761467,1e-05,0.8662811517715454,1.285926342010498
1749,0.9974715709686279,0.05085334554314613,1e-05,0.8673653602600098,1.2148959636688232
1750,0.9969297647476196,0.05337988957762718,1e-05,0.8670039772987366,1.1894384622573853
1751,0.9968394637107849,0.05083688348531723,1e-05,0.8648355603218079,1.1906083822250366
1752,0.9974715709686279,0.04924805834889412,1e-05,0.865558385848999,1.21571946144104
1753,0.9973812699317932,0.05109898000955582,1e-05,0.8670039772987366,1.2285383939743042
1754,0.9969297647476196,0.05312415957450867,1e-05,0.8677268028259277,1.216433048248291
1755,0.9968394637107849,0.053546760231256485,1e-05,0.8662811517715454,1.1719211339950562
1756,0.9985551834106445,0.0489019900560379,1e-05,0.8698952198028564,1.2002464532852173
1757,0.9970200657844543,0.05455855280160904,1e-05,0.865558385848999,1.2093193531036377
1758,0.9979230761528015,0.048864301294088364,1e-05,0.8688110113143921,1.1858092546463013
1759,0.9974715709686279,0.0511004701256752,1e-05,0.8666425943374634,1.2330087423324585
1760,0.9977424740791321,0.050507158041000366,1e-05,0.8644741773605347,1.1840368509292603
1761,0.9976521730422974,0.047784700989723206,1e-05,0.8680881857872009,1.2367831468582153
1762,0.9980133771896362,0.049299292266368866,1e-05,0.8637513518333435,1.2450426816940308
1763,0.9968394637107849,0.0504814088344574,1e-05,0.865196943283081,1.2616510391235352
1764,0.9980133771896362,0.04867411032319069,1e-05,0.8677268028259277,1.2357923984527588
1765,0.9972909688949585,0.050458554178476334,1e-05,0.8666425943374634,1.2274259328842163
1766,0.9973812699317932,0.05095329508185387,1e-05,0.8648355603218079,1.2353770732879639
1767,0.9965685606002808,0.05245859920978546,1e-05,0.8702566027641296,1.2079554796218872
1768,0.9974715709686279,0.04835332930088043,1e-05,0.865558385848999,1.2405471801757812
1769,0.9972006678581238,0.049052644520998,1e-05,0.8633899688720703,1.2138129472732544
1770,0.9975618720054626,0.050896283239126205,1e-05,0.8666425943374634,1.2467931509017944
1771,0.9973812699317932,0.05247550085186958,1e-05,0.865196943283081,1.2508666515350342
1772,0.9977424740791321,0.04974913224577904,1e-05,0.8662811517715454,1.2243412733078003
1773,0.9985551834106445,0.04809245839715004,1e-05,0.8641127347946167,1.219005823135376
1774,0.9983745813369751,0.04626506194472313,1e-05,0.8680881857872009,1.2662030458450317
1775,0.9973812699317932,0.04963022843003273,1e-05,0.8677268028259277,1.2667231559753418
1776,0.9976521730422974,0.05187147110700607,1e-05,0.8688110113143921,1.2318288087844849
1777,0.9974715709686279,0.05184267833828926,1e-05,0.8637513518333435,1.226110816001892
1778,0.9975618720054626,0.04925452172756195,1e-05,0.8662811517715454,1.243097186088562
1779,0.9981939792633057,0.047657471150159836,1e-05,0.865558385848999,1.2285279035568237
1780,0.9973812699317932,0.04915010184049606,1e-05,0.865196943283081,1.2030298709869385
1781,0.9971103668212891,0.05178609862923622,1e-05,0.865558385848999,1.2220709323883057
1782,0.9973812699317932,0.052568305283784866,1e-05,0.865558385848999,1.2181593179702759
1783,0.9966588616371155,0.0542190819978714,1e-05,0.8641127347946167,1.1716381311416626
1784,0.9965685606002808,0.051175255328416824,1e-05,0.865196943283081,1.234394907951355
1785,0.9973812699317932,0.050563015043735504,1e-05,0.865558385848999,1.1817034482955933
1786,0.9975618720054626,0.04966668412089348,1e-05,0.8648355603218079,1.1959598064422607
1787,0.9977424740791321,0.04872084781527519,1e-05,0.865558385848999,1.2166303396224976
1788,0.9976521730422974,0.04739103838801384,1e-05,0.8666425943374634,1.2106497287750244
1789,0.9972006678581238,0.05097982659935951,1e-05,0.8630285263061523,1.2650673389434814
1790,0.9969297647476196,0.05211099237203598,1e-05,0.8659197688102722,1.268906593322754
1791,0.9974715709686279,0.049719639122486115,1e-05,0.8630285263061523,1.1856186389923096
1792,0.9966588616371155,0.05306163430213928,1e-05,0.862305760383606,1.178149938583374
1793,0.9970200657844543,0.051392875611782074,1e-05,0.865558385848999,1.2247209548950195
1794,0.998103678226471,0.04795083776116371,1e-05,0.865196943283081,1.2317917346954346
1795,0.9978327751159668,0.04648924618959427,1e-05,0.8608601093292236,1.3070887327194214
1796,0.9979230761528015,0.04814395681023598,1e-05,0.8633899688720703,1.2787810564041138
1797,0.9979230761528015,0.04874512180685997,1e-05,0.865196943283081,1.318156123161316
1798,0.9977424740791321,0.04822820797562599,1e-05,0.8641127347946167,1.2532072067260742
1799,0.9978327751159668,0.04745671898126602,1e-05,0.8633899688720703,1.255484700202942
1800,0.9976521730422974,0.049805283546447754,1e-05,0.8641127347946167,1.2722119092941284
1801,0.9978327751159668,0.05057729035615921,1e-05,0.8648355603218079,1.2619006633758545
1802,0.9972909688949585,0.04961932823061943,1e-05,0.8688110113143921,1.2512909173965454
1803,0.9972909688949585,0.05100569128990173,1e-05,0.8615829348564148,1.239632248878479
1804,0.9980133771896362,0.04797006770968437,1e-05,0.8644741773605347,1.322829246520996
1805,0.9976521730422974,0.04983982816338539,1e-05,0.8648355603218079,1.2845239639282227
1806,0.9976521730422974,0.049398720264434814,1e-05,0.862305760383606,1.3065937757492065
1807,0.9972006678581238,0.05116812884807587,1e-05,0.862305760383606,1.2662866115570068
1808,0.9980133771896362,0.04599818214774132,1e-05,0.8612215518951416,1.2546948194503784
1809,0.9976521730422974,0.04822917655110359,1e-05,0.8641127347946167,1.2696588039398193
1810,0.9974715709686279,0.0490899421274662,1e-05,0.8612215518951416,1.1989177465438843
1811,0.998103678226471,0.048911988735198975,1e-05,0.8644741773605347,1.2365593910217285
1812,0.9977424740791321,0.05222460255026817,1e-05,0.862305760383606,1.270220398902893
1813,0.9980133771896362,0.04895554855465889,1e-05,0.865196943283081,1.2808433771133423
1814,0.9972909688949585,0.050171613693237305,1e-05,0.8673653602600098,1.2697718143463135
1815,0.9977424740791321,0.04677106812596321,1e-05,0.865196943283081,1.2742960453033447
1816,0.9965685606002808,0.0522485226392746,1e-05,0.8659197688102722,1.225406289100647
1817,0.998103678226471,0.047880128026008606,1e-05,0.8644741773605347,1.2558656930923462
1818,0.9974715709686279,0.04923192039132118,1e-05,0.8637513518333435,1.2444267272949219
1819,0.9974715709686279,0.049813397228717804,1e-05,0.8641127347946167,1.2641544342041016
1820,0.9973812699317932,0.04855561628937721,1e-05,0.8644741773605347,1.2602248191833496
1821,0.9979230761528015,0.04584221914410591,1e-05,0.862305760383606,1.2554978132247925
1822,0.9975618720054626,0.04947400465607643,1e-05,0.8608601093292236,1.206252098083496
1823,0.9984648823738098,0.04587787017226219,1e-05,0.8601373434066772,1.2529339790344238
1824,0.9972006678581238,0.05082547664642334,1e-05,0.8615829348564148,1.2946662902832031
1825,0.9976521730422974,0.04801648110151291,1e-05,0.861944317817688,1.2792134284973145
1826,0.9962073564529419,0.05312653258442879,1e-05,0.8612215518951416,1.2914916276931763
1827,0.9970200657844543,0.05036647617816925,1e-05,0.8612215518951416,1.2327842712402344
1828,0.9960267543792725,0.05297550559043884,1e-05,0.8659197688102722,1.1800425052642822
1829,0.9974715709686279,0.0480276457965374,1e-05,0.8648355603218079,1.2432246208190918
1830,0.9974715709686279,0.04862520471215248,1e-05,0.8604987263679504,1.2329076528549194
1831,0.9975618720054626,0.04969540983438492,1e-05,0.8633899688720703,1.2361441850662231
1832,0.9973812699317932,0.04892350733280182,1e-05,0.8615829348564148,1.2221195697784424
1833,0.9968394637107849,0.05233881622552872,1e-05,0.8641127347946167,1.206520676612854
1834,0.9972909688949585,0.04965338855981827,1e-05,0.8630285263061523,1.2158021926879883
1835,0.9978327751159668,0.0472244955599308,1e-05,0.8594145178794861,1.2237284183502197
1836,0.9972909688949585,0.05103364586830139,1e-05,0.8630285263061523,1.221220850944519
1837,0.9984648823738098,0.044605184346437454,1e-05,0.8626671433448792,1.2236933708190918
1838,0.9980133771896362,0.04945127293467522,1e-05,0.861944317817688,1.302979826927185
1839,0.9978327751159668,0.04803059995174408,1e-05,0.862305760383606,1.3131697177886963
1840,0.9980133771896362,0.04935760423541069,1e-05,0.8615829348564148,1.2866966724395752
1841,0.9977424740791321,0.048764102160930634,1e-05,0.8612215518951416,1.2464762926101685
1842,0.9965685606002808,0.05042501911520958,1e-05,0.8670039772987366,1.2564113140106201
1843,0.9974715709686279,0.04770214483141899,1e-05,0.8630285263061523,1.2475265264511108
1844,0.9971103668212891,0.05048999562859535,1e-05,0.8659197688102722,1.2293663024902344
1845,0.9976521730422974,0.050174884498119354,1e-05,0.8666425943374634,1.2145376205444336
1846,0.9977424740791321,0.04709303379058838,1e-05,0.865196943283081,1.2128429412841797
1847,0.9981939792633057,0.04730844497680664,1e-05,0.8670039772987366,1.2799745798110962
1848,0.9972006678581238,0.052062664180994034,1e-05,0.8670039772987366,1.2153451442718506
1849,0.9973812699317932,0.04871692880988121,1e-05,0.8626671433448792,1.2340614795684814
1850,0.9975618720054626,0.0497165285050869,1e-05,0.865558385848999,1.2186155319213867
1851,0.9979230761528015,0.04656650125980377,1e-05,0.8615829348564148,1.235994577407837
1852,0.9977424740791321,0.050177864730358124,1e-05,0.8630285263061523,1.2333987951278687
1853,0.9977424740791321,0.05057898163795471,1e-05,0.8608601093292236,1.2323493957519531
1854,0.9973812699317932,0.04861897602677345,1e-05,0.8637513518333435,1.2264034748077393
1855,0.9978327751159668,0.04720671847462654,1e-05,0.8648355603218079,1.2015265226364136
1856,0.9985551834106445,0.04591793566942215,1e-05,0.8659197688102722,1.2225017547607422
1857,0.9980133771896362,0.046662673354148865,1e-05,0.8648355603218079,1.2204501628875732
1858,0.9973812699317932,0.045631539076566696,1e-05,0.8662811517715454,1.2548514604568481
1859,0.9985551834106445,0.044900137931108475,1e-05,0.8633899688720703,1.2504115104675293
1860,0.9988260865211487,0.04425197094678879,1e-05,0.865196943283081,1.25486159324646
1861,0.9981939792633057,0.04652084410190582,1e-05,0.8698952198028564,1.2708148956298828
1862,0.9975618720054626,0.04876895993947983,1e-05,0.8677268028259277,1.2653428316116333
1863,0.9974715709686279,0.047173094004392624,1e-05,0.865558385848999,1.2713998556137085
1864,0.9983745813369751,0.04611540213227272,1e-05,0.8680881857872009,1.2708946466445923
1865,0.9983745813369751,0.04459820315241814,1e-05,0.8673653602600098,1.279455304145813
1866,0.9976521730422974,0.049681685864925385,1e-05,0.8648355603218079,1.2843977212905884
1867,0.9981939792633057,0.04650130867958069,1e-05,0.8666425943374634,1.3180407285690308
1868,0.9972006678581238,0.04963959380984306,1e-05,0.8680881857872009,1.2639973163604736
1869,0.9974715709686279,0.04724731296300888,1e-05,0.8709794282913208,1.2337234020233154
1870,0.9975618720054626,0.04872206971049309,1e-05,0.865196943283081,1.2542513608932495
1871,0.9980133771896362,0.04516737908124924,1e-05,0.8659197688102722,1.265427827835083
1872,0.9970200657844543,0.047835320234298706,1e-05,0.8659197688102722,1.215935468673706
1873,0.9979230761528015,0.0453648678958416,1e-05,0.8677268028259277,1.2658748626708984
1874,0.9978327751159668,0.04935833811759949,1e-05,0.8633899688720703,1.262186884880066
1875,0.9968394637107849,0.05045093223452568,1e-05,0.8662811517715454,1.2547988891601562
1876,0.998103678226471,0.045367222279310226,1e-05,0.8662811517715454,1.2641850709915161
1877,0.9979230761528015,0.046416398137807846,1e-05,0.8633899688720703,1.209383249282837
1878,0.9973812699317932,0.04785047844052315,1e-05,0.8648355603218079,1.2437474727630615
1879,0.9976521730422974,0.049027036875486374,1e-05,0.8673653602600098,1.28001868724823
1880,0.9972006678581238,0.049917250871658325,1e-05,0.8637513518333435,1.2371697425842285
1881,0.9981939792633057,0.0452829971909523,1e-05,0.8673653602600098,1.2553248405456543
1882,0.9979230761528015,0.05280885845422745,1e-05,0.8680881857872009,1.2090551853179932
1883,0.998103678226471,0.04664459824562073,1e-05,0.8677268028259277,1.2605878114700317
1884,0.9973812699317932,0.04925694689154625,1e-05,0.8659197688102722,1.2836756706237793
1885,0.9975618720054626,0.05106591060757637,1e-05,0.8644741773605347,1.2234327793121338
1886,0.9978327751159668,0.04819938540458679,1e-05,0.8659197688102722,1.251660704612732
1887,0.9976521730422974,0.04684649780392647,1e-05,0.8648355603218079,1.228808879852295
1888,0.9977424740791321,0.047335945069789886,1e-05,0.8644741773605347,1.2000179290771484
1889,0.9982842803001404,0.047281213104724884,1e-05,0.865558385848999,1.2109403610229492
1890,0.9963879585266113,0.05341549962759018,1e-05,0.8648355603218079,1.2371432781219482
1891,0.9971103668212891,0.050625279545784,1e-05,0.865558385848999,1.2228410243988037
1892,0.9976521730422974,0.0478428415954113,1e-05,0.8630285263061523,1.2124578952789307
1893,0.9976521730422974,0.04797392338514328,1e-05,0.8633899688720703,1.1790797710418701
1894,0.9979230761528015,0.045652735978364944,1e-05,0.8644741773605347,1.3246840238571167
1895,0.9968394637107849,0.04863743484020233,1e-05,0.8698952198028564,1.156078815460205
1896,0.9984648823738098,0.046078506857156754,1e-05,0.8648355603218079,1.2391226291656494
1897,0.9977424740791321,0.04552685096859932,1e-05,0.8648355603218079,1.2377561330795288
1898,0.9978327751159668,0.046952906996011734,1e-05,0.8666425943374634,1.2444541454315186
1899,0.998735785484314,0.04425821453332901,1e-05,0.865558385848999,1.2502331733703613
1900,0.9975618720054626,0.0475754588842392,1e-05,0.8659197688102722,1.2683701515197754
1901,0.9980133771896362,0.046350106596946716,1e-05,0.8662811517715454,1.3161849975585938
1902,0.9979230761528015,0.04679546877741814,1e-05,0.8630285263061523,1.2703616619110107
1903,0.9971103668212891,0.04959769546985626,1e-05,0.8659197688102722,1.2390433549880981
1904,0.9973812699317932,0.04907530918717384,1e-05,0.8680881857872009,1.2839027643203735
1905,0.9981939792633057,0.04531998187303543,1e-05,0.862305760383606,1.2705515623092651
1906,0.9978327751159668,0.046603936702013016,1e-05,0.8680881857872009,1.280808448791504
1907,0.9986454844474792,0.045932378619909286,1e-05,0.861944317817688,1.3211419582366943
1908,0.9983745813369751,0.045813530683517456,1e-05,0.8644741773605347,1.3168193101882935
1909,0.9988260865211487,0.04608588665723801,1e-05,0.862305760383606,1.3131694793701172
1910,0.9983745813369751,0.04615456983447075,1e-05,0.8644741773605347,1.3124465942382812
1911,0.9975618720054626,0.04882797598838806,1e-05,0.8648355603218079,1.2684614658355713
1912,0.9978327751159668,0.046854663640260696,1e-05,0.8670039772987366,1.2896150350570679
1913,0.9976521730422974,0.046287503093481064,1e-05,0.865196943283081,1.2461587190628052
1914,0.9972909688949585,0.05035417899489403,1e-05,0.8637513518333435,1.3149727582931519
1915,0.9985551834106445,0.04392313212156296,1e-05,0.8597759008407593,1.2522681951522827
1916,0.9971103668212891,0.05094459652900696,1e-05,0.8662811517715454,1.2354804277420044
1917,0.9978327751159668,0.04745332524180412,1e-05,0.8659197688102722,1.2267414331436157
1918,0.9978327751159668,0.04537801444530487,1e-05,0.8677268028259277,1.2896028757095337
1919,0.9982842803001404,0.045652829110622406,1e-05,0.8684495687484741,1.222859501838684
1920,0.9981939792633057,0.04372919723391533,1e-05,0.8680881857872009,1.2448962926864624
1921,0.998103678226471,0.04432513564825058,1e-05,0.8670039772987366,1.2965409755706787
1922,0.9976521730422974,0.04683726280927658,1e-05,0.865196943283081,1.2663205862045288
1923,0.9970200657844543,0.049255646765232086,1e-05,0.8688110113143921,1.2800025939941406
1924,0.9975618720054626,0.04840296879410744,1e-05,0.8677268028259277,1.2383631467819214
1925,0.9983745813369751,0.04537666216492653,1e-05,0.8662811517715454,1.2717641592025757
1926,0.9968394637107849,0.050649579614400864,1e-05,0.8684495687484741,1.2869149446487427
1927,0.9980133771896362,0.04557318612933159,1e-05,0.8633899688720703,1.26124107837677
1928,0.998103678226471,0.04644419997930527,1e-05,0.8608601093292236,1.2726086378097534
1929,0.9975618720054626,0.0502331517636776,1e-05,0.8630285263061523,1.2568093538284302
1930,0.9971103668212891,0.04830778390169144,1e-05,0.8637513518333435,1.235817313194275
1931,0.9984648823738098,0.043359141796827316,1e-05,0.8633899688720703,1.2455421686172485
1932,0.9971103668212891,0.04874083399772644,1e-05,0.865196943283081,1.2475064992904663
1933,0.9985551834106445,0.04342734441161156,1e-05,0.862305760383606,1.2367839813232422
1934,0.9981939792633057,0.04456596076488495,1e-05,0.8641127347946167,1.2696421146392822
1935,0.9969297647476196,0.047562144696712494,1e-05,0.862305760383606,1.2776403427124023
1936,0.9982842803001404,0.043623052537441254,1e-05,0.8568847179412842,1.2767707109451294
1937,0.9972909688949585,0.047412388026714325,1e-05,0.8633899688720703,1.2848938703536987
1938,0.9971103668212891,0.05035284534096718,1e-05,0.8601373434066772,1.2558925151824951
1939,0.9976521730422974,0.04683297872543335,1e-05,0.8597759008407593,1.2526719570159912
1940,0.9984648823738098,0.04493183642625809,1e-05,0.8630285263061523,1.2759735584259033
1941,0.9979230761528015,0.046186674386262894,1e-05,0.8608601093292236,1.2575544118881226
1942,0.9971103668212891,0.048167575150728226,1e-05,0.8641127347946167,1.271458625793457
1943,0.998103678226471,0.04681382328271866,1e-05,0.8612215518951416,1.2661818265914917
1944,0.9976521730422974,0.04643603041768074,1e-05,0.8630285263061523,1.263183355331421
1945,0.9978327751159668,0.04648728668689728,1e-05,0.8626671433448792,1.2216119766235352
1946,0.9980133771896362,0.0456901453435421,1e-05,0.8662811517715454,1.2369327545166016
1947,0.9974715709686279,0.04660904407501221,1e-05,0.8633899688720703,1.258836269378662
1948,0.9972909688949585,0.049980517476797104,1e-05,0.862305760383606,1.1809803247451782
1949,0.9979230761528015,0.04519221559166908,1e-05,0.8637513518333435,1.2232877016067505
1950,0.9978327751159668,0.04608232155442238,1e-05,0.8666425943374634,1.2483769655227661
1951,0.9975618720054626,0.048625651746988297,1e-05,0.8626671433448792,1.2221442461013794
1952,0.9978327751159668,0.0456668995320797,1e-05,0.8626671433448792,1.2640182971954346
1953,0.9970200657844543,0.048393525183200836,1e-05,0.865558385848999,1.2371855974197388
1954,0.998103678226471,0.04303910955786705,1e-05,0.861944317817688,1.2751309871673584
1955,0.9974715709686279,0.04703284054994583,1e-05,0.8633899688720703,1.2651721239089966
1956,0.9972006678581238,0.04865605756640434,1e-05,0.8641127347946167,1.2436715364456177
1957,0.9983745813369751,0.043787773698568344,1e-05,0.865558385848999,1.2744319438934326
1958,0.9978327751159668,0.04540009796619415,1e-05,0.8648355603218079,1.271268606185913
1959,0.996478259563446,0.04901232197880745,1e-05,0.8659197688102722,1.2182466983795166
1960,0.9975618720054626,0.04704554006457329,1e-05,0.865558385848999,1.2280198335647583
1961,0.9984648823738098,0.0465046726167202,1e-05,0.8648355603218079,1.2371793985366821
1962,0.9976521730422974,0.04762541130185127,1e-05,0.8698952198028564,1.223758339881897
1963,0.998103678226471,0.044094767421483994,1e-05,0.865558385848999,1.2587172985076904
1964,0.9982842803001404,0.04552469775080681,1e-05,0.8659197688102722,1.2272669076919556
1965,0.9981939792633057,0.04667798429727554,1e-05,0.8670039772987366,1.2412797212600708
1966,0.9977424740791321,0.04948223754763603,1e-05,0.865196943283081,1.239643931388855
1967,0.9976521730422974,0.04774026200175285,1e-05,0.8666425943374634,1.2194750308990479
1968,0.9971103668212891,0.048494212329387665,1e-05,0.8691723942756653,1.2489067316055298
1969,0.9983745813369751,0.043542660772800446,1e-05,0.8677268028259277,1.2598215341567993
1970,0.9981939792633057,0.045512959361076355,1e-05,0.8670039772987366,1.2598367929458618
1971,0.9979230761528015,0.04674288257956505,1e-05,0.8644741773605347,1.286505937576294
1972,0.9974715709686279,0.045225054025650024,1e-05,0.8659197688102722,1.2987810373306274
1973,0.9975618720054626,0.04719194397330284,1e-05,0.8659197688102722,1.2080905437469482
1974,0.9978327751159668,0.046490371227264404,1e-05,0.8637513518333435,1.2530568838119507
1975,0.9972006678581238,0.04807428643107414,1e-05,0.862305760383606,1.2694413661956787
1976,0.998103678226471,0.04404642805457115,1e-05,0.8612215518951416,1.305811882019043
1977,0.9976521730422974,0.047741103917360306,1e-05,0.8597759008407593,1.236732006072998
1978,0.9982842803001404,0.04537537693977356,1e-05,0.8680881857872009,1.249961256980896
1979,0.9975618720054626,0.04994393140077591,1e-05,0.8662811517715454,1.2750605344772339
1980,0.9977424740791321,0.04551992565393448,1e-05,0.8673653602600098,1.25381338596344
1981,0.9974715709686279,0.04816671833395958,1e-05,0.8670039772987366,1.264289379119873
1982,0.998735785484314,0.04297427833080292,1e-05,0.8637513518333435,1.3003877401351929
1983,0.9973812699317932,0.04691816121339798,1e-05,0.8630285263061523,1.2765625715255737
1984,0.9971103668212891,0.048223719000816345,1e-05,0.8644741773605347,1.257271409034729
1985,0.9977424740791321,0.04468280076980591,1e-05,0.8644741773605347,1.2631465196609497
1986,0.9972909688949585,0.047625619918107986,1e-05,0.865196943283081,1.2727268934249878
1987,0.9985551834106445,0.043709978461265564,1e-05,0.8662811517715454,1.2731245756149292
1988,0.996478259563446,0.04977110028266907,1e-05,0.8666425943374634,1.256324052810669
1989,0.9975618720054626,0.047543223947286606,1e-05,0.8626671433448792,1.258439302444458
1990,0.9979230761528015,0.04808196425437927,1e-05,0.8659197688102722,1.2174454927444458
1991,0.9972909688949585,0.048668306320905685,1e-05,0.8662811517715454,1.2192659378051758
1992,0.998103678226471,0.04500354826450348,1e-05,0.8648355603218079,1.2412046194076538
1993,0.9974715709686279,0.04644983634352684,1e-05,0.8691723942756653,1.2237757444381714
1994,0.9977424740791321,0.04456296190619469,1e-05,0.8659197688102722,1.2828197479248047
1995,0.9975618720054626,0.049269914627075195,1e-05,0.8695337772369385,1.276214838027954
1996,0.9980133771896362,0.045977912843227386,1e-05,0.8630285263061523,1.2923411130905151
1997,0.9981939792633057,0.04345386102795601,1e-05,0.8702566027641296,1.272903561592102
1998,0.9976521730422974,0.04606429859995842,1e-05,0.8648355603218079,1.2684434652328491
1999,0.9977424740791321,0.04596836119890213,1e-05,0.8680881857872009,1.2545092105865479
2000,0.9975618720054626,0.04543979465961456,1e-05,0.8659197688102722,1.2693082094192505
2001,0.9982842803001404,0.045685697346925735,1e-05,0.8644741773605347,1.2578465938568115
2002,0.9975618720054626,0.04517510533332825,1e-05,0.8684495687484741,1.2415759563446045
2003,0.9974715709686279,0.04856153577566147,1e-05,0.865196943283081,1.2311725616455078
2004,0.9975618720054626,0.04839755594730377,1e-05,0.861944317817688,1.2817548513412476
2005,0.9976521730422974,0.0467773973941803,1e-05,0.8670039772987366,1.237252950668335
2006,0.9971103668212891,0.047539591789245605,1e-05,0.8677268028259277,1.2028981447219849
2007,0.9981939792633057,0.046078238636255264,1e-05,0.8641127347946167,1.2053231000900269
2008,0.9972006678581238,0.04730849713087082,1e-05,0.865196943283081,1.2435153722763062
2009,0.9977424740791321,0.04528598114848137,1e-05,0.8648355603218079,1.2351161241531372
2010,0.9975618720054626,0.04977274313569069,1e-05,0.8648355603218079,1.1669714450836182
2011,0.9974715709686279,0.04770608991384506,1e-05,0.865196943283081,1.2301418781280518
2012,0.9976521730422974,0.04656079784035683,1e-05,0.865558385848999,1.2411913871765137
2013,0.9972006678581238,0.049690984189510345,1e-05,0.8677268028259277,1.2357546091079712
2014,0.9975618720054626,0.04561280459165573,1e-05,0.8637513518333435,1.2404054403305054
2015,0.9986454844474792,0.042002949863672256,1e-05,0.8677268028259277,1.193213701248169
2016,0.9972006678581238,0.049171485006809235,1e-05,0.8644741773605347,1.1921809911727905
2017,0.9979230761528015,0.04402318596839905,1e-05,0.865558385848999,1.2371004819869995
2018,0.9980133771896362,0.04526882991194725,1e-05,0.8666425943374634,1.2152369022369385
2019,0.9977424740791321,0.047471728175878525,1e-05,0.8673653602600098,1.2261402606964111
2020,0.9975618720054626,0.046526722609996796,1e-05,0.865196943283081,1.2506823539733887
2021,0.9976521730422974,0.04765624180436134,1e-05,0.865558385848999,1.243728756904602
2022,0.9974715709686279,0.045856524258852005,1e-05,0.8630285263061523,1.2633613348007202
2023,0.9974715709686279,0.045438800007104874,1e-05,0.8630285263061523,1.2296019792556763
2024,0.9982842803001404,0.04316858947277069,1e-05,0.865558385848999,1.2123377323150635
2025,0.9973812699317932,0.0469990000128746,1e-05,0.8633899688720703,1.2646080255508423
2026,0.9976521730422974,0.044429630041122437,1e-05,0.8626671433448792,1.2199432849884033
2027,0.9982842803001404,0.04278842359781265,1e-05,0.8615829348564148,1.2224751710891724
2028,0.9989163875579834,0.04074588790535927,1e-05,0.8662811517715454,1.3014994859695435
2029,0.9971103668212891,0.0474301315844059,1e-05,0.8666425943374634,1.2776086330413818
2030,0.9985551834106445,0.04359062761068344,1e-05,0.8698952198028564,1.2040655612945557
2031,0.9985551834106445,0.04301869496703148,1e-05,0.861944317817688,1.2578344345092773
2032,0.9981939792633057,0.04465027153491974,1e-05,0.8659197688102722,1.2302995920181274
2033,0.9980133771896362,0.044996120035648346,1e-05,0.8698952198028564,1.2945448160171509
2034,0.9981939792633057,0.04332505911588669,1e-05,0.8648355603218079,1.287971019744873
2035,0.9981939792633057,0.043734923005104065,1e-05,0.8648355603218079,1.318419337272644
2036,0.9976521730422974,0.0467848964035511,1e-05,0.8637513518333435,1.2642822265625
2037,0.9981939792633057,0.044745899736881256,1e-05,0.8637513518333435,1.2749550342559814
2038,0.9973812699317932,0.04889629781246185,1e-05,0.8637513518333435,1.3194831609725952
2039,0.9984648823738098,0.04365171864628792,1e-05,0.865558385848999,1.2739241123199463
2040,0.998103678226471,0.045701563358306885,1e-05,0.8644741773605347,1.2834941148757935
2041,0.9980133771896362,0.04419863224029541,1e-05,0.8644741773605347,1.266607403755188
2042,0.9977424740791321,0.04435949772596359,1e-05,0.861944317817688,1.258996605873108
2043,0.9979230761528015,0.04547389596700668,1e-05,0.865558385848999,1.3121837377548218
2044,0.9970200657844543,0.0472700409591198,1e-05,0.865196943283081,1.289347767829895
2045,0.9986454844474792,0.04328138008713722,1e-05,0.865558385848999,1.2401598691940308
2046,0.9977424740791321,0.04466327279806137,1e-05,0.8644741773605347,1.259812831878662
2047,0.9975618720054626,0.04855384677648544,1e-05,0.8666425943374634,1.225996732711792
2048,0.9975618720054626,0.044944342225790024,1e-05,0.8644741773605347,1.2186013460159302
2049,0.998103678226471,0.04477233067154884,1e-05,0.862305760383606,1.2660627365112305
2050,0.9977424740791321,0.04534881189465523,1e-05,0.8626671433448792,1.2372742891311646
2051,0.9974715709686279,0.04436792433261871,1e-05,0.865558385848999,1.2160183191299438
2052,0.9972006678581238,0.04757147654891014,1e-05,0.8644741773605347,1.2446476221084595
2053,0.9978327751159668,0.04652981460094452,1e-05,0.8648355603218079,1.1966043710708618
2054,0.9980133771896362,0.04476448521018028,1e-05,0.8662811517715454,1.2077609300613403
2055,0.9978327751159668,0.04717282950878143,1e-05,0.8659197688102722,1.2597242593765259
2056,0.9979230761528015,0.045669566839933395,1e-05,0.8662811517715454,1.2919760942459106
2057,0.9981939792633057,0.044385578483343124,1e-05,0.8630285263061523,1.2561328411102295
2058,0.9982842803001404,0.04228461906313896,1e-05,0.8626671433448792,1.2853429317474365
2059,0.9974715709686279,0.04578080773353577,1e-05,0.8597759008407593,1.281378149986267
2060,0.9980133771896362,0.046389129012823105,1e-05,0.8648355603218079,1.2613160610198975
2061,0.9978327751159668,0.0440254732966423,1e-05,0.8648355603218079,1.255696415901184
2062,0.9979230761528015,0.04447363317012787,1e-05,0.862305760383606,1.2587271928787231
2063,0.9980133771896362,0.04487314820289612,1e-05,0.865196943283081,1.2964894771575928
2064,0.9979230761528015,0.04510577768087387,1e-05,0.865558385848999,1.2607996463775635
2065,0.998103678226471,0.04373384267091751,1e-05,0.8670039772987366,1.235884189605713
2066,0.9974715709686279,0.04652751237154007,1e-05,0.8662811517715454,1.2661980390548706
2067,0.998103678226471,0.044733546674251556,1e-05,0.8680881857872009,1.274267554283142
2068,0.9976521730422974,0.044698748737573624,1e-05,0.8648355603218079,1.1933566331863403
2069,0.9975618720054626,0.045613646507263184,1e-05,0.865196943283081,1.22455894947052
2070,0.9983745813369751,0.04478275775909424,1e-05,0.8612215518951416,1.1914397478103638
2071,0.9974715709686279,0.045608196407556534,1e-05,0.8677268028259277,1.2731127738952637
2072,0.9973812699317932,0.047435615211725235,1e-05,0.8662811517715454,1.174445629119873
2073,0.9973812699317932,0.047325167804956436,1e-05,0.8648355603218079,1.171850323677063
2074,0.9970200657844543,0.047309212386608124,1e-05,0.8684495687484741,1.1877317428588867
2075,0.9968394637107849,0.04582652077078819,1e-05,0.871340811252594,1.2572132349014282
2076,0.9986454844474792,0.04169434309005737,1e-05,0.8698952198028564,1.1804885864257812
2077,0.9981939792633057,0.042996231466531754,1e-05,0.8691723942756653,1.1994428634643555
2078,0.9979230761528015,0.044408343732357025,1e-05,0.871340811252594,1.2454298734664917
2079,0.9974715709686279,0.04568684101104736,1e-05,0.8709794282913208,1.2841099500656128
2080,0.9981939792633057,0.043932560831308365,1e-05,0.8680881857872009,1.2585145235061646
2081,0.9981939792633057,0.04200803115963936,1e-05,0.8691723942756653,1.248347282409668
2082,0.9980133771896362,0.044863224029541016,1e-05,0.8717021942138672,1.2752829790115356
2083,0.9982842803001404,0.041976939886808395,1e-05,0.8673653602600098,1.254982829093933
2084,0.9980133771896362,0.04444235563278198,1e-05,0.8677268028259277,1.235400676727295
2085,0.9972909688949585,0.04699474573135376,1e-05,0.8702566027641296,1.2807717323303223
2086,0.9982842803001404,0.042445048689842224,1e-05,0.8670039772987366,1.2684091329574585
2087,0.9980133771896362,0.04436821863055229,1e-05,0.8666425943374634,1.2931455373764038
2088,0.9977424740791321,0.04354312643408775,1e-05,0.8673653602600098,1.302225947380066
2089,0.9983745813369751,0.042866211384534836,1e-05,0.8688110113143921,1.2539916038513184
2090,0.9973812699317932,0.04930133372545242,1e-05,0.865558385848999,1.268032193183899
2091,0.9972909688949585,0.04552184417843819,1e-05,0.865196943283081,1.2281166315078735
2092,0.9978327751159668,0.04580705985426903,1e-05,0.8648355603218079,1.2294609546661377
2093,0.9971103668212891,0.04747682064771652,1e-05,0.8644741773605347,1.254512071609497
2094,0.9972909688949585,0.04711401090025902,1e-05,0.8626671433448792,1.2310034036636353
2095,0.9972006678581238,0.044463470578193665,1e-05,0.8648355603218079,1.2047227621078491
2096,0.9981939792633057,0.04217859357595444,1e-05,0.8670039772987366,1.2356890439987183
2097,0.9988260865211487,0.0410928912460804,1e-05,0.8644741773605347,1.2652448415756226
2098,0.9977424740791321,0.043234847486019135,1e-05,0.8662811517715454,1.2529730796813965
2099,0.996478259563446,0.04772915691137314,1e-05,0.8641127347946167,1.2722307443618774
2100,0.998103678226471,0.044695623219013214,1e-05,0.8641127347946167,1.2718474864959717
2101,0.9971103668212891,0.045638300478458405,1e-05,0.865558385848999,1.2683080434799194
2102,0.998103678226471,0.043682243674993515,1e-05,0.8659197688102722,1.2954235076904297
2103,0.9972909688949585,0.04499710723757744,1e-05,0.8626671433448792,1.1888991594314575
2104,0.9976521730422974,0.04412205517292023,1e-05,0.8666425943374634,1.2783547639846802
2105,0.9986454844474792,0.04148060828447342,1e-05,0.865196943283081,1.228102207183838
2106,0.9970200657844543,0.04718600586056709,1e-05,0.8666425943374634,1.1885625123977661
2107,0.998103678226471,0.0425817035138607,1e-05,0.8626671433448792,1.2551262378692627
2108,0.9977424740791321,0.0465247742831707,1e-05,0.8670039772987366,1.2446558475494385
2109,0.9973812699317932,0.047583285719156265,1e-05,0.8626671433448792,1.2557271718978882
2110,0.9979230761528015,0.044889647513628006,1e-05,0.8633899688720703,1.2587871551513672
2111,0.9975618720054626,0.04730531573295593,1e-05,0.8662811517715454,1.2705190181732178
2112,0.9979230761528015,0.04237722232937813,1e-05,0.8633899688720703,1.2315959930419922
2113,0.9977424740791321,0.04143334552645683,1e-05,0.8615829348564148,1.2679040431976318
2114,0.998103678226471,0.04313122108578682,1e-05,0.8637513518333435,1.3357917070388794
2115,0.9969297647476196,0.04440892115235329,1e-05,0.865558385848999,1.2722915410995483
2116,0.9982842803001404,0.04189654812216759,1e-05,0.8648355603218079,1.2089437246322632
2117,0.9982842803001404,0.043755438178777695,1e-05,0.8677268028259277,1.2550396919250488
2118,0.9974715709686279,0.044796209782361984,1e-05,0.8626671433448792,1.250160813331604
2119,0.9978327751159668,0.0435616560280323,1e-05,0.8615829348564148,1.2647653818130493
2120,0.9972909688949585,0.049011968076229095,1e-05,0.865558385848999,1.2290172576904297
2121,0.9981939792633057,0.04103734344244003,1e-05,0.8648355603218079,1.239888072013855
2122,0.9983745813369751,0.04258346930146217,1e-05,0.8626671433448792,1.2254059314727783
2123,0.998103678226471,0.04290149360895157,1e-05,0.8612215518951416,1.2270638942718506
2124,0.9971103668212891,0.04803679510951042,1e-05,0.865196943283081,1.2288939952850342
2125,0.9989163875579834,0.039679039269685745,1e-05,0.8612215518951416,1.275612473487854
2126,0.9977424740791321,0.044787414371967316,1e-05,0.862305760383606,1.2759371995925903
2127,0.9974715709686279,0.043587882071733475,1e-05,0.8637513518333435,1.3118571043014526
2128,0.9976521730422974,0.044942457228899,1e-05,0.862305760383606,1.2964038848876953
2129,0.9982842803001404,0.04349105805158615,1e-05,0.8633899688720703,1.2622473239898682
2130,0.9979230761528015,0.04246135801076889,1e-05,0.8727864027023315,1.2603223323822021
2131,0.9975618720054626,0.04492194205522537,1e-05,0.8691723942756653,1.244097352027893
2132,0.9977424740791321,0.0457562617957592,1e-05,0.8688110113143921,1.2628322839736938
2133,0.9975618720054626,0.04419640451669693,1e-05,0.8673653602600098,1.214156985282898
2134,0.9977424740791321,0.04249250516295433,1e-05,0.865196943283081,1.239312767982483
2135,0.9983745813369751,0.041959453374147415,1e-05,0.8648355603218079,1.2087939977645874
2136,0.9972909688949585,0.04606341943144798,1e-05,0.861944317817688,1.2295016050338745
2137,0.9985551834106445,0.04019248113036156,1e-05,0.8648355603218079,1.2795913219451904
2138,0.9977424740791321,0.04375217482447624,1e-05,0.8662811517715454,1.260127067565918
2139,0.9973812699317932,0.044409554451704025,1e-05,0.8659197688102722,1.2606682777404785
2140,0.9978327751159668,0.042070865631103516,1e-05,0.8641127347946167,1.2039910554885864
2141,0.9980133771896362,0.042770739644765854,1e-05,0.8684495687484741,1.2441504001617432
2142,0.9980133771896362,0.04185901954770088,1e-05,0.8662811517715454,1.2512329816818237
2143,0.9986454844474792,0.04100295528769493,1e-05,0.8637513518333435,1.3079233169555664
2144,0.9978327751159668,0.04557400569319725,1e-05,0.8670039772987366,1.3342082500457764
2145,0.9982842803001404,0.041693128645420074,1e-05,0.8612215518951416,1.265011191368103
2146,0.9980133771896362,0.04471028596162796,1e-05,0.8666425943374634,1.2649714946746826
2147,0.9983745813369751,0.041670944541692734,1e-05,0.8659197688102722,1.3128597736358643
2148,0.9978327751159668,0.042853403836488724,1e-05,0.8641127347946167,1.3371580839157104
2149,0.9962976574897766,0.0507425032556057,1e-05,0.8680881857872009,1.1817288398742676
2150,0.9978327751159668,0.04350025951862335,1e-05,0.8633899688720703,1.2616342306137085
2151,0.9979230761528015,0.043553296476602554,1e-05,0.8648355603218079,1.2659269571304321
2152,0.9979230761528015,0.042674191296100616,1e-05,0.8637513518333435,1.2881795167922974
2153,0.9975618720054626,0.044785335659980774,1e-05,0.8633899688720703,1.2698224782943726
2154,0.9979230761528015,0.04325472563505173,1e-05,0.8630285263061523,1.2840029001235962
2155,0.9978327751159668,0.043752655386924744,1e-05,0.865196943283081,1.3083335161209106
2156,0.9978327751159668,0.04383990541100502,1e-05,0.8644741773605347,1.281563639640808
2157,0.9979230761528015,0.04214639216661453,1e-05,0.8612215518951416,1.3106118440628052
2158,0.9972909688949585,0.04603259637951851,1e-05,0.8597759008407593,1.3614038228988647
2159,0.9973812699317932,0.04340357333421707,1e-05,0.862305760383606,1.307250738143921
2160,0.9972909688949585,0.045899223536252975,1e-05,0.8666425943374634,1.2346844673156738
2161,0.9981939792633057,0.04070274531841278,1e-05,0.8702566027641296,1.2790907621383667
2162,0.9977424740791321,0.044518545269966125,1e-05,0.8673653602600098,1.2372242212295532
2163,0.998103678226471,0.042193375527858734,1e-05,0.8641127347946167,1.2851988077163696
2164,0.9974715709686279,0.04566766321659088,1e-05,0.8680881857872009,1.243457555770874
2165,0.9979230761528015,0.04508708044886589,1e-05,0.8633899688720703,1.2387404441833496
2166,0.9977424740791321,0.043020620942115784,1e-05,0.8659197688102722,1.2884833812713623
2167,0.9974715709686279,0.04583164304494858,1e-05,0.8673653602600098,1.2802770137786865
2168,0.9982842803001404,0.04005110263824463,1e-05,0.8666425943374634,1.234055757522583
2169,0.9976521730422974,0.043656736612319946,1e-05,0.8662811517715454,1.229676365852356
2170,0.9974715709686279,0.0445965938270092,1e-05,0.8666425943374634,1.1971328258514404
2171,0.9973812699317932,0.04353313520550728,1e-05,0.8644741773605347,1.2392950057983398
2172,0.9979230761528015,0.042979564517736435,1e-05,0.865196943283081,1.2571169137954712
2173,0.9972006678581238,0.04405907168984413,1e-05,0.8630285263061523,1.2219340801239014
2174,0.9973812699317932,0.04546571522951126,1e-05,0.8641127347946167,1.208491563796997
2175,0.9976521730422974,0.04648621752858162,1e-05,0.8670039772987366,1.2122223377227783
2176,0.9981939792633057,0.04259871691465378,1e-05,0.865196943283081,1.2265470027923584
2177,0.9980133771896362,0.04506543651223183,1e-05,0.8670039772987366,1.2355509996414185
2178,0.9976521730422974,0.04514653608202934,1e-05,0.8648355603218079,1.2339892387390137
2179,0.9974715709686279,0.04522394388914108,1e-05,0.8612215518951416,1.2680829763412476
2180,0.9980133771896362,0.04158220812678337,1e-05,0.8630285263061523,1.2508753538131714
2181,0.9983745813369751,0.041208669543266296,1e-05,0.861944317817688,1.2962654829025269
2182,0.998103678226471,0.04414618760347366,1e-05,0.862305760383606,1.2497488260269165
2183,0.9984648823738098,0.04014673829078674,1e-05,0.8670039772987366,1.2228325605392456
2184,0.9979230761528015,0.04187185317277908,1e-05,0.8659197688102722,1.2679734230041504
2185,0.9976521730422974,0.04277700185775757,1e-05,0.8641127347946167,1.2759636640548706
2186,0.9984648823738098,0.039157308638095856,1e-05,0.8630285263061523,1.2554001808166504
2187,0.9982842803001404,0.04091770201921463,1e-05,0.8677268028259277,1.202539324760437
2188,0.998103678226471,0.04151754453778267,1e-05,0.8673653602600098,1.2567293643951416
2189,0.9983745813369751,0.04019467532634735,1e-05,0.8659197688102722,1.2862591743469238
2190,0.9979230761528015,0.04345503821969032,1e-05,0.8633899688720703,1.2610262632369995
2191,0.9975618720054626,0.043542586266994476,1e-05,0.8633899688720703,1.2077569961547852
2192,0.9978327751159668,0.043657638132572174,1e-05,0.8637513518333435,1.2455984354019165
2193,0.9978327751159668,0.04320353642106056,1e-05,0.8637513518333435,1.2535881996154785
2194,0.998103678226471,0.04191846027970314,1e-05,0.862305760383606,1.2198611497879028
2195,0.9976521730422974,0.04426637291908264,1e-05,0.8659197688102722,1.2760611772537231
2196,0.9986454844474792,0.04243078455328941,1e-05,0.8659197688102722,1.241602897644043
2197,0.9978327751159668,0.043019454926252365,1e-05,0.865558385848999,1.2627390623092651
2198,0.9977424740791321,0.04386487603187561,1e-05,0.8633899688720703,1.2442668676376343
2199,0.9981939792633057,0.04145164415240288,1e-05,0.8641127347946167,1.3103784322738647
2200,0.9980133771896362,0.04272664710879326,1e-05,0.8641127347946167,1.2424635887145996
2201,0.9978327751159668,0.0414726696908474,1e-05,0.865558385848999,1.2744051218032837
2202,0.9979230761528015,0.042745355516672134,1e-05,0.8644741773605347,1.3092737197875977
2203,0.9972006678581238,0.04438202083110809,1e-05,0.8633899688720703,1.2853747606277466
2204,0.9975618720054626,0.043767206370830536,1e-05,0.8648355603218079,1.244437575340271
2205,0.9972006678581238,0.044603146612644196,1e-05,0.865558385848999,1.2334201335906982
2206,0.9975618720054626,0.04463859274983406,1e-05,0.8641127347946167,1.2578340768814087
2207,0.9980133771896362,0.041356347501277924,1e-05,0.8641127347946167,1.2258189916610718
2208,0.9976521730422974,0.04411373659968376,1e-05,0.8630285263061523,1.236503005027771
2209,0.998103678226471,0.042989131063222885,1e-05,0.8673653602600098,1.2084331512451172
2210,0.9981939792633057,0.04291093721985817,1e-05,0.8677268028259277,1.2864018678665161
2211,0.9975618720054626,0.04401267319917679,1e-05,0.8630285263061523,1.2088987827301025
2212,0.9975618720054626,0.043917216360569,1e-05,0.8644741773605347,1.2441041469573975
2213,0.9980133771896362,0.04302866384387016,1e-05,0.8637513518333435,1.2071983814239502
2214,0.9970200657844543,0.04335860535502434,1e-05,0.865558385848999,1.1987485885620117
2215,0.9983745813369751,0.04016898572444916,1e-05,0.8688110113143921,1.243939757347107
2216,0.998735785484314,0.04021286964416504,1e-05,0.8677268028259277,1.2574528455734253
2217,0.9975618720054626,0.04537245258688927,1e-05,0.8673653602600098,1.2332500219345093
2218,0.9971103668212891,0.047404684126377106,1e-05,0.8684495687484741,1.2356178760528564
2219,0.9982842803001404,0.04069414362311363,1e-05,0.8673653602600098,1.2396663427352905
2220,0.9981939792633057,0.043400999158620834,1e-05,0.865558385848999,1.1786768436431885
2221,0.998103678226471,0.04199115186929703,1e-05,0.8666425943374634,1.2312953472137451
2222,0.9979230761528015,0.04398670047521591,1e-05,0.8677268028259277,1.2212836742401123
2223,0.9978327751159668,0.04487185180187225,1e-05,0.8633899688720703,1.251125454902649
2224,0.9983745813369751,0.04107439145445824,1e-05,0.8648355603218079,1.1801851987838745
2225,0.9981939792633057,0.04077785834670067,1e-05,0.8659197688102722,1.2270832061767578
2226,0.9970200657844543,0.04398329183459282,1e-05,0.8688110113143921,1.2304662466049194
2227,0.9979230761528015,0.04060095548629761,1e-05,0.865558385848999,1.2034199237823486
2228,0.998103678226471,0.042580824345350266,1e-05,0.8641127347946167,1.231006383895874
2229,0.9969297647476196,0.04716801270842552,1e-05,0.8670039772987366,1.2028148174285889
2230,0.998103678226471,0.04037155210971832,1e-05,0.8702566027641296,1.184799313545227
2231,0.9972909688949585,0.044743552803993225,1e-05,0.8662811517715454,1.1942756175994873
2232,0.9978327751159668,0.043411362916231155,1e-05,0.865558385848999,1.2333792448043823
2233,0.9974715709686279,0.04462684690952301,1e-05,0.8680881857872009,1.2549464702606201
2234,0.9977424740791321,0.04356474429368973,1e-05,0.8644741773605347,1.275844931602478
2235,0.9973812699317932,0.04521831125020981,1e-05,0.8684495687484741,1.1852375268936157
2236,0.998103678226471,0.041729774326086044,1e-05,0.8680881857872009,1.228529453277588
2237,0.9979230761528015,0.04149274528026581,1e-05,0.8680881857872009,1.2345107793807983
2238,0.9978327751159668,0.041592881083488464,1e-05,0.865196943283081,1.2312304973602295
2239,0.9977424740791321,0.04441624507308006,1e-05,0.8673653602600098,1.207990288734436
2240,0.9983745813369751,0.03951571509242058,1e-05,0.8680881857872009,1.23408043384552
2241,0.9977424740791321,0.0430728904902935,1e-05,0.8662811517715454,1.2324719429016113
2242,0.9971103668212891,0.0458064042031765,1e-05,0.8659197688102722,1.2222485542297363
2243,0.9988260865211487,0.038836751133203506,1e-05,0.8670039772987366,1.2001290321350098
2244,0.9979230761528015,0.0414016954600811,1e-05,0.8677268028259277,1.1993999481201172
2245,0.9977424740791321,0.043627653270959854,1e-05,0.8695337772369385,1.2010384798049927
2246,0.9980133771896362,0.043169327080249786,1e-05,0.8698952198028564,1.2177774906158447
2247,0.9967491626739502,0.044866252690553665,1e-05,0.8648355603218079,1.2188177108764648
2248,0.998735785484314,0.039966367185115814,1e-05,0.8670039772987366,1.2194796800613403
2249,0.9976521730422974,0.041401736438274384,1e-05,0.8680881857872009,1.2451251745224
2250,0.9977424740791321,0.041110727936029434,1e-05,0.8666425943374634,1.2390978336334229
2251,0.9975618720054626,0.04345571994781494,1e-05,0.8666425943374634,1.1895456314086914
2252,0.9975618720054626,0.04220142588019371,1e-05,0.865558385848999,1.245406150817871
2253,0.9981939792633057,0.04020993039011955,1e-05,0.8644741773605347,1.2767300605773926
2254,0.9971103668212891,0.044148799031972885,1e-05,0.8680881857872009,1.2642054557800293
2255,0.9985551834106445,0.0392436683177948,1e-05,0.8673653602600098,1.2384384870529175
2256,0.9984648823738098,0.04139558598399162,1e-05,0.8670039772987366,1.2398895025253296
2257,0.9982842803001404,0.03985673561692238,1e-05,0.8630285263061523,1.2577776908874512
2258,0.9976521730422974,0.041351210325956345,1e-05,0.8644741773605347,1.2158113718032837
2259,0.9971103668212891,0.045588161796331406,1e-05,0.8680881857872009,1.2425649166107178
2260,0.9976521730422974,0.04480794072151184,1e-05,0.865558385848999,1.1722851991653442
2261,0.9983745813369751,0.04069111496210098,1e-05,0.8673653602600098,1.1956517696380615
2262,0.998103678226471,0.04358035326004028,1e-05,0.8684495687484741,1.2011247873306274
2263,0.9984648823738098,0.04219633340835571,1e-05,0.8670039772987366,1.225992202758789
2264,0.9976521730422974,0.043961916118860245,1e-05,0.8680881857872009,1.2640540599822998
2265,0.9976521730422974,0.04335588589310646,1e-05,0.8666425943374634,1.2608965635299683
2266,0.9976521730422974,0.04192907735705376,1e-05,0.8659197688102722,1.2292191982269287
2267,0.9967491626739502,0.04632566124200821,1e-05,0.8648355603218079,1.1870663166046143
2268,0.9981939792633057,0.04224105924367905,1e-05,0.8673653602600098,1.157637596130371
2269,0.9982842803001404,0.04060515761375427,1e-05,0.8688110113143921,1.2285327911376953
2270,0.9976521730422974,0.041006769984960556,1e-05,0.8684495687484741,1.2995595932006836
2271,0.9978327751159668,0.04086943343281746,1e-05,0.8677268028259277,1.2288380861282349
2272,0.9980133771896362,0.04230113700032234,1e-05,0.8717021942138672,1.2717666625976562
2273,0.9974715709686279,0.042531244456768036,1e-05,0.8677268028259277,1.2583258152008057
2274,0.9980133771896362,0.04025714844465256,1e-05,0.8677268028259277,1.2352668046951294
2275,0.9984648823738098,0.03794094920158386,1e-05,0.8673653602600098,1.2799619436264038
2276,0.9981939792633057,0.04195750132203102,1e-05,0.8666425943374634,1.2846481800079346
2277,0.9982842803001404,0.0406779870390892,1e-05,0.8662811517715454,1.3061864376068115
2278,0.9979230761528015,0.04211888089776039,1e-05,0.8644741773605347,1.2801109552383423
2279,0.9976521730422974,0.04246533289551735,1e-05,0.8666425943374634,1.2504494190216064
2280,0.9974715709686279,0.04297024756669998,1e-05,0.8673653602600098,1.2821286916732788
2281,0.9979230761528015,0.04188592731952667,1e-05,0.865196943283081,1.2594761848449707
2282,0.9977424740791321,0.04057490453124046,1e-05,0.8644741773605347,1.242011308670044
2283,0.9972909688949585,0.044764645397663116,1e-05,0.8662811517715454,1.2538433074951172
2284,0.9972006678581238,0.04266808182001114,1e-05,0.8673653602600098,1.2110958099365234
2285,0.9972909688949585,0.042418546974658966,1e-05,0.8680881857872009,1.2669756412506104
2286,0.9978327751159668,0.041131436824798584,1e-05,0.8626671433448792,1.2569608688354492
2287,0.9977424740791321,0.043227631598711014,1e-05,0.8706179857254028,1.1707282066345215
2288,0.9976521730422974,0.04281042888760567,1e-05,0.8670039772987366,1.2178137302398682
2289,0.998103678226471,0.03982772305607796,1e-05,0.8666425943374634,1.2524707317352295
2290,0.9980133771896362,0.040076978504657745,1e-05,0.8673653602600098,1.2731776237487793
2291,0.9980133771896362,0.040744274854660034,1e-05,0.8630285263061523,1.2651845216751099
2292,0.9984648823738098,0.04074591025710106,1e-05,0.8637513518333435,1.2788259983062744
2293,0.9970200657844543,0.045648980885744095,1e-05,0.8666425943374634,1.1946070194244385
2294,0.9977424740791321,0.04031744226813316,1e-05,0.8673653602600098,1.2535076141357422
2295,0.9970200657844543,0.04340268298983574,1e-05,0.8670039772987366,1.2599736452102661
2296,0.9980133771896362,0.0401778370141983,1e-05,0.871340811252594,1.2447738647460938
2297,0.9977424740791321,0.04151634871959686,1e-05,0.8662811517715454,1.2612699270248413
2298,0.9974715709686279,0.04112354293465614,1e-05,0.8698952198028564,1.2320398092269897
2299,0.998103678226471,0.03993983566761017,1e-05,0.865558385848999,1.2497119903564453
2300,0.9982842803001404,0.041008543223142624,1e-05,0.865196943283081,1.2404884099960327
2301,0.9976521730422974,0.041640520095825195,1e-05,0.8615829348564148,1.2710744142532349
2302,0.9980133771896362,0.04080690070986748,1e-05,0.8677268028259277,1.2473187446594238
2303,0.9969297647476196,0.04530971497297287,1e-05,0.8680881857872009,1.2167249917984009
2304,0.9981939792633057,0.04057861119508743,1e-05,0.8670039772987366,1.255128026008606
2305,0.9983745813369751,0.041163377463817596,1e-05,0.8670039772987366,1.2619246244430542
2306,0.9968394637107849,0.0432242825627327,1e-05,0.8666425943374634,1.2301137447357178
2307,0.9976521730422974,0.04306931048631668,1e-05,0.8673653602600098,1.2143268585205078
2308,0.9975618720054626,0.04141770675778389,1e-05,0.8662811517715454,1.2266626358032227
2309,0.9978327751159668,0.04036124795675278,1e-05,0.8691723942756653,1.2086366415023804
2310,0.9971103668212891,0.04346528276801109,1e-05,0.8670039772987366,1.1822848320007324
2311,0.9977424740791321,0.0445510633289814,1e-05,0.8648355603218079,1.2411588430404663
2312,0.9980133771896362,0.04184576869010925,1e-05,0.8641127347946167,1.2353754043579102
2313,0.9977424740791321,0.04096873104572296,1e-05,0.8641127347946167,1.2198971509933472
2314,0.9981939792633057,0.0380757674574852,1e-05,0.8684495687484741,1.2452703714370728
2315,0.9975618720054626,0.040779951959848404,1e-05,0.8695337772369385,1.250047206878662
2316,0.9973812699317932,0.04332363232970238,1e-05,0.8644741773605347,1.1942811012268066
2317,0.9979230761528015,0.040957529097795486,1e-05,0.8641127347946167,1.2501569986343384
2318,0.9981939792633057,0.039693959057331085,1e-05,0.8666425943374634,1.2257992029190063
2319,0.9979230761528015,0.04038271680474281,1e-05,0.8684495687484741,1.180166244506836
2320,0.9979230761528015,0.03992461413145065,1e-05,0.8677268028259277,1.271012306213379
2321,0.9983745813369751,0.039899446070194244,1e-05,0.8633899688720703,1.2789968252182007
2322,0.9972006678581238,0.04316407069563866,1e-05,0.8691723942756653,1.2377564907073975
2323,0.9975618720054626,0.03973787650465965,1e-05,0.8666425943374634,1.2200850248336792
2324,0.9971103668212891,0.04493511840701103,1e-05,0.8666425943374634,1.2404670715332031
2325,0.9974715709686279,0.0410894900560379,1e-05,0.8673653602600098,1.2262781858444214
2326,0.9985551834106445,0.0394967645406723,1e-05,0.8702566027641296,1.2379378080368042
2327,0.9973812699317932,0.0444212406873703,1e-05,0.8677268028259277,1.22859787940979
2328,0.9973812699317932,0.04211825877428055,1e-05,0.8695337772369385,1.2484097480773926
2329,0.9980133771896362,0.04142378643155098,1e-05,0.8673653602600098,1.293524146080017
2330,0.9975618720054626,0.04149904102087021,1e-05,0.865196943283081,1.253340244293213
2331,0.9976521730422974,0.0414901040494442,1e-05,0.865558385848999,1.2477368116378784
2332,0.9973812699317932,0.04189428687095642,1e-05,0.8670039772987366,1.2437626123428345
2333,0.9976521730422974,0.04384343698620796,1e-05,0.8684495687484741,1.2770724296569824
2334,0.9977424740791321,0.04094551131129265,1e-05,0.8662811517715454,1.234715461730957
2335,0.9980133771896362,0.04067201167345047,1e-05,0.8702566027641296,1.2636017799377441
2336,0.9981939792633057,0.041404202580451965,1e-05,0.8691723942756653,1.228774905204773
2337,0.9976521730422974,0.0426027774810791,1e-05,0.8684495687484741,1.221496820449829
2338,0.9988260865211487,0.038204625248909,1e-05,0.8698952198028564,1.2990034818649292
2339,0.996478259563446,0.04652177914977074,1e-05,0.8673653602600098,1.1818151473999023
2340,0.9978327751159668,0.042054589837789536,1e-05,0.8706179857254028,1.2167892456054688
2341,0.9974715709686279,0.042731430381536484,1e-05,0.8702566027641296,1.1580371856689453
2342,0.9975618720054626,0.04102100804448128,1e-05,0.8742319941520691,1.2308928966522217
2343,0.9978327751159668,0.04039479419589043,1e-05,0.8698952198028564,1.2008873224258423
2344,0.9980133771896362,0.041213274002075195,1e-05,0.8659197688102722,1.2731941938400269
2345,0.9982842803001404,0.041710205376148224,1e-05,0.8673653602600098,1.2780637741088867
2346,0.9975618720054626,0.04257267341017723,1e-05,0.8666425943374634,1.2456363439559937
2347,0.9979230761528015,0.03979279100894928,1e-05,0.8659197688102722,1.2186685800552368
2348,0.9984648823738098,0.041352853178977966,1e-05,0.8706179857254028,1.226353406906128
2349,0.9980133771896362,0.04009516164660454,1e-05,0.8670039772987366,1.3112362623214722
2350,0.9978327751159668,0.04045500233769417,1e-05,0.8709794282913208,1.298863410949707
2351,0.9986454844474792,0.038475506007671356,1e-05,0.8666425943374634,1.3154757022857666
2352,0.9980133771896362,0.03935345262289047,1e-05,0.8695337772369385,1.2872676849365234
2353,0.9977424740791321,0.04207426309585571,1e-05,0.8702566027641296,1.297204852104187
2354,0.9969297647476196,0.041755311191082,1e-05,0.8673653602600098,1.29385244846344
2355,0.9974715709686279,0.03932967782020569,1e-05,0.8666425943374634,1.2771813869476318
2356,0.9971103668212891,0.04237578809261322,1e-05,0.8644741773605347,1.212058186531067
2357,0.9975618720054626,0.04351043701171875,1e-05,0.8662811517715454,1.2334784269332886
2358,0.9969297647476196,0.04415731132030487,1e-05,0.862305760383606,1.2309961318969727
2359,0.998735785484314,0.039564646780490875,1e-05,0.8677268028259277,1.2308109998703003
2360,0.9972909688949585,0.042315732687711716,1e-05,0.8641127347946167,1.2539105415344238
2361,0.9974715709686279,0.04340016096830368,1e-05,0.8659197688102722,1.242867350578308
2362,0.9981939792633057,0.04112653806805611,1e-05,0.8637513518333435,1.2558470964431763
2363,0.9980133771896362,0.04029497131705284,1e-05,0.8641127347946167,1.2088065147399902
2364,0.9978327751159668,0.04134068265557289,1e-05,0.8666425943374634,1.2048548460006714
2365,0.9974715709686279,0.04175577685236931,1e-05,0.8644741773605347,1.2410881519317627
2366,0.9986454844474792,0.038764338940382004,1e-05,0.8670039772987366,1.2824686765670776
2367,0.998103678226471,0.03911725804209709,1e-05,0.8670039772987366,1.3144996166229248
2368,0.9971103668212891,0.0430314727127552,1e-05,0.8673653602600098,1.2356444597244263
2369,0.9980133771896362,0.040669165551662445,1e-05,0.8691723942756653,1.2568024396896362
2370,0.998103678226471,0.0401245579123497,1e-05,0.8709794282913208,1.261916160583496
2371,0.9979230761528015,0.040195997804403305,1e-05,0.8691723942756653,1.2214242219924927
2372,0.9972006678581238,0.04397964105010033,1e-05,0.8673653602600098,1.23844575881958
2373,0.9973812699317932,0.0425514318048954,1e-05,0.8688110113143921,1.1847227811813354
2374,0.9984648823738098,0.03760243207216263,1e-05,0.865196943283081,1.3000576496124268
2375,0.9983745813369751,0.03830466791987419,1e-05,0.8644741773605347,1.2976596355438232
2376,0.9988260865211487,0.03951255604624748,1e-05,0.8691723942756653,1.303483009338379
2377,0.9980133771896362,0.04076036438345909,1e-05,0.8684495687484741,1.2650831937789917
2378,0.9974715709686279,0.040268901735544205,1e-05,0.8670039772987366,1.292052149772644
2379,0.9972909688949585,0.04304534196853638,1e-05,0.8637513518333435,1.2593408823013306
2380,0.9983745813369751,0.03878828138113022,1e-05,0.8666425943374634,1.3087246417999268
2381,0.9963879585266113,0.045469436794519424,1e-05,0.8695337772369385,1.166654109954834
2382,0.9973812699317932,0.042100753635168076,1e-05,0.865558385848999,1.2593334913253784
2383,0.9973812699317932,0.04296266660094261,1e-05,0.8648355603218079,1.2148164510726929
2384,0.9985551834106445,0.04037166386842728,1e-05,0.8641127347946167,1.2675837278366089
2385,0.9981939792633057,0.0417616181075573,1e-05,0.8630285263061523,1.2712969779968262
2386,0.998103678226471,0.04066877067089081,1e-05,0.865196943283081,1.2682275772094727
2387,0.9986454844474792,0.03827536851167679,1e-05,0.865196943283081,1.2556325197219849
2388,0.9976521730422974,0.042183250188827515,1e-05,0.8670039772987366,1.238743543624878
2389,0.998103678226471,0.04158281534910202,1e-05,0.8680881857872009,1.2676441669464111
2390,0.9975618720054626,0.04062844067811966,1e-05,0.8670039772987366,1.2377830743789673
2391,0.9976521730422974,0.04387100040912628,1e-05,0.8662811517715454,1.2263859510421753
2392,0.9976521730422974,0.0383930541574955,1e-05,0.8680881857872009,1.2431738376617432
2393,0.9971103668212891,0.04221262037754059,1e-05,0.8702566027641296,1.2023462057113647
2394,0.9978327751159668,0.038575027137994766,1e-05,0.8680881857872009,1.2033753395080566
2395,0.9977424740791321,0.04159819707274437,1e-05,0.8695337772369385,1.1769362688064575
2396,0.9981939792633057,0.04047367349267006,1e-05,0.8659197688102722,1.1937847137451172
2397,0.9969297647476196,0.04587162658572197,1e-05,0.8662811517715454,1.2478673458099365
2398,0.9981939792633057,0.038123201578855515,1e-05,0.865558385848999,1.221879243850708
2399,0.998103678226471,0.03913618251681328,1e-05,0.8637513518333435,1.2227239608764648
2400,0.9974715709686279,0.04090132191777229,1e-05,0.861944317817688,1.302443504333496
2401,0.998103678226471,0.039109181612730026,1e-05,0.8666425943374634,1.2786277532577515
2402,0.996478259563446,0.04583737626671791,1e-05,0.8648355603218079,1.1808990240097046
2403,0.9974715709686279,0.04257053881883621,1e-05,0.8633899688720703,1.251112937927246
2404,0.9981939792633057,0.03911210596561432,1e-05,0.8641127347946167,1.2517156600952148
2405,0.9982842803001404,0.03861267864704132,1e-05,0.862305760383606,1.2686105966567993
2406,0.9982842803001404,0.03829384967684746,1e-05,0.8644741773605347,1.2657934427261353
2407,0.9978327751159668,0.040220435708761215,1e-05,0.8594145178794861,1.2855088710784912
2408,0.9980133771896362,0.04214700311422348,1e-05,0.861944317817688,1.2840039730072021
2409,0.9980133771896362,0.04044431820511818,1e-05,0.865196943283081,1.2716140747070312
2410,0.9980133771896362,0.042418643832206726,1e-05,0.8633899688720703,1.2625404596328735
2411,0.9977424740791321,0.039930567145347595,1e-05,0.865196943283081,1.3052366971969604
2412,0.9982842803001404,0.03791409730911255,1e-05,0.861944317817688,1.274679183959961
2413,0.9974715709686279,0.04083607345819473,1e-05,0.8666425943374634,1.2536182403564453
2414,0.9978327751159668,0.041312456130981445,1e-05,0.8673653602600098,1.221605896949768
2415,0.9979230761528015,0.03936446085572243,1e-05,0.8659197688102722,1.2688082456588745
2416,0.9975618720054626,0.041817210614681244,1e-05,0.8637513518333435,1.232943058013916
2417,0.9976521730422974,0.041623473167419434,1e-05,0.8684495687484741,1.2210623025894165
2418,0.9978327751159668,0.040747251361608505,1e-05,0.8644741773605347,1.2238452434539795
2419,0.998103678226471,0.038870081305503845,1e-05,0.8648355603218079,1.2697416543960571
2420,0.9985551834106445,0.03913479298353195,1e-05,0.8630285263061523,1.2393771409988403
2421,0.9973812699317932,0.04007803276181221,1e-05,0.861944317817688,1.2873748540878296
2422,0.9972909688949585,0.0406053252518177,1e-05,0.862305760383606,1.2249784469604492
2423,0.9974715709686279,0.04092932865023613,1e-05,0.8644741773605347,1.1996105909347534
2424,0.998103678226471,0.03840942308306694,1e-05,0.8637513518333435,1.2446987628936768
2425,0.998103678226471,0.04026049003005028,1e-05,0.8630285263061523,1.3101896047592163
2426,0.9975618720054626,0.041425179690122604,1e-05,0.8604987263679504,1.2845934629440308
2427,0.9983745813369751,0.03636883571743965,1e-05,0.8637513518333435,1.2394593954086304
2428,0.9977424740791321,0.039061278104782104,1e-05,0.8666425943374634,1.2575725317001343
2429,0.998103678226471,0.039611924439668655,1e-05,0.8648355603218079,1.2443130016326904
2430,0.9970200657844543,0.0431336835026741,1e-05,0.865558385848999,1.2863057851791382
2431,0.9972909688949585,0.04055538773536682,1e-05,0.8662811517715454,1.2745239734649658
2432,0.9978327751159668,0.03966134041547775,1e-05,0.865196943283081,1.264764666557312
2433,0.9979230761528015,0.03939829394221306,1e-05,0.8662811517715454,1.2695739269256592
2434,0.9983745813369751,0.037896230816841125,1e-05,0.862305760383606,1.2599456310272217
2435,0.9981939792633057,0.03830365464091301,1e-05,0.8612215518951416,1.257847547531128
2436,0.9976521730422974,0.041605159640312195,1e-05,0.8626671433448792,1.26344895362854
2437,0.9973812699317932,0.04333505779504776,1e-05,0.8604987263679504,1.282222867012024
2438,0.9976521730422974,0.04302472993731499,1e-05,0.861944317817688,1.2483634948730469
2439,0.9972006678581238,0.04169408231973648,1e-05,0.8648355603218079,1.2539392709732056
2440,0.998103678226471,0.03754473477602005,1e-05,0.8659197688102722,1.232196569442749
2441,0.9979230761528015,0.04098638892173767,1e-05,0.8662811517715454,1.258121371269226
2442,0.998103678226471,0.03932249918580055,1e-05,0.8666425943374634,1.3424729108810425
2443,0.9968394637107849,0.0449502095580101,1e-05,0.8680881857872009,1.2584729194641113
2444,0.9980133771896362,0.03900143504142761,1e-05,0.865558385848999,1.2677358388900757
2445,0.9985551834106445,0.03646872565150261,1e-05,0.8641127347946167,1.2451106309890747
2446,0.9984648823738098,0.03680169954895973,1e-05,0.8641127347946167,1.2679409980773926
2447,0.9982842803001404,0.03798535838723183,1e-05,0.8601373434066772,1.312919020652771
2448,0.9975618720054626,0.04095067083835602,1e-05,0.865558385848999,1.2418791055679321
2449,0.998103678226471,0.03838037699460983,1e-05,0.8659197688102722,1.2554112672805786
2450,0.9982842803001404,0.03757457435131073,1e-05,0.8633899688720703,1.2450228929519653
2451,0.9975618720054626,0.0401008278131485,1e-05,0.8644741773605347,1.3110992908477783
2452,0.9983745813369751,0.03914234787225723,1e-05,0.862305760383606,1.2606456279754639
2453,0.9988260865211487,0.035970594733953476,1e-05,0.8662811517715454,1.308233618736267
2454,0.9979230761528015,0.04003100469708443,1e-05,0.8630285263061523,1.3165452480316162
2455,0.9978327751159668,0.038946472108364105,1e-05,0.8644741773605347,1.3058174848556519
2456,0.9976521730422974,0.04255169630050659,1e-05,0.8677268028259277,1.25863778591156
2457,0.9975618720054626,0.03934040665626526,1e-05,0.8688110113143921,1.265485167503357
2458,0.9983745813369751,0.03729095309972763,1e-05,0.8641127347946167,1.2965061664581299
2459,0.9967491626739502,0.041956257075071335,1e-05,0.865196943283081,1.3203011751174927
2460,0.9983745813369751,0.03873658552765846,1e-05,0.8673653602600098,1.2758593559265137
2461,0.9979230761528015,0.039538197219371796,1e-05,0.8641127347946167,1.2254688739776611
2462,0.9982842803001404,0.0370059460401535,1e-05,0.865196943283081,1.2505745887756348
2463,0.9970200657844543,0.04205143824219704,1e-05,0.8626671433448792,1.212876558303833
2464,0.9975618720054626,0.04131833091378212,1e-05,0.8637513518333435,1.294667363166809
2465,0.9983745813369751,0.038617320358753204,1e-05,0.8604987263679504,1.2555279731750488
2466,0.9980133771896362,0.04057840630412102,1e-05,0.8644741773605347,1.219006896018982
2467,0.9983745813369751,0.03814490884542465,1e-05,0.8626671433448792,1.3113113641738892
2468,0.998103678226471,0.03828929737210274,1e-05,0.8648355603218079,1.2454214096069336
2469,0.9976521730422974,0.040570080280303955,1e-05,0.865196943283081,1.230541467666626
2470,0.9972006678581238,0.04067661240696907,1e-05,0.8604987263679504,1.2579305171966553
2471,0.9981939792633057,0.03742711618542671,1e-05,0.8626671433448792,1.276802659034729
2472,0.9978327751159668,0.037924736738204956,1e-05,0.8644741773605347,1.2443993091583252
2473,0.9980133771896362,0.0381539948284626,1e-05,0.8648355603218079,1.2136493921279907
2474,0.9978327751159668,0.03992246463894844,1e-05,0.8648355603218079,1.2351902723312378
2475,0.9981939792633057,0.03818606212735176,1e-05,0.8659197688102722,1.2012006044387817
2476,0.9978327751159668,0.03843142092227936,1e-05,0.8648355603218079,1.285352349281311
2477,0.9978327751159668,0.040668100118637085,1e-05,0.8670039772987366,1.278012990951538
2478,0.9980133771896362,0.038497600704431534,1e-05,0.8680881857872009,1.2234364748001099
2479,0.998735785484314,0.03642286732792854,1e-05,0.8659197688102722,1.2110767364501953
2480,0.9974715709686279,0.03952266648411751,1e-05,0.8698952198028564,1.2459808588027954
2481,0.9977424740791321,0.04018089547753334,1e-05,0.8644741773605347,1.2754746675491333
2482,0.9974715709686279,0.03974287211894989,1e-05,0.8648355603218079,1.203582525253296
2483,0.9977424740791321,0.03934095799922943,1e-05,0.8677268028259277,1.2943912744522095
2484,0.9990066885948181,0.03562198206782341,1e-05,0.8648355603218079,1.2724409103393555
2485,0.9980133771896362,0.04204650968313217,1e-05,0.8641127347946167,1.2949875593185425
2486,0.998103678226471,0.037921804934740067,1e-05,0.865558385848999,1.2621841430664062
2487,0.998103678226471,0.039499811828136444,1e-05,0.8641127347946167,1.272242784500122
2488,0.9978327751159668,0.03962245211005211,1e-05,0.8684495687484741,1.2799540758132935
2489,0.9982842803001404,0.04037030413746834,1e-05,0.8677268028259277,1.2662262916564941
2490,0.9976521730422974,0.04072289168834686,1e-05,0.8698952198028564,1.2398273944854736
2491,0.9972909688949585,0.039655279368162155,1e-05,0.8695337772369385,1.2255524396896362
2492,0.9980133771896362,0.037262607365846634,1e-05,0.8662811517715454,1.2240407466888428
2493,0.9984648823738098,0.03629985824227333,1e-05,0.8673653602600098,1.2555168867111206
2494,0.9975618720054626,0.038079746067523956,1e-05,0.8680881857872009,1.254715919494629
2495,0.998103678226471,0.038391776382923126,1e-05,0.8691723942756653,1.2249362468719482
2496,0.9977424740791321,0.04098118841648102,1e-05,0.8648355603218079,1.3218146562576294
2497,0.9974715709686279,0.04051683470606804,1e-05,0.862305760383606,1.2734702825546265
2498,0.9986454844474792,0.039745837450027466,1e-05,0.8706179857254028,1.2155930995941162
2499,0.9969297647476196,0.04358788579702377,1e-05,0.8673653602600098,1.2374439239501953
2500,0.9972909688949585,0.041213784366846085,1e-05,0.8662811517715454,1.2390023469924927
2501,0.9976521730422974,0.03962008282542229,1e-05,0.8698952198028564,1.228350281715393
2502,0.9974715709686279,0.03935880959033966,1e-05,0.8670039772987366,1.2112700939178467
2503,0.998103678226471,0.03733643889427185,1e-05,0.8666425943374634,1.2641764879226685
2504,0.9975618720054626,0.038710080087184906,1e-05,0.8659197688102722,1.1980396509170532
2505,0.998103678226471,0.03803339600563049,1e-05,0.8648355603218079,1.2069728374481201
2506,0.9982842803001404,0.037269607186317444,1e-05,0.8673653602600098,1.2274750471115112
2507,0.9978327751159668,0.03813302889466286,1e-05,0.865558385848999,1.2448445558547974
2508,0.998103678226471,0.03941430523991585,1e-05,0.8641127347946167,1.3058266639709473
2509,0.9972006678581238,0.04085712134838104,1e-05,0.865196943283081,1.2363667488098145
2510,0.9980133771896362,0.03947923704981804,1e-05,0.8662811517715454,1.2276631593704224
2511,0.9986454844474792,0.037501636892557144,1e-05,0.8670039772987366,1.2538188695907593
2512,0.9975618720054626,0.04068993031978607,1e-05,0.8666425943374634,1.240195870399475
2513,0.9972006678581238,0.03992868587374687,1e-05,0.8670039772987366,1.2444162368774414
2514,0.9979230761528015,0.03795275837182999,1e-05,0.865196943283081,1.2537916898727417
2515,0.9976521730422974,0.04110700637102127,1e-05,0.8673653602600098,1.2321661710739136
2516,0.9978327751159668,0.04113098978996277,1e-05,0.8670039772987366,1.2207775115966797
2517,0.998735785484314,0.03629392012953758,1e-05,0.8684495687484741,1.236639380455017
2518,0.9974715709686279,0.039671190083026886,1e-05,0.8680881857872009,1.1981124877929688
2519,0.9972909688949585,0.04077530279755592,1e-05,0.8684495687484741,1.2091624736785889
2520,0.9979230761528015,0.038072969764471054,1e-05,0.8684495687484741,1.1806656122207642
2521,0.9986454844474792,0.03780964016914368,1e-05,0.8717021942138672,1.2557731866836548
2522,0.9986454844474792,0.03659184277057648,1e-05,0.8724250197410583,1.2427750825881958
2523,0.9981939792633057,0.03581705316901207,1e-05,0.8688110113143921,1.2729346752166748
2524,0.9973812699317932,0.039668384939432144,1e-05,0.8677268028259277,1.2592418193817139
2525,0.9980133771896362,0.03954177722334862,1e-05,0.8709794282913208,1.2638825178146362
2526,0.9975618720054626,0.03924015909433365,1e-05,0.871340811252594,1.2541933059692383
2527,0.9984648823738098,0.03706461936235428,1e-05,0.8659197688102722,1.2820749282836914
2528,0.9977424740791321,0.041657719761133194,1e-05,0.8648355603218079,1.2598198652267456
2529,0.9983745813369751,0.037100501358509064,1e-05,0.8684495687484741,1.2353068590164185
2530,0.9975618720054626,0.04071858152747154,1e-05,0.861944317817688,1.281469464302063
2531,0.998103678226471,0.03932763263583183,1e-05,0.8604987263679504,1.3116698265075684
2532,0.9985551834106445,0.036265525966882706,1e-05,0.8644741773605347,1.2933549880981445
2533,0.9968394637107849,0.04245305806398392,1e-05,0.8644741773605347,1.269456386566162
2534,0.9985551834106445,0.03571906313300133,1e-05,0.8670039772987366,1.1936393976211548
2535,0.998103678226471,0.038238275796175,1e-05,0.8662811517715454,1.249018907546997
2536,0.9983745813369751,0.037784069776535034,1e-05,0.8670039772987366,1.2200119495391846
2537,0.9982842803001404,0.03755331411957741,1e-05,0.865558385848999,1.2683616876602173
2538,0.998103678226471,0.03735528886318207,1e-05,0.862305760383606,1.2598364353179932
2539,0.9975618720054626,0.03892907500267029,1e-05,0.8641127347946167,1.268204927444458
2540,0.9984648823738098,0.03599745035171509,1e-05,0.8680881857872009,1.2391722202301025
2541,0.9980133771896362,0.038442645221948624,1e-05,0.8666425943374634,1.211957335472107
2542,0.9978327751159668,0.03899671137332916,1e-05,0.8659197688102722,1.2598594427108765
2543,0.9981939792633057,0.03793973848223686,1e-05,0.8662811517715454,1.2716490030288696
2544,0.9976521730422974,0.039009254425764084,1e-05,0.8702566027641296,1.3004533052444458
2545,0.9971103668212891,0.04143356904387474,1e-05,0.865196943283081,1.268890142440796
2546,0.9975618720054626,0.04164284095168114,1e-05,0.862305760383606,1.2910007238388062
2547,0.9978327751159668,0.042021751403808594,1e-05,0.8673653602600098,1.2481237649917603
2548,0.998103678226471,0.03853261098265648,1e-05,0.8662811517715454,1.2061326503753662
2549,0.9974715709686279,0.040448881685733795,1e-05,0.8648355603218079,1.2368988990783691
2550,0.9977424740791321,0.03905690461397171,1e-05,0.865558385848999,1.2161813974380493
2551,0.998103678226471,0.03914502635598183,1e-05,0.8688110113143921,1.2349717617034912
2552,0.9971103668212891,0.04035886749625206,1e-05,0.8644741773605347,1.1979442834854126
2553,0.998103678226471,0.036426521837711334,1e-05,0.861944317817688,1.2709612846374512
2554,0.9983745813369751,0.03629813343286514,1e-05,0.8662811517715454,1.2525928020477295
2555,0.9986454844474792,0.03506043925881386,1e-05,0.8684495687484741,1.2311640977859497
2556,0.9975618720054626,0.039078280329704285,1e-05,0.8670039772987366,1.2279653549194336
2557,0.9980133771896362,0.03855649381875992,1e-05,0.8662811517715454,1.1936984062194824
2558,0.998735785484314,0.03490474075078964,1e-05,0.8677268028259277,1.2641531229019165
2559,0.9981939792633057,0.03670276328921318,1e-05,0.8673653602600098,1.2292760610580444
2560,0.9983745813369751,0.036974795162677765,1e-05,0.861944317817688,1.2263462543487549
2561,0.9981939792633057,0.036482054740190506,1e-05,0.8637513518333435,1.2590571641921997
2562,0.9982842803001404,0.03700552135705948,1e-05,0.862305760383606,1.2349257469177246
2563,0.9982842803001404,0.036802761256694794,1e-05,0.8662811517715454,1.2229193449020386
2564,0.9978327751159668,0.03666232153773308,1e-05,0.8648355603218079,1.2549093961715698
2565,0.9975618720054626,0.0422821119427681,1e-05,0.8684495687484741,1.2287311553955078
2566,0.9985551834106445,0.03511342406272888,1e-05,0.8666425943374634,1.2810755968093872
2567,0.9977424740791321,0.039746999740600586,1e-05,0.8662811517715454,1.2693188190460205
2568,0.9979230761528015,0.037195608019828796,1e-05,0.8677268028259277,1.2437187433242798
2569,0.9976521730422974,0.03901027515530586,1e-05,0.8709794282913208,1.2524151802062988
2570,0.9979230761528015,0.03698594123125076,1e-05,0.8702566027641296,1.2850929498672485
2571,0.9981939792633057,0.03670293092727661,1e-05,0.8688110113143921,1.2274502515792847
2572,0.9989163875579834,0.03475859388709068,1e-05,0.8666425943374634,1.3047592639923096
2573,0.9986454844474792,0.03615536168217659,1e-05,0.8630285263061523,1.2712358236312866
2574,0.9977424740791321,0.039487432688474655,1e-05,0.865196943283081,1.2853065729141235
2575,0.9981939792633057,0.03764042630791664,1e-05,0.8641127347946167,1.2416046857833862
2576,0.9984648823738098,0.035876933485269547,1e-05,0.8677268028259277,1.30118989944458
2577,0.9989163875579834,0.03464825823903084,1e-05,0.8648355603218079,1.3085906505584717
2578,0.9981939792633057,0.038571830838918686,1e-05,0.865196943283081,1.3089368343353271
2579,0.9974715709686279,0.03874175623059273,1e-05,0.8670039772987366,1.2590726613998413
2580,0.9978327751159668,0.03837680444121361,1e-05,0.8648355603218079,1.294164776802063
2581,0.9980133771896362,0.03830843046307564,1e-05,0.8626671433448792,1.2877477407455444
2582,0.9980133771896362,0.03758087754249573,1e-05,0.865558385848999,1.3276811838150024
2583,0.9980133771896362,0.03744936361908913,1e-05,0.8615829348564148,1.2965971231460571
2584,0.9980133771896362,0.038286108523607254,1e-05,0.8594145178794861,1.2499275207519531
2585,0.9979230761528015,0.038266878575086594,1e-05,0.861944317817688,1.2890762090682983
2586,0.9980133771896362,0.03709961846470833,1e-05,0.865558385848999,1.2642377614974976
2587,0.9976521730422974,0.03880301117897034,1e-05,0.8626671433448792,1.3128294944763184
2588,0.998103678226471,0.036103297024965286,1e-05,0.8670039772987366,1.2874748706817627
2589,0.9977424740791321,0.03738458827137947,1e-05,0.8670039772987366,1.2462878227233887
2590,0.9975618720054626,0.03810260072350502,1e-05,0.8673653602600098,1.2844072580337524
2591,0.9985551834106445,0.03708003833889961,1e-05,0.8630285263061523,1.2832002639770508
2592,0.9971103668212891,0.03961627930402756,1e-05,0.8612215518951416,1.24569833278656
2593,0.9982842803001404,0.037413589656353,1e-05,0.8633899688720703,1.2647624015808105
2594,0.9986454844474792,0.03409075736999512,1e-05,0.8670039772987366,1.2477116584777832
2595,0.9981939792633057,0.036671869456768036,1e-05,0.8677268028259277,1.27736234664917
2596,0.9976521730422974,0.03612961992621422,1e-05,0.8677268028259277,1.2551004886627197
2597,0.9981939792633057,0.03907562419772148,1e-05,0.8677268028259277,1.2524954080581665
2598,0.9983745813369751,0.0374952033162117,1e-05,0.8677268028259277,1.267980694770813
2599,0.998103678226471,0.03783191367983818,1e-05,0.8648355603218079,1.2474665641784668
2600,0.9985551834106445,0.03563039377331734,1e-05,0.8673653602600098,1.2387186288833618
2601,0.9979230761528015,0.038039181381464005,1e-05,0.865558385848999,1.232019066810608
2602,0.9983745813369751,0.03475918620824814,1e-05,0.8637513518333435,1.2806729078292847
2603,0.9980133771896362,0.03910673409700394,1e-05,0.8680881857872009,1.2782422304153442
2604,0.9978327751159668,0.03802444785833359,1e-05,0.8666425943374634,1.1925544738769531
2605,0.9978327751159668,0.038130395114421844,1e-05,0.865196943283081,1.2813555002212524
2606,0.998103678226471,0.03847600147128105,1e-05,0.8648355603218079,1.2754158973693848
2607,0.9975618720054626,0.03860435634851456,1e-05,0.8662811517715454,1.3451616764068604
2608,0.9975618720054626,0.038537006825208664,1e-05,0.8615829348564148,1.2804005146026611
2609,0.9980133771896362,0.0378156341612339,1e-05,0.861944317817688,1.2629624605178833
2610,0.9977424740791321,0.03797874599695206,1e-05,0.8637513518333435,1.2288897037506104
2611,0.9975618720054626,0.03827790170907974,1e-05,0.8659197688102722,1.2402881383895874
2612,0.9973812699317932,0.038810599595308304,1e-05,0.8644741773605347,1.2455291748046875
2613,0.9986454844474792,0.0362771712243557,1e-05,0.8684495687484741,1.2245240211486816
2614,0.9972006678581238,0.0407281294465065,1e-05,0.8673653602600098,1.2609375715255737
2615,0.9985551834106445,0.03763121739029884,1e-05,0.8670039772987366,1.2689483165740967
2616,0.9978327751159668,0.03811560198664665,1e-05,0.8662811517715454,1.2888070344924927
2617,0.9978327751159668,0.036996982991695404,1e-05,0.8666425943374634,1.2299939393997192
2618,0.9984648823738098,0.034565072506666183,1e-05,0.8666425943374634,1.2555159330368042
2619,0.9972006678581238,0.042435940355062485,1e-05,0.8673653602600098,1.2692453861236572
2620,0.9978327751159668,0.03787890449166298,1e-05,0.8641127347946167,1.2831878662109375
2621,0.9981939792633057,0.034767404198646545,1e-05,0.8659197688102722,1.2623248100280762
2622,0.9977424740791321,0.03835270181298256,1e-05,0.8659197688102722,1.2676790952682495
2623,0.9975618720054626,0.03886132314801216,1e-05,0.865196943283081,1.2341879606246948
2624,0.9981939792633057,0.03630074858665466,1e-05,0.8612215518951416,1.2554503679275513
2625,0.9978327751159668,0.0372525118291378,1e-05,0.865196943283081,1.262714147567749
2626,0.9976521730422974,0.040493812412023544,1e-05,0.865196943283081,1.292917013168335
2627,0.9975618720054626,0.03673896938562393,1e-05,0.8641127347946167,1.2309139966964722
2628,0.9981939792633057,0.03722808137536049,1e-05,0.8637513518333435,1.230950951576233
2629,0.9978327751159668,0.03744257986545563,1e-05,0.8644741773605347,1.2407965660095215
2630,0.9981939792633057,0.0354919396340847,1e-05,0.8659197688102722,1.234415054321289
2631,0.9980133771896362,0.037836186587810516,1e-05,0.8641127347946167,1.2721561193466187
2632,0.9977424740791321,0.037097033113241196,1e-05,0.8662811517715454,1.2691833972930908
2633,0.9983745813369751,0.034494586288928986,1e-05,0.8648355603218079,1.2946608066558838
2634,0.9974715709686279,0.038020215928554535,1e-05,0.8626671433448792,1.269975185394287
2635,0.998103678226471,0.03539392352104187,1e-05,0.8641127347946167,1.2461774349212646
2636,0.9973812699317932,0.03831133991479874,1e-05,0.862305760383606,1.2427756786346436
2637,0.9988260865211487,0.03375857695937157,1e-05,0.8630285263061523,1.3005273342132568
2638,0.9980133771896362,0.03802136331796646,1e-05,0.8586917519569397,1.3643450736999512
2639,0.9975618720054626,0.037566930055618286,1e-05,0.8698952198028564,1.2947843074798584
2640,0.9975618720054626,0.03861929103732109,1e-05,0.8641127347946167,1.2703286409378052
2641,0.9978327751159668,0.037830840796232224,1e-05,0.8662811517715454,1.3026793003082275
2642,0.9976521730422974,0.03804668411612511,1e-05,0.8641127347946167,1.2711514234542847
2643,0.9983745813369751,0.035235267132520676,1e-05,0.8626671433448792,1.302913784980774
2644,0.9981939792633057,0.035952504724264145,1e-05,0.8604987263679504,1.2788177728652954
2645,0.9979230761528015,0.03705424442887306,1e-05,0.8630285263061523,1.2701406478881836
2646,0.9973812699317932,0.03827722370624542,1e-05,0.8648355603218079,1.244551658630371
2647,0.9980133771896362,0.03580985963344574,1e-05,0.8615829348564148,1.2839926481246948
2648,0.9975618720054626,0.03980158269405365,1e-05,0.8612215518951416,1.3019580841064453
2649,0.9978327751159668,0.03705131262540817,1e-05,0.8633899688720703,1.2346006631851196
2650,0.9977424740791321,0.03838237375020981,1e-05,0.8586917519569397,1.3304110765457153
2651,0.9972909688949585,0.038137637078762054,1e-05,0.8626671433448792,1.2778098583221436
2652,0.9979230761528015,0.03894755244255066,1e-05,0.865558385848999,1.2491307258605957
2653,0.998103678226471,0.035907335579395294,1e-05,0.8666425943374634,1.2547647953033447
2654,0.9976521730422974,0.038259830325841904,1e-05,0.8641127347946167,1.3108712434768677
2655,0.9980133771896362,0.03724348545074463,1e-05,0.8648355603218079,1.2733832597732544
2656,0.9978327751159668,0.03779428079724312,1e-05,0.865196943283081,1.229875087738037
2657,0.9975618720054626,0.0396103598177433,1e-05,0.8684495687484741,1.1828641891479492
2658,0.9984648823738098,0.035825084894895554,1e-05,0.861944317817688,1.263085961341858
2659,0.9982842803001404,0.03581901267170906,1e-05,0.861944317817688,1.2661559581756592
2660,0.9978327751159668,0.03653300553560257,1e-05,0.8644741773605347,1.2528867721557617
2661,0.9977424740791321,0.0382387712597847,1e-05,0.865196943283081,1.225581407546997
2662,0.998103678226471,0.038123395293951035,1e-05,0.8662811517715454,1.2041380405426025
2663,0.9980133771896362,0.035201407968997955,1e-05,0.865196943283081,1.2479455471038818
2664,0.9978327751159668,0.03939060866832733,1e-05,0.8659197688102722,1.2282658815383911
2665,0.998103678226471,0.03619663789868355,1e-05,0.8641127347946167,1.2271919250488281
2666,0.9981939792633057,0.03565707802772522,1e-05,0.8626671433448792,1.297549843788147
2667,0.9985551834106445,0.035703741014003754,1e-05,0.8641127347946167,1.2427400350570679
2668,0.9973812699317932,0.03950091451406479,1e-05,0.8659197688102722,1.2735073566436768
2669,0.9980133771896362,0.03821010887622833,1e-05,0.8633899688720703,1.2803897857666016
2670,0.9982842803001404,0.03492878004908562,1e-05,0.8641127347946167,1.2661572694778442
2671,0.9979230761528015,0.03487350046634674,1e-05,0.8670039772987366,1.2744923830032349
2672,0.9988260865211487,0.0339282788336277,1e-05,0.8670039772987366,1.2616337537765503
2673,0.9978327751159668,0.037447795271873474,1e-05,0.8659197688102722,1.2400519847869873
2674,0.9975618720054626,0.03842855244874954,1e-05,0.865196943283081,1.2445855140686035
2675,0.9983745813369751,0.03433689847588539,1e-05,0.8630285263061523,1.271747350692749
2676,0.9982842803001404,0.034778088331222534,1e-05,0.862305760383606,1.331087350845337
2677,0.9976521730422974,0.03788159415125847,1e-05,0.8630285263061523,1.331175446510315
2678,0.9983745813369751,0.03439692407846451,1e-05,0.8594145178794861,1.2987651824951172
2679,0.9976521730422974,0.03929814696311951,1e-05,0.8604987263679504,1.2888437509536743
2680,0.9980133771896362,0.03898315131664276,1e-05,0.8677268028259277,1.2222007513046265
2681,0.9975618720054626,0.038803257048130035,1e-05,0.8670039772987366,1.2495315074920654
2682,0.9976521730422974,0.03736534342169762,1e-05,0.8662811517715454,1.2723278999328613
2683,0.9982842803001404,0.03565792366862297,1e-05,0.8644741773605347,1.2526612281799316
2684,0.9969297647476196,0.04191992059350014,1e-05,0.865558385848999,1.2461105585098267
2685,0.9981939792633057,0.036489542573690414,1e-05,0.8648355603218079,1.23224675655365
2686,0.9984648823738098,0.034967388957738876,1e-05,0.8641127347946167,1.2919926643371582
2687,0.9983745813369751,0.0365472249686718,1e-05,0.865196943283081,1.267396330833435
2688,0.9980133771896362,0.03568233549594879,1e-05,0.8576075434684753,1.287050485610962
2689,0.9977424740791321,0.03720124810934067,1e-05,0.8597759008407593,1.2953755855560303
2690,0.9976521730422974,0.03670128062367439,1e-05,0.8597759008407593,1.2976819276809692
2691,0.998103678226471,0.03475134074687958,1e-05,0.862305760383606,1.3129359483718872
2692,0.9970200657844543,0.04179999232292175,1e-05,0.865196943283081,1.2050701379776
2693,0.9975618720054626,0.03911975026130676,1e-05,0.8666425943374634,1.2282851934432983
2694,0.9976521730422974,0.03793925419449806,1e-05,0.8702566027641296,1.2027060985565186
2695,0.9971103668212891,0.042991753667593,1e-05,0.8662811517715454,1.235422968864441
2696,0.9980133771896362,0.03747440129518509,1e-05,0.8648355603218079,1.187279224395752
2697,0.9980133771896362,0.035019297152757645,1e-05,0.8648355603218079,1.2440564632415771
2698,0.999367892742157,0.03163839504122734,1e-05,0.8659197688102722,1.2473613023757935
2699,0.9981939792633057,0.0342848040163517,1e-05,0.8677268028259277,1.3229238986968994
2700,0.9978327751159668,0.03855958580970764,1e-05,0.865196943283081,1.2597618103027344
2701,0.9982842803001404,0.03404107317328453,1e-05,0.8633899688720703,1.2893985509872437
2702,0.998103678226471,0.036725662648677826,1e-05,0.865558385848999,1.2988520860671997
2703,0.998735785484314,0.034742847084999084,1e-05,0.865196943283081,1.2807368040084839
2704,0.9981939792633057,0.03522024676203728,1e-05,0.8633899688720703,1.264193058013916
2705,0.9976521730422974,0.03516734763979912,1e-05,0.8659197688102722,1.2969815731048584
2706,0.9984648823738098,0.0344553217291832,1e-05,0.8637513518333435,1.2323209047317505
2707,0.9980133771896362,0.037018582224845886,1e-05,0.8659197688102722,1.3082624673843384
2708,0.998103678226471,0.03439800813794136,1e-05,0.8637513518333435,1.223285436630249
2709,0.9981939792633057,0.03729981556534767,1e-05,0.8641127347946167,1.2372660636901855
2710,0.9975618720054626,0.03673029690980911,1e-05,0.8633899688720703,1.203598141670227
2711,0.998103678226471,0.03600550442934036,1e-05,0.8673653602600098,1.1825871467590332
2712,0.9980133771896362,0.03709133714437485,1e-05,0.8637513518333435,1.2582635879516602
2713,0.9968394637107849,0.037468358874320984,1e-05,0.8615829348564148,1.2773441076278687
2714,0.9976521730422974,0.03812282159924507,1e-05,0.8641127347946167,1.227768898010254
2715,0.9972909688949585,0.03909953683614731,1e-05,0.8615829348564148,1.265243649482727
2716,0.9980133771896362,0.035034045577049255,1e-05,0.8612215518951416,1.2628735303878784
2717,0.9983745813369751,0.03335459902882576,1e-05,0.8688110113143921,1.2302855253219604
2718,0.9981939792633057,0.03390464186668396,1e-05,0.8637513518333435,1.3032666444778442
2719,0.9972006678581238,0.04262785241007805,1e-05,0.8637513518333435,1.283671259880066
2720,0.9988260865211487,0.03368300572037697,1e-05,0.8630285263061523,1.2739460468292236
2721,0.9981939792633057,0.03628413751721382,1e-05,0.862305760383606,1.3022675514221191
2722,0.9976521730422974,0.039421092718839645,1e-05,0.871340811252594,1.2811323404312134
2723,0.9982842803001404,0.03510480374097824,1e-05,0.8670039772987366,1.2330533266067505
2724,0.9977424740791321,0.03578994795680046,1e-05,0.8604987263679504,1.2327473163604736
2725,0.9985551834106445,0.03471396118402481,1e-05,0.8644741773605347,1.2763925790786743
2726,0.9977424740791321,0.03647000715136528,1e-05,0.8633899688720703,1.324992299079895
2727,0.9974715709686279,0.03705013915896416,1e-05,0.862305760383606,1.269519567489624
2728,0.9990066885948181,0.033445537090301514,1e-05,0.8637513518333435,1.2806966304779053
2729,0.9983745813369751,0.036600515246391296,1e-05,0.865196943283081,1.271674633026123
2730,0.9981939792633057,0.03907880559563637,1e-05,0.8684495687484741,1.295465111732483
2731,0.9973812699317932,0.037845954298973083,1e-05,0.8666425943374634,1.2653900384902954
2732,0.9971103668212891,0.03641187772154808,1e-05,0.8677268028259277,1.2696220874786377
2733,0.9984648823738098,0.03404330089688301,1e-05,0.8648355603218079,1.3153924942016602
2734,0.9981939792633057,0.03707480803132057,1e-05,0.8626671433448792,1.2645251750946045
2735,0.9972909688949585,0.037781305611133575,1e-05,0.8677268028259277,1.2454452514648438
2736,0.9986454844474792,0.0345277301967144,1e-05,0.8633899688720703,1.2783012390136719
2737,0.9979230761528015,0.03719831630587578,1e-05,0.861944317817688,1.2925457954406738
2738,0.998103678226471,0.034804049879312515,1e-05,0.8648355603218079,1.2551305294036865
2739,0.9985551834106445,0.03468509763479233,1e-05,0.8641127347946167,1.3163492679595947
2740,0.9986454844474792,0.033670466393232346,1e-05,0.8659197688102722,1.2624499797821045
2741,0.998103678226471,0.036623358726501465,1e-05,0.8579689264297485,1.3027801513671875
2742,0.9968394637107849,0.0372021421790123,1e-05,0.8583303093910217,1.2961305379867554
2743,0.9976521730422974,0.03767860308289528,1e-05,0.862305760383606,1.275261402130127
2744,0.9979230761528015,0.036059778183698654,1e-05,0.8641127347946167,1.2773354053497314
2745,0.998735785484314,0.03289925307035446,1e-05,0.8612215518951416,1.3189221620559692
2746,0.9982842803001404,0.034779131412506104,1e-05,0.8630285263061523,1.2980303764343262
2747,0.9980133771896362,0.03391946107149124,1e-05,0.8637513518333435,1.317113995552063
2748,0.9985551834106445,0.0347808301448822,1e-05,0.861944317817688,1.2858691215515137
2749,0.9982842803001404,0.03694462403655052,1e-05,0.8594145178794861,1.335480809211731
2750,0.9982842803001404,0.03444037213921547,1e-05,0.8583303093910217,1.3940250873565674
2751,0.9966588616371155,0.03813813626766205,1e-05,0.8633899688720703,1.3073561191558838
2752,0.9979230761528015,0.03636334463953972,1e-05,0.8662811517715454,1.2579259872436523
2753,0.9981939792633057,0.03546254336833954,1e-05,0.8670039772987366,1.2991467714309692
2754,0.9984648823738098,0.03248593583703041,1e-05,0.8644741773605347,1.2756803035736084
2755,0.9980133771896362,0.03525332361459732,1e-05,0.8633899688720703,1.3177798986434937
2756,0.9986454844474792,0.033954475075006485,1e-05,0.8666425943374634,1.3058850765228271
2757,0.9982842803001404,0.03496023267507553,1e-05,0.865196943283081,1.2730448246002197
2758,0.9986454844474792,0.03381340950727463,1e-05,0.8662811517715454,1.315969705581665
2759,0.9975618720054626,0.035795073956251144,1e-05,0.8688110113143921,1.2967809438705444
2760,0.9983745813369751,0.034847840666770935,1e-05,0.8648355603218079,1.316739559173584
2761,0.9982842803001404,0.03406144678592682,1e-05,0.8680881857872009,1.2874867916107178
2762,0.9973812699317932,0.0388050377368927,1e-05,0.8673653602600098,1.2932926416397095
2763,0.9972909688949585,0.03724971041083336,1e-05,0.8677268028259277,1.2964794635772705
2764,0.9972006678581238,0.038188718259334564,1e-05,0.8641127347946167,1.2823145389556885
2765,0.9977424740791321,0.036402296274900436,1e-05,0.8641127347946167,1.233617901802063
2766,0.9983745813369751,0.03366159275174141,1e-05,0.8630285263061523,1.295314073562622
2767,0.9980133771896362,0.036911819130182266,1e-05,0.8615829348564148,1.2576911449432373
2768,0.9976521730422974,0.03703491389751434,1e-05,0.8662811517715454,1.317770004272461
2769,0.998103678226471,0.03431501239538193,1e-05,0.8644741773605347,1.2547410726547241
2770,0.9980133771896362,0.035827621817588806,1e-05,0.8608601093292236,1.277156949043274
2771,0.9982842803001404,0.0355805829167366,1e-05,0.8594145178794861,1.3018360137939453
2772,0.9983745813369751,0.035655781626701355,1e-05,0.865558385848999,1.2645978927612305
2773,0.9976521730422974,0.03638562560081482,1e-05,0.8670039772987366,1.302935242652893
2774,0.9977424740791321,0.03632408007979393,1e-05,0.865558385848999,1.2702898979187012
2775,0.9977424740791321,0.03572254627943039,1e-05,0.8615829348564148,1.3301746845245361
2776,0.9972909688949585,0.03810916095972061,1e-05,0.8637513518333435,1.2814297676086426
2777,0.9978327751159668,0.036252494901418686,1e-05,0.862305760383606,1.2638131380081177
2778,0.998103678226471,0.035072047263383865,1e-05,0.865196943283081,1.2690937519073486
2779,0.9974715709686279,0.037910543382167816,1e-05,0.8659197688102722,1.2467745542526245
2780,0.9977424740791321,0.038505278527736664,1e-05,0.8662811517715454,1.274678349494934
2781,0.9972006678581238,0.0395965501666069,1e-05,0.8673653602600098,1.202379584312439
2782,0.9984648823738098,0.03351755067706108,1e-05,0.8659197688102722,1.222400426864624
2783,0.9984648823738098,0.034909579902887344,1e-05,0.865196943283081,1.2767316102981567
2784,0.9981939792633057,0.03442386910319328,1e-05,0.8666425943374634,1.253334879875183
2785,0.9972006678581238,0.0382392518222332,1e-05,0.8626671433448792,1.3092998266220093
2786,0.9979230761528015,0.03527429699897766,1e-05,0.8641127347946167,1.2610583305358887
2787,0.9976521730422974,0.03655651584267616,1e-05,0.8626671433448792,1.3173978328704834
2788,0.998103678226471,0.03474681079387665,1e-05,0.8615829348564148,1.2824246883392334
2789,0.9968394637107849,0.040378253906965256,1e-05,0.8637513518333435,1.3125110864639282
2790,0.9978327751159668,0.03347048908472061,1e-05,0.8641127347946167,1.2595882415771484
2791,0.9981939792633057,0.03263155743479729,1e-05,0.8612215518951416,1.2824561595916748
2792,0.9984648823738098,0.03518437221646309,1e-05,0.8633899688720703,1.305909514427185
2793,0.998735785484314,0.03207191824913025,1e-05,0.8648355603218079,1.349573016166687
2794,0.9988260865211487,0.032524224370718,1e-05,0.8626671433448792,1.322275161743164
2795,0.9979230761528015,0.03487133979797363,1e-05,0.8626671433448792,1.382294774055481
2796,0.9984648823738098,0.03235555812716484,1e-05,0.8670039772987366,1.2623615264892578
2797,0.9982842803001404,0.03793863579630852,1e-05,0.8644741773605347,1.2909756898880005
2798,0.9977424740791321,0.03447877988219261,1e-05,0.8601373434066772,1.3353054523468018
2799,0.9969297647476196,0.03952817991375923,1e-05,0.862305760383606,1.2860939502716064
2800,0.9983745813369751,0.033757083117961884,1e-05,0.8641127347946167,1.2365765571594238
2801,0.9980133771896362,0.03396645933389664,1e-05,0.8630285263061523,1.3027315139770508
2802,0.9985551834106445,0.03426647558808327,1e-05,0.8630285263061523,1.2833406925201416
2803,0.9970200657844543,0.042757343500852585,1e-05,0.8670039772987366,1.2202821969985962
2804,0.9983745813369751,0.03346942365169525,1e-05,0.861944317817688,1.2510650157928467
2805,0.9983745813369751,0.03492255508899689,1e-05,0.8662811517715454,1.24888277053833
2806,0.9979230761528015,0.033210694789886475,1e-05,0.8608601093292236,1.2957391738891602
2807,0.9986454844474792,0.03245580568909645,1e-05,0.8648355603218079,1.3028720617294312
2808,0.9982842803001404,0.03353297710418701,1e-05,0.8597759008407593,1.3302342891693115
2809,0.9978327751159668,0.03530723229050636,1e-05,0.865558385848999,1.3015161752700806
2810,0.9979230761528015,0.03415414318442345,1e-05,0.862305760383606,1.271072506904602
2811,0.9983745813369751,0.03511593118309975,1e-05,0.8673653602600098,1.3119263648986816
2812,0.9972006678581238,0.03868623450398445,1e-05,0.8626671433448792,1.2959864139556885
2813,0.9982842803001404,0.03460567817091942,1e-05,0.865558385848999,1.2872666120529175
2814,0.9981939792633057,0.03270330652594566,1e-05,0.865558385848999,1.2803428173065186
2815,0.9984648823738098,0.03258121386170387,1e-05,0.8637513518333435,1.2843716144561768
2816,0.998735785484314,0.03198659047484398,1e-05,0.8684495687484741,1.2854326963424683
2817,0.9980133771896362,0.035543400794267654,1e-05,0.8677268028259277,1.2574626207351685
2818,0.9978327751159668,0.03318699076771736,1e-05,0.8677268028259277,1.2826324701309204
2819,0.998103678226471,0.03479670733213425,1e-05,0.8670039772987366,1.2548062801361084
2820,0.9979230761528015,0.036170367151498795,1e-05,0.8641127347946167,1.3006566762924194
2821,0.9978327751159668,0.036221399903297424,1e-05,0.8666425943374634,1.263357162475586
2822,0.9977424740791321,0.035139355808496475,1e-05,0.8637513518333435,1.3126239776611328
2823,0.9983745813369751,0.034126970916986465,1e-05,0.8684495687484741,1.2467992305755615
2824,0.9973812699317932,0.03544269874691963,1e-05,0.8684495687484741,1.2236652374267578
2825,0.9981939792633057,0.03331925347447395,1e-05,0.8626671433448792,1.2564035654067993
2826,0.9981939792633057,0.03267170861363411,1e-05,0.8680881857872009,1.3226518630981445
2827,0.9978327751159668,0.036080654710531235,1e-05,0.8709794282913208,1.2556545734405518
2828,0.9973812699317932,0.03556149825453758,1e-05,0.8633899688720703,1.2412257194519043
2829,0.9983745813369751,0.03321825712919235,1e-05,0.8688110113143921,1.268139123916626
2830,0.9975618720054626,0.03853838890790939,1e-05,0.8659197688102722,1.2746471166610718
2831,0.9977424740791321,0.03710699453949928,1e-05,0.8702566027641296,1.2122411727905273
2832,0.9981939792633057,0.03664172813296318,1e-05,0.8684495687484741,1.2721055746078491
2833,0.9977424740791321,0.03869359567761421,1e-05,0.8691723942756653,1.242858648300171
2834,0.9980133771896362,0.0352473147213459,1e-05,0.8691723942756653,1.2612501382827759
2835,0.998103678226471,0.0359731987118721,1e-05,0.8670039772987366,1.2211929559707642
2836,0.9981939792633057,0.03455764427781105,1e-05,0.8666425943374634,1.2537232637405396
2837,0.9979230761528015,0.037013519555330276,1e-05,0.8659197688102722,1.237597107887268
2838,0.9983745813369751,0.03275575488805771,1e-05,0.8637513518333435,1.246583104133606
2839,0.998103678226471,0.03576784208416939,1e-05,0.8630285263061523,1.294363021850586
2840,0.9974715709686279,0.037449464201927185,1e-05,0.862305760383606,1.3013924360275269
2841,0.9977424740791321,0.03593176230788231,1e-05,0.8677268028259277,1.282663345336914
2842,0.9978327751159668,0.034928832203149796,1e-05,0.8662811517715454,1.233154296875
2843,0.9978327751159668,0.03528276085853577,1e-05,0.8659197688102722,1.220517635345459
2844,0.9982842803001404,0.034370116889476776,1e-05,0.8659197688102722,1.2932783365249634
2845,0.9972909688949585,0.03815912827849388,1e-05,0.8662811517715454,1.2360076904296875
2846,0.9977424740791321,0.03683176636695862,1e-05,0.8641127347946167,1.2352550029754639
2847,0.9982842803001404,0.03294766694307327,1e-05,0.8644741773605347,1.2627402544021606
2848,0.9978327751159668,0.034257251769304276,1e-05,0.8641127347946167,1.2601468563079834
2849,0.9978327751159668,0.034924786537885666,1e-05,0.8644741773605347,1.2662439346313477
2850,0.9986454844474792,0.034601520746946335,1e-05,0.865558385848999,1.2617857456207275
2851,0.9980133771896362,0.03358155116438866,1e-05,0.8684495687484741,1.2831394672393799
2852,0.9985551834106445,0.031410351395606995,1e-05,0.8662811517715454,1.2333848476409912
2853,0.9981939792633057,0.03306164965033531,1e-05,0.8648355603218079,1.2673569917678833
2854,0.9982842803001404,0.034058827906847,1e-05,0.8648355603218079,1.2925244569778442
2855,0.9980133771896362,0.03447173908352852,1e-05,0.8637513518333435,1.2839407920837402
2856,0.9984648823738098,0.032322902232408524,1e-05,0.8666425943374634,1.279487133026123
2857,0.9976521730422974,0.03472480550408363,1e-05,0.8633899688720703,1.3194936513900757
2858,0.9970200657844543,0.04161718860268593,1e-05,0.8691723942756653,1.2470489740371704
2859,0.9981939792633057,0.03353992477059364,1e-05,0.8662811517715454,1.2556120157241821
2860,0.9980133771896362,0.03569071739912033,1e-05,0.8659197688102722,1.2564669847488403
2861,0.9980133771896362,0.034743811935186386,1e-05,0.8637513518333435,1.3041895627975464
2862,0.9980133771896362,0.035209834575653076,1e-05,0.8666425943374634,1.2680786848068237
2863,0.9974715709686279,0.03933662176132202,1e-05,0.8633899688720703,1.2754735946655273
2864,0.9986454844474792,0.031952716410160065,1e-05,0.8659197688102722,1.2622411251068115
2865,0.9983745813369751,0.03357362747192383,1e-05,0.865558385848999,1.3061087131500244
2866,0.9980133771896362,0.03465069457888603,1e-05,0.865558385848999,1.2616691589355469
2867,0.9963879585266113,0.03783438727259636,1e-05,0.8641127347946167,1.268430471420288
2868,0.9986454844474792,0.03313109651207924,1e-05,0.865558385848999,1.2198307514190674
2869,0.9981939792633057,0.03362414240837097,1e-05,0.8662811517715454,1.2569940090179443
2870,0.9979230761528015,0.03421835973858833,1e-05,0.8677268028259277,1.2731695175170898
2871,0.9982842803001404,0.032645463943481445,1e-05,0.8633899688720703,1.3325319290161133
2872,0.9976521730422974,0.035358499735593796,1e-05,0.8666425943374634,1.317071795463562
2873,0.9972909688949585,0.037093762308359146,1e-05,0.8659197688102722,1.2565289735794067
2874,0.9979230761528015,0.035725101828575134,1e-05,0.8630285263061523,1.3141318559646606
2875,0.9983745813369751,0.03355652093887329,1e-05,0.8670039772987366,1.2518843412399292
2876,0.9983745813369751,0.03261213377118111,1e-05,0.8684495687484741,1.2394918203353882
2877,0.9972909688949585,0.03622324764728546,1e-05,0.8670039772987366,1.2929946184158325
2878,0.9990066885948181,0.031160268932580948,1e-05,0.8670039772987366,1.3152960538864136
2879,0.9980133771896362,0.03520015999674797,1e-05,0.8633899688720703,1.3857834339141846
2880,0.9975618720054626,0.03563087806105614,1e-05,0.8644741773605347,1.315885066986084
2881,0.9979230761528015,0.033521153032779694,1e-05,0.8662811517715454,1.2437934875488281
2882,0.9981939792633057,0.03550837188959122,1e-05,0.8662811517715454,1.2327011823654175
2883,0.9982842803001404,0.034158311784267426,1e-05,0.8641127347946167,1.3095237016677856
2884,0.9982842803001404,0.033990923315286636,1e-05,0.8630285263061523,1.3552671670913696
2885,0.9985551834106445,0.03449607267975807,1e-05,0.8644741773605347,1.2536762952804565
2886,0.998103678226471,0.03236096724867821,1e-05,0.8659197688102722,1.2987676858901978
2887,0.998103678226471,0.03629307076334953,1e-05,0.865196943283081,1.326094627380371
2888,0.9984648823738098,0.03261582925915718,1e-05,0.8615829348564148,1.2965216636657715
2889,0.9979230761528015,0.0333058126270771,1e-05,0.8648355603218079,1.3088771104812622
2890,0.9976521730422974,0.03738532215356827,1e-05,0.862305760383606,1.302019476890564
2891,0.9977424740791321,0.03515908494591713,1e-05,0.8612215518951416,1.305527687072754
2892,0.9984648823738098,0.034039873629808426,1e-05,0.8604987263679504,1.3154503107070923
2893,0.998103678226471,0.03289639577269554,1e-05,0.861944317817688,1.3435925245285034
2894,0.9980133771896362,0.03410138934850693,1e-05,0.862305760383606,1.2780029773712158
2895,0.9989163875579834,0.03194727376103401,1e-05,0.8662811517715454,1.2891478538513184
2896,0.998103678226471,0.03514345362782478,1e-05,0.861944317817688,1.298876166343689
2897,0.9975618720054626,0.039156474173069,1e-05,0.8633899688720703,1.3556112051010132
2898,0.9980133771896362,0.035356491804122925,1e-05,0.8644741773605347,1.3467069864273071
2899,0.9972006678581238,0.036607466638088226,1e-05,0.8633899688720703,1.2995837926864624
2900,0.9981939792633057,0.03404456377029419,1e-05,0.8633899688720703,1.290961503982544
2901,0.9979230761528015,0.03561116009950638,1e-05,0.865196943283081,1.2579765319824219
2902,0.9979230761528015,0.03407862037420273,1e-05,0.8612215518951416,1.2587165832519531
2903,0.9986454844474792,0.03193526715040207,1e-05,0.861944317817688,1.312078833580017
2904,0.9981939792633057,0.033351968973875046,1e-05,0.861944317817688,1.31991708278656
2905,0.998103678226471,0.03377259895205498,1e-05,0.8637513518333435,1.2906687259674072
2906,0.9980133771896362,0.032211922109127045,1e-05,0.8662811517715454,1.3241866827011108
2907,0.9981939792633057,0.03334427624940872,1e-05,0.8659197688102722,1.2696597576141357
2908,0.9978327751159668,0.033079955726861954,1e-05,0.8659197688102722,1.2942564487457275
2909,0.9979230761528015,0.0345890037715435,1e-05,0.8662811517715454,1.229792833328247
2910,0.9982842803001404,0.033021826297044754,1e-05,0.8691723942756653,1.2672531604766846
2911,0.9985551834106445,0.03305991366505623,1e-05,0.8666425943374634,1.3013720512390137
2912,0.9980133771896362,0.03354329243302345,1e-05,0.865558385848999,1.2810735702514648
2913,0.9984648823738098,0.033266566693782806,1e-05,0.8673653602600098,1.344382882118225
2914,0.9979230761528015,0.03529595583677292,1e-05,0.8684495687484741,1.3004965782165527
2915,0.998735785484314,0.03203699365258217,1e-05,0.8680881857872009,1.315119981765747
2916,0.9977424740791321,0.03484324738383293,1e-05,0.8684495687484741,1.3063174486160278
2917,0.9979230761528015,0.0340646356344223,1e-05,0.8626671433448792,1.2623724937438965
2918,0.9988260865211487,0.03365376219153404,1e-05,0.8648355603218079,1.2772533893585205
2919,0.9975618720054626,0.03782249614596367,1e-05,0.8612215518951416,1.274595856666565
2920,0.998103678226471,0.03421963006258011,1e-05,0.865558385848999,1.2555924654006958
2921,0.998103678226471,0.033431779593229294,1e-05,0.8626671433448792,1.2792391777038574
2922,0.998103678226471,0.03280142694711685,1e-05,0.8594145178794861,1.282546877861023
2923,0.998103678226471,0.033834803849458694,1e-05,0.8594145178794861,1.2673954963684082
2924,0.9983745813369751,0.03335358947515488,1e-05,0.8633899688720703,1.2878777980804443
2925,0.9974715709686279,0.03400370478630066,1e-05,0.865196943283081,1.2987301349639893
2926,0.9984648823738098,0.03379473090171814,1e-05,0.8633899688720703,1.2971768379211426
2927,0.9979230761528015,0.036280225962400436,1e-05,0.8615829348564148,1.3014538288116455
2928,0.9983745813369751,0.03305559232831001,1e-05,0.8612215518951416,1.2517753839492798
2929,0.9979230761528015,0.03570030629634857,1e-05,0.8612215518951416,1.2375023365020752
2930,0.9990066885948181,0.029357513412833214,1e-05,0.8626671433448792,1.3241472244262695
2931,0.998735785484314,0.03257511928677559,1e-05,0.8594145178794861,1.362667441368103
2932,0.9979230761528015,0.03382410481572151,1e-05,0.8612215518951416,1.3334566354751587
2933,0.9976521730422974,0.035776592791080475,1e-05,0.862305760383606,1.2911572456359863
2934,0.9979230761528015,0.034340400248765945,1e-05,0.8597759008407593,1.3357270956039429
2935,0.9981939792633057,0.032632943242788315,1e-05,0.8691723942756653,1.293361783027649
2936,0.9982842803001404,0.03341859579086304,1e-05,0.8630285263061523,1.3079297542572021
2937,0.9970200657844543,0.03867674991488457,1e-05,0.8626671433448792,1.2473886013031006
2938,0.9977424740791321,0.0356045663356781,1e-05,0.862305760383606,1.2898603677749634
2939,0.998103678226471,0.03429974615573883,1e-05,0.8637513518333435,1.3175923824310303
2940,0.9984648823738098,0.03353560343384743,1e-05,0.8626671433448792,1.292712926864624
2941,0.998103678226471,0.03369579464197159,1e-05,0.8633899688720703,1.3323132991790771
2942,0.998103678226471,0.036088671535253525,1e-05,0.861944317817688,1.3128306865692139
2943,0.9979230761528015,0.03331001102924347,1e-05,0.8626671433448792,1.3453363180160522
2944,0.9985551834106445,0.032285455614328384,1e-05,0.8673653602600098,1.3407565355300903
2945,0.9981939792633057,0.034250371158123016,1e-05,0.8644741773605347,1.309561014175415
2946,0.9977424740791321,0.035457756370306015,1e-05,0.865558385848999,1.3090298175811768
2947,0.998103678226471,0.03572406992316246,1e-05,0.8662811517715454,1.2638200521469116
2948,0.9983745813369751,0.0314444936811924,1e-05,0.865196943283081,1.2849068641662598
2949,0.9982842803001404,0.03203202039003372,1e-05,0.8612215518951416,1.3408812284469604
2950,0.9975618720054626,0.03521706536412239,1e-05,0.8670039772987366,1.3122303485870361
2951,0.9978327751159668,0.03455297648906708,1e-05,0.8626671433448792,1.3736557960510254
2952,0.9983745813369751,0.03338311240077019,1e-05,0.8583303093910217,1.3326092958450317
2953,0.9979230761528015,0.03349854052066803,1e-05,0.8641127347946167,1.2950674295425415
2954,0.9989163875579834,0.03197605535387993,1e-05,0.8612215518951416,1.3734110593795776
2955,0.9990066885948181,0.030507486313581467,1e-05,0.8641127347946167,1.3251852989196777
2956,0.9981939792633057,0.03458346426486969,1e-05,0.8637513518333435,1.3506639003753662
2957,0.9984648823738098,0.0310895424336195,1e-05,0.8594145178794861,1.355352759361267
2958,0.9975618720054626,0.035059452056884766,1e-05,0.8630285263061523,1.323673129081726
2959,0.9982842803001404,0.03339577093720436,1e-05,0.8612215518951416,1.3108152151107788
2960,0.9982842803001404,0.03402276337146759,1e-05,0.8626671433448792,1.3299354314804077
2961,0.9983745813369751,0.0345538966357708,1e-05,0.8594145178794861,1.3571256399154663
2962,0.9982842803001404,0.03183678165078163,1e-05,0.8648355603218079,1.306174397468567
2963,0.9975618720054626,0.036800567060709,1e-05,0.8597759008407593,1.340945839881897
2964,0.9979230761528015,0.03376160189509392,1e-05,0.8604987263679504,1.3358242511749268
2965,0.998735785484314,0.033576127141714096,1e-05,0.8608601093292236,1.3011358976364136
2966,0.9981939792633057,0.034989964216947556,1e-05,0.8637513518333435,1.3176206350326538
2967,0.998735785484314,0.031109215691685677,1e-05,0.8612215518951416,1.380332589149475
2968,0.9979230761528015,0.03308205306529999,1e-05,0.8644741773605347,1.3626012802124023
2969,0.9981939792633057,0.03263384848833084,1e-05,0.865196943283081,1.338228702545166
2970,0.9972909688949585,0.036456864327192307,1e-05,0.8633899688720703,1.2838780879974365
2971,0.9983745813369751,0.031960465013980865,1e-05,0.861944317817688,1.3819841146469116
2972,0.9982842803001404,0.034177035093307495,1e-05,0.8626671433448792,1.328629732131958
2973,0.9982842803001404,0.03422585502266884,1e-05,0.8691723942756653,1.2827876806259155
2974,0.9970200657844543,0.03790492191910744,1e-05,0.865196943283081,1.3193855285644531
2975,0.9984648823738098,0.03209681063890457,1e-05,0.865196943283081,1.3712480068206787
2976,0.9976521730422974,0.03489800915122032,1e-05,0.8604987263679504,1.3001723289489746
2977,0.9978327751159668,0.03482634201645851,1e-05,0.862305760383606,1.321423888206482
2978,0.9982842803001404,0.03246653825044632,1e-05,0.8594145178794861,1.285717248916626
2979,0.998103678226471,0.032787833362817764,1e-05,0.8601373434066772,1.2635117769241333
2980,0.9976521730422974,0.03534367308020592,1e-05,0.861944317817688,1.2674438953399658
2981,0.9986454844474792,0.03149823844432831,1e-05,0.8590531349182129,1.3324018716812134
2982,0.9984648823738098,0.03334590047597885,1e-05,0.861944317817688,1.286084771156311
2983,0.9986454844474792,0.029753321781754494,1e-05,0.8612215518951416,1.3115546703338623
2984,0.9972006678581238,0.03625588119029999,1e-05,0.861944317817688,1.2946065664291382
2985,0.9982842803001404,0.03225639835000038,1e-05,0.8576075434684753,1.3411892652511597
2986,0.9981939792633057,0.034860748797655106,1e-05,0.8608601093292236,1.2858840227127075
2987,0.9978327751159668,0.03397642448544502,1e-05,0.8633899688720703,1.3154220581054688
2988,0.9984648823738098,0.030735354870557785,1e-05,0.8604987263679504,1.2603561878204346
2989,0.9980133771896362,0.03471090644598007,1e-05,0.8586917519569397,1.3172640800476074
2990,0.9973812699317932,0.03369173780083656,1e-05,0.8597759008407593,1.3291311264038086
2991,0.9977424740791321,0.03316514566540718,1e-05,0.8612215518951416,1.3107471466064453
2992,0.9986454844474792,0.0312037356197834,1e-05,0.8579689264297485,1.321201205253601
2993,0.9981939792633057,0.03483135253190994,1e-05,0.8601373434066772,1.3554346561431885
2994,0.9981939792633057,0.03277164697647095,1e-05,0.8637513518333435,1.3057209253311157
2995,0.9985551834106445,0.031911902129650116,1e-05,0.8608601093292236,1.2924695014953613
2996,0.9981939792633057,0.03104785457253456,1e-05,0.8583303093910217,1.2871899604797363
2997,0.9985551834106445,0.03406775742769241,1e-05,0.8612215518951416,1.346325397491455
2998,0.9984648823738098,0.03293962404131889,1e-05,0.8615829348564148,1.3395049571990967
2999,0.9988260865211487,0.031807791441679,1e-05,0.862305760383606,1.3624104261398315
