epoch,accuracy,loss,lr,top1,val_accuracy,val_loss,val_top1
0,0.4423771798610687,1.4410825967788696,0.01,0.4423771798610687,0.45530521869659424,1.4394900798797607,0.45530521869659424
1,0.4500090479850769,1.4325529336929321,0.01,0.4500090479850769,0.45530521869659424,1.4301940202713013,0.45530521869659424
2,0.45263537764549255,1.425899624824524,0.01,0.45263537764549255,0.45530521869659424,1.4259586334228516,0.45530521869659424
3,0.45254483819007874,1.4201692342758179,0.01,0.45254483819007874,0.45530521869659424,1.418121099472046,0.45530521869659424
4,0.45064300298690796,1.4144985675811768,0.01,0.45064300298690796,0.45530521869659424,1.414670705795288,0.45530521869659424
5,0.45245426893234253,1.4102811813354492,0.01,0.45245426893234253,0.45530521869659424,1.406389594078064,0.45530521869659424
6,0.45245426893234253,1.4031710624694824,0.01,0.45245426893234253,0.45530521869659424,1.4005680084228516,0.45530521869659424
7,0.4544466435909271,1.3953241109848022,0.01,0.4544466435909271,0.45530521869659424,1.3876992464065552,0.45530521869659424
8,0.47808367013931274,1.3835539817810059,0.01,0.47808367013931274,0.4880087077617645,1.371132493019104,0.4880087077617645
9,0.4966491460800171,1.3663231134414673,0.01,0.4966491460800171,0.5479651093482971,1.3439795970916748,0.5479651093482971
10,0.5047998428344727,1.350174903869629,0.01,0.5047998428344727,0.5352470874786377,1.315904974937439,0.5352470874786377
11,0.5177503824234009,1.3336161375045776,0.01,0.5177503824234009,0.4963662922382355,1.3234246969223022,0.4963662922382355
12,0.5306103825569153,1.3141963481903076,0.01,0.5306103825569153,0.5145348906517029,1.2861599922180176,0.5145348906517029
13,0.547002375125885,1.284988284111023,0.01,0.547002375125885,0.5784883499145508,1.2715623378753662,0.5784883499145508
14,0.5678319334983826,1.2528175115585327,0.01,0.5678319334983826,0.5119912624359131,1.3629117012023926,0.5119912624359131
15,0.5926462411880493,1.209619402885437,0.01,0.5926462411880493,0.5901162624359131,1.2896034717559814,0.5901162624359131
16,0.5970838665962219,1.1937512159347534,0.01,0.5970838665962219,0.6442587375640869,1.1396746635437012,0.6442587375640869
17,0.6152870655059814,1.1586118936538696,0.01,0.6152870655059814,0.6617006063461304,1.0565062761306763,0.6617006063461304
18,0.6132041215896606,1.142877459526062,0.01,0.6132041215896606,0.6784157156944275,1.0334484577178955,0.6784157156944275
19,0.6262452602386475,1.1182390451431274,0.01,0.6262452602386475,0.6805959343910217,1.0156623125076294,0.6805959343910217
20,0.6307734251022339,1.095324993133545,0.01,0.6307734251022339,0.6885901093482971,0.9992630481719971,0.6885901093482971
21,0.6423655152320862,1.0665686130523682,0.01,0.6423655152320862,0.6627907156944275,1.017816185951233,0.6627907156944275
22,0.6458975076675415,1.061174750328064,0.01,0.6458975076675415,0.7074854373931885,0.973110556602478,0.7074854373931885
23,0.6620177626609802,1.0405586957931519,0.01,0.6620177626609802,0.6584302186965942,1.0209872722625732,0.6584302186965942
24,0.6604781746864319,1.0297750234603882,0.01,0.6604781746864319,0.7205668687820435,0.9265515804290771,0.7205668687820435
25,0.6809454560279846,0.9884595274925232,0.01,0.6809454560279846,0.7605378031730652,0.8816889524459839,0.7605378031730652
26,0.6828473210334778,0.9832119345664978,0.01,0.6828473210334778,0.7340116500854492,0.8995859026908875,0.7340116500854492
27,0.6960695385932922,0.9568364024162292,0.01,0.6960695385932922,0.7394621968269348,0.9023497700691223,0.7394621968269348
28,0.7042202353477478,0.9402058720588684,0.01,0.7042202353477478,0.7518168687820435,0.8711609840393066,0.7518168687820435
29,0.7127332091331482,0.931062638759613,0.01,0.7127332091331482,0.7725290656089783,0.8476393818855286,0.7725290656089783
30,0.7423474192619324,0.8619616031646729,0.001,0.7423474192619324,0.7917878031730652,0.7896931767463684,0.7917878031730652
31,0.7558413147926331,0.8391298651695251,0.001,0.7558413147926331,0.7961482405662537,0.7782743573188782,0.7961482405662537
32,0.7584676742553711,0.830731987953186,0.001,0.7584676742553711,0.7881540656089783,0.7897480726242065,0.7881540656089783
33,0.761184573173523,0.8313196301460266,0.001,0.761184573173523,0.8019621968269348,0.7775523066520691,0.8019621968269348
34,0.7596449851989746,0.8235458731651306,0.001,0.7596449851989746,0.7874273061752319,0.7764983177185059,0.7874273061752319
35,0.7626335620880127,0.8161413669586182,0.001,0.7626335620880127,0.8074128031730652,0.754388153553009,0.8074128031730652
36,0.7732294797897339,0.8063199520111084,0.001,0.7732294797897339,0.7808866500854492,0.7813853025436401,0.7808866500854492
37,0.7637203335762024,0.8107380867004395,0.001,0.7637203335762024,0.8103197813034058,0.7538292407989502,0.8103197813034058
38,0.769878625869751,0.8027603030204773,0.001,0.769878625869751,0.8114098906517029,0.7632879018783569,0.8114098906517029
39,0.771871030330658,0.7981557250022888,0.001,0.771871030330658,0.8099563717842102,0.7493153214454651,0.8099563717842102
40,0.7723238468170166,0.802993655204773,0.001,0.7723238468170166,0.8070493936538696,0.7580419778823853,0.8070493936538696
41,0.7794783711433411,0.7926358580589294,0.001,0.7794783711433411,0.8103197813034058,0.751341700553894,0.8103197813034058
42,0.7830103039741516,0.7901474833488464,0.001,0.7830103039741516,0.8034157156944275,0.7535565495491028,0.8034157156944275
43,0.7755841612815857,0.7895233035087585,0.001,0.7755841612815857,0.8128633499145508,0.7378888726234436,0.8128633499145508
44,0.7777576446533203,0.788116991519928,0.001,0.7777576446533203,0.8092296719551086,0.7533408999443054,0.8092296719551086
45,0.7834631204605103,0.7813974022865295,0.001,0.7834631204605103,0.8095930218696594,0.7333877682685852,0.8095930218696594
46,0.7800217270851135,0.778772234916687,0.001,0.7800217270851135,0.7950581312179565,0.7536899447441101,0.7950581312179565
47,0.7859989404678345,0.7713351845741272,0.001,0.7859989404678345,0.8125,0.738645076751709,0.8125
48,0.7819235920906067,0.7766744494438171,0.001,0.7819235920906067,0.8164970874786377,0.730619490146637,0.8164970874786377
49,0.7885347008705139,0.7667821645736694,0.001,0.7885347008705139,0.7914243936538696,0.7680180668830872,0.7914243936538696
50,0.7859083414077759,0.7643934488296509,0.001,0.7859083414077759,0.7877907156944275,0.755308210849762,0.7877907156944275
51,0.789530873298645,0.7606178522109985,0.001,0.789530873298645,0.8179506063461304,0.7231462001800537,0.8179506063461304
52,0.7903459668159485,0.7611445188522339,0.001,0.7903459668159485,0.8194040656089783,0.7279817461967468,0.8194040656089783
53,0.7968665361404419,0.7575604319572449,0.001,0.7968665361404419,0.8146802186965942,0.7111217379570007,0.8146802186965942
54,0.7912515997886658,0.755095362663269,0.001,0.7912515997886658,0.7943313717842102,0.765414297580719,0.7943313717842102
55,0.7903459668159485,0.7581425905227661,0.001,0.7903459668159485,0.8244912624359131,0.713774561882019,0.8244912624359131
56,0.7954174876213074,0.7478596568107605,0.001,0.7954174876213074,0.8288517594337463,0.6991674900054932,0.8288517594337463
57,0.7949646711349487,0.7489013075828552,0.001,0.7949646711349487,0.8255813717842102,0.7082653045654297,0.8255813717842102
58,0.795508086681366,0.7499635815620422,0.001,0.795508086681366,0.8303052186965942,0.7010530233383179,0.8303052186965942
59,0.7943307161331177,0.7460597157478333,0.001,0.7943307161331177,0.8259447813034058,0.7090221047401428,0.8259447813034058
60,0.8013041019439697,0.7342981696128845,1e-04,0.8013041019439697,0.8306686282157898,0.693096399307251,0.8306686282157898
61,0.8087303042411804,0.7224492430686951,1e-04,0.8087303042411804,0.8339389562606812,0.6930991411209106,0.8339389562606812
62,0.8118094801902771,0.7172436714172363,1e-04,0.8118094801902771,0.8343023061752319,0.6899520754814148,0.8343023061752319
63,0.8115377426147461,0.7199607491493225,1e-04,0.8115377426147461,0.8288517594337463,0.6909225583076477,0.8288517594337463
64,0.8094547986984253,0.7176989912986755,1e-04,0.8094547986984253,0.8295784592628479,0.6874168515205383,0.8295784592628479
65,0.8095453977584839,0.7212777137756348,1e-04,0.8095453977584839,0.8303052186965942,0.6894897818565369,0.8303052186965942
66,0.8088208436965942,0.7214023470878601,1e-04,0.8088208436965942,0.832848846912384,0.6891872882843018,0.832848846912384
67,0.8121716976165771,0.7130013108253479,1e-04,0.8121716976165771,0.8306686282157898,0.6907505393028259,0.8306686282157898
68,0.8119905591011047,0.7159583568572998,1e-04,0.8119905591011047,0.8317587375640869,0.6891188025474548,0.8317587375640869
69,0.8137112855911255,0.7108638286590576,1e-04,0.8137112855911255,0.8332121968269348,0.6872225999832153,0.8332121968269348
70,0.8117188811302185,0.7150956988334656,1e-04,0.8117188811302185,0.8321220874786377,0.6885240077972412,0.8321220874786377
71,0.8163376450538635,0.706423819065094,1e-04,0.8163376450538635,0.8252180218696594,0.6992514729499817,0.8252180218696594
72,0.8136207461357117,0.7143458724021912,1e-04,0.8136207461357117,0.832848846912384,0.6875192523002625,0.832848846912384
73,0.808549165725708,0.7190311551094055,1e-04,0.808549165725708,0.8306686282157898,0.6862585544586182,0.8306686282157898
74,0.8166998624801636,0.7150769829750061,1e-04,0.8166998624801636,0.8332121968269348,0.6843336224555969,0.8332121968269348
75,0.8129867911338806,0.7120817303657532,1e-04,0.8129867911338806,0.835392415523529,0.6839555501937866,0.835392415523529
76,0.8101792931556702,0.7101332545280457,1e-04,0.8101792931556702,0.8332121968269348,0.6857131719589233,0.8332121968269348
77,0.8157036900520325,0.7089889049530029,1e-04,0.8157036900520325,0.832848846912384,0.6913459897041321,0.832848846912384
78,0.8063756823539734,0.7183243632316589,1e-04,0.8063756823539734,0.8273982405662537,0.6917049884796143,0.8273982405662537
79,0.814526379108429,0.7101628184318542,1e-04,0.814526379108429,0.8346657156944275,0.6820275783538818,0.8346657156944275
80,0.8128056526184082,0.7109223008155823,1e-04,0.8128056526184082,0.835392415523529,0.6854599714279175,0.835392415523529
81,0.8151602745056152,0.7075093388557434,1e-04,0.8151602745056152,0.8350290656089783,0.685181736946106,0.8350290656089783
82,0.8157942295074463,0.707969605922699,1e-04,0.8157942295074463,0.8324854373931885,0.6861011981964111,0.8324854373931885
83,0.8116283416748047,0.7122070789337158,1e-04,0.8116283416748047,0.8343023061752319,0.6848617196083069,0.8343023061752319
84,0.8138018250465393,0.7077403664588928,1e-04,0.8138018250465393,0.8335756063461304,0.6815596222877502,0.8335756063461304
85,0.8176054954528809,0.700821578502655,1e-04,0.8176054954528809,0.8350290656089783,0.6845896244049072,0.8350290656089783
86,0.8173338174819946,0.7038798928260803,1e-04,0.8173338174819946,0.8335756063461304,0.6823484301567078,0.8335756063461304
87,0.8141641020774841,0.7068035006523132,1e-04,0.8141641020774841,0.8343023061752319,0.6854140758514404,0.8343023061752319
88,0.8135301470756531,0.7099846005439758,1e-04,0.8135301470756531,0.8299418687820435,0.6827788949012756,0.8299418687820435
89,0.8157036900520325,0.700312077999115,1e-04,0.8157036900520325,0.8339389562606812,0.6780589818954468,0.8339389562606812
90,0.8162470459938049,0.7079028487205505,1e-04,0.8162470459938049,0.832848846912384,0.6806978583335876,0.832848846912384
91,0.8133490085601807,0.7039481997489929,1e-04,0.8133490085601807,0.8321220874786377,0.6834622025489807,0.8321220874786377
92,0.8147980570793152,0.7042247653007507,1e-04,0.8147980570793152,0.8346657156944275,0.6788105964660645,0.8346657156944275
93,0.8186922669410706,0.7058722972869873,1e-04,0.8186922669410706,0.8321220874786377,0.6837282776832581,0.8321220874786377
94,0.8223147988319397,0.6912198662757874,1e-04,0.8223147988319397,0.8321220874786377,0.6789411306381226,0.8321220874786377
95,0.8158848285675049,0.7077773213386536,1e-04,0.8158848285675049,0.8324854373931885,0.6777285933494568,0.8324854373931885
96,0.8224053382873535,0.6887678503990173,1e-04,0.8224053382873535,0.8310319781303406,0.6798422336578369,0.8310319781303406
97,0.8159753680229187,0.7014970779418945,1e-04,0.8159753680229187,0.8346657156944275,0.679336428642273,0.8346657156944275
98,0.8200507164001465,0.7026867270469666,1e-04,0.8200507164001465,0.8343023061752319,0.6773949265480042,0.8343023061752319
99,0.8226770758628845,0.6924020648002625,1e-04,0.8226770758628845,0.8357558250427246,0.6764275431632996,0.8357558250427246
100,0.8186922669410706,0.7015697956085205,1e-04,0.8186922669410706,0.8379360437393188,0.681100606918335,0.8379360437393188
101,0.8183299899101257,0.7080031633377075,1e-04,0.8183299899101257,0.8375726938247681,0.6786454916000366,0.8375726938247681
102,0.8254845142364502,0.6954806447029114,1e-04,0.8254845142364502,0.835392415523529,0.6794416904449463,0.835392415523529
103,0.8176054954528809,0.7008382081985474,1e-04,0.8176054954528809,0.8393895626068115,0.6790947318077087,0.8393895626068115
104,0.819235622882843,0.6926897168159485,1e-04,0.819235622882843,0.8361191749572754,0.6789274215698242,0.8361191749572754
105,0.8216808438301086,0.6981328725814819,1e-04,0.8216808438301086,0.8361191749572754,0.6808766722679138,0.8361191749572754
106,0.8203223943710327,0.6985875964164734,1e-04,0.8203223943710327,0.8386628031730652,0.6760309934616089,0.8386628031730652
107,0.8186017274856567,0.69771409034729,1e-04,0.8186017274856567,0.839026153087616,0.673383355140686,0.839026153087616
108,0.8227676153182983,0.6921101212501526,1e-04,0.8227676153182983,0.8372092843055725,0.6743021607398987,0.8372092843055725
109,0.8224053382873535,0.694838285446167,1e-04,0.8224053382873535,0.8372092843055725,0.6715587377548218,0.8372092843055725
110,0.8204129934310913,0.6980515122413635,1e-04,0.8204129934310913,0.8386628031730652,0.6743861436843872,0.8386628031730652
111,0.8199601769447327,0.694369912147522,1e-04,0.8199601769447327,0.8343023061752319,0.6745727062225342,0.8343023061752319
112,0.8174243569374084,0.6904433369636536,1e-04,0.8174243569374084,0.8379360437393188,0.677315890789032,0.8379360437393188
113,0.816881000995636,0.6949964165687561,1e-04,0.816881000995636,0.8361191749572754,0.6738368272781372,0.8361191749572754
114,0.8229487538337708,0.6928058862686157,1e-04,0.8229487538337708,0.8321220874786377,0.6755473017692566,0.8321220874786377
115,0.8215903043746948,0.6951600313186646,1e-04,0.8215903043746948,0.8375726938247681,0.6718188524246216,0.8375726938247681
116,0.8231298923492432,0.6882225871086121,1e-04,0.8231298923492432,0.8386628031730652,0.6722739338874817,0.8386628031730652
117,0.8248505592346191,0.691074550151825,1e-04,0.8248505592346191,0.8382993936538696,0.6736286282539368,0.8382993936538696
118,0.825575053691864,0.6884415149688721,1e-04,0.825575053691864,0.8350290656089783,0.6732178926467896,0.8350290656089783
119,0.8262090086936951,0.6885798573493958,1e-04,0.8262090086936951,0.8379360437393188,0.673650860786438,0.8379360437393188
120,0.8279297351837158,0.6864710450172424,1e-04,0.8279297351837158,0.8386628031730652,0.6687970161437988,0.8386628031730652
121,0.8273863196372986,0.6845650672912598,1e-04,0.8273863196372986,0.839026153087616,0.6705722808837891,0.839026153087616
122,0.825575053691864,0.6869333982467651,1e-04,0.825575053691864,0.8382993936538696,0.6687427163124084,0.8382993936538696
123,0.8231298923492432,0.6895691752433777,1e-04,0.8231298923492432,0.8408430218696594,0.6699565052986145,0.8408430218696594
124,0.8274769186973572,0.6929669380187988,1e-04,0.8274769186973572,0.8426598906517029,0.6684035658836365,0.8426598906517029
125,0.8251222372055054,0.6857679486274719,1e-04,0.8251222372055054,0.8412063717842102,0.6656744480133057,0.8412063717842102
126,0.8205035328865051,0.693265974521637,1e-04,0.8205035328865051,0.8408430218696594,0.670534074306488,0.8408430218696594
127,0.8256656527519226,0.6879594922065735,1e-04,0.8256656527519226,0.8401162624359131,0.6707823276519775,0.8401162624359131
128,0.8286542296409607,0.6884869933128357,1e-04,0.8286542296409607,0.8361191749572754,0.6720472574234009,0.8361191749572754
129,0.8202318549156189,0.6894539594650269,1e-04,0.8202318549156189,0.8401162624359131,0.6646137833595276,0.8401162624359131
130,0.8259373307228088,0.6874678134918213,1e-04,0.8259373307228088,0.8375726938247681,0.67261803150177,0.8375726938247681
131,0.8272957801818848,0.6793107390403748,1e-04,0.8272957801818848,0.8379360437393188,0.6682015061378479,0.8379360437393188
132,0.8225864768028259,0.684060275554657,1e-04,0.8225864768028259,0.8382993936538696,0.6704879999160767,0.8382993936538696
133,0.8248505592346191,0.6884278655052185,1e-04,0.8248505592346191,0.8422965407371521,0.6637486219406128,0.8422965407371521
134,0.825575053691864,0.6837960481643677,1e-04,0.825575053691864,0.84375,0.6653880476951599,0.84375
135,0.825846791267395,0.6906072497367859,1e-04,0.825846791267395,0.8433866500854492,0.6608100533485413,0.8433866500854492
136,0.8267524242401123,0.6822658181190491,1e-04,0.8267524242401123,0.839026153087616,0.6665087938308716,0.839026153087616
137,0.8271146416664124,0.6873427033424377,1e-04,0.8271146416664124,0.8412063717842102,0.665768027305603,0.8412063717842102
138,0.8274769186973572,0.6829522252082825,1e-04,0.8274769186973572,0.8448401093482971,0.666524350643158,0.8448401093482971
139,0.8247600197792053,0.6834843158721924,1e-04,0.8247600197792053,0.8455668687820435,0.6639233827590942,0.8455668687820435
140,0.8248505592346191,0.6852214336395264,1e-04,0.8248505592346191,0.84375,0.6627358794212341,0.84375
141,0.827205240726471,0.6800270676612854,1e-04,0.827205240726471,0.8382993936538696,0.6692618131637573,0.8382993936538696
142,0.8273863196372986,0.6796802878379822,1e-04,0.8273863196372986,0.8397529125213623,0.6639863848686218,0.8397529125213623
143,0.827205240726471,0.683673083782196,1e-04,0.827205240726471,0.8412063717842102,0.663262128829956,0.8412063717842102
144,0.8283825516700745,0.6760523915290833,1e-04,0.8283825516700745,0.8401162624359131,0.6637867093086243,0.8401162624359131
145,0.8286542296409607,0.6779428124427795,1e-04,0.8286542296409607,0.8444767594337463,0.6643360257148743,0.8444767594337463
146,0.8281108736991882,0.6820021867752075,1e-04,0.8281108736991882,0.8408430218696594,0.6694055795669556,0.8408430218696594
147,0.8330918550491333,0.6781805157661438,1e-04,0.8330918550491333,0.8426598906517029,0.6585189700126648,0.8426598906517029
148,0.8282919526100159,0.6825160384178162,1e-04,0.8282919526100159,0.8412063717842102,0.6618545055389404,0.8412063717842102
149,0.8299221396446228,0.6759653091430664,1e-04,0.8299221396446228,0.84375,0.6652747392654419,0.84375
150,0.8297410011291504,0.6759045720100403,1e-04,0.8297410011291504,0.84375,0.6650566458702087,0.84375
151,0.827205240726471,0.6775012016296387,1e-04,0.827205240726471,0.84375,0.6609674692153931,0.84375
152,0.8320956230163574,0.6797149777412415,1e-04,0.8320956230163574,0.8426598906517029,0.6716276407241821,0.8426598906517029
153,0.8323673009872437,0.6724041104316711,1e-04,0.8323673009872437,0.8412063717842102,0.6683288216590881,0.8412063717842102
154,0.8342691659927368,0.672125518321991,1e-04,0.8342691659927368,0.8412063717842102,0.6678392291069031,0.8412063717842102
155,0.8366237878799438,0.669763445854187,1e-04,0.8366237878799438,0.8441133499145508,0.6582235097885132,0.8441133499145508
156,0.8293787240982056,0.6784064769744873,1e-04,0.8293787240982056,0.8404796719551086,0.6630527377128601,0.8404796719551086
157,0.8273863196372986,0.6760330200195312,1e-04,0.8273863196372986,0.8444767594337463,0.6573886871337891,0.8444767594337463
158,0.8313711285591125,0.6724344491958618,1e-04,0.8313711285591125,0.8473837375640869,0.6535516381263733,0.8473837375640869
159,0.8236732482910156,0.6793331503868103,1e-04,0.8236732482910156,0.8459302186965942,0.6567324995994568,0.8459302186965942
160,0.8310994505882263,0.6713494062423706,1e-04,0.8310994505882263,0.8422965407371521,0.6620068550109863,0.8422965407371521
161,0.8375294208526611,0.6683486104011536,1e-04,0.8375294208526611,0.8448401093482971,0.6543657183647156,0.8448401093482971
162,0.8338163495063782,0.669588029384613,1e-04,0.8338163495063782,0.8466569781303406,0.6622216105461121,0.8466569781303406
163,0.8270241022109985,0.672703206539154,1e-04,0.8270241022109985,0.848473846912384,0.6505638957023621,0.848473846912384
164,0.8291070461273193,0.6717503666877747,1e-04,0.8291070461273193,0.8462936282157898,0.6556950807571411,0.8462936282157898
165,0.833906888961792,0.6728392839431763,1e-04,0.833906888961792,0.8473837375640869,0.6597920060157776,0.8473837375640869
166,0.8369860649108887,0.6732422709465027,1e-04,0.8369860649108887,0.8441133499145508,0.6670572757720947,0.8441133499145508
167,0.827205240726471,0.6741786003112793,1e-04,0.827205240726471,0.8502907156944275,0.6537304520606995,0.8502907156944275
168,0.8326390385627747,0.6673440933227539,1e-04,0.8326390385627747,0.8430232405662537,0.6547542214393616,0.8430232405662537
169,0.8310994505882263,0.6738364100456238,1e-04,0.8310994505882263,0.8452034592628479,0.656501829624176,0.8452034592628479
170,0.8380728363990784,0.6629005670547485,1e-04,0.8380728363990784,0.8401162624359131,0.6682512760162354,0.8401162624359131
171,0.8367143869400024,0.661664605140686,1e-04,0.8367143869400024,0.8466569781303406,0.6604098677635193,0.8466569781303406
172,0.8322767615318298,0.6665821671485901,1e-04,0.8322767615318298,0.8422965407371521,0.6627997756004333,0.8422965407371521
173,0.8330918550491333,0.6658521294593811,1e-04,0.8330918550491333,0.8335756063461304,0.6770996451377869,0.8335756063461304
174,0.8351747989654541,0.6625864505767822,1e-04,0.8351747989654541,0.8426598906517029,0.6679128408432007,0.8426598906517029
175,0.8308277726173401,0.6661897301673889,1e-04,0.8308277726173401,0.8430232405662537,0.6674980521202087,0.8430232405662537
176,0.8357181549072266,0.6693792343139648,1e-04,0.8357181549072266,0.8346657156944275,0.6726169586181641,0.8346657156944275
177,0.8386161923408508,0.6610809564590454,1e-04,0.8386161923408508,0.8462936282157898,0.6538134813308716,0.8462936282157898
178,0.8300126791000366,0.6724787354469299,1e-04,0.8300126791000366,0.8393895626068115,0.6736103296279907,0.8393895626068115
179,0.8344503045082092,0.664309024810791,1e-04,0.8344503045082092,0.8415697813034058,0.6563854813575745,0.8415697813034058
180,0.8355370163917542,0.665503978729248,1e-04,0.8355370163917542,0.8422965407371521,0.6636509895324707,0.8422965407371521
181,0.8387067317962646,0.6612369418144226,1e-04,0.8387067317962646,0.8492006063461304,0.6528652906417847,0.8492006063461304
182,0.8351747989654541,0.6695220470428467,1e-04,0.8351747989654541,0.8466569781303406,0.6516732573509216,0.8466569781303406
183,0.8387973308563232,0.6579025983810425,1e-04,0.8387973308563232,0.8459302186965942,0.663259744644165,0.8459302186965942
184,0.8360804319381714,0.6642953157424927,1e-04,0.8360804319381714,0.8488371968269348,0.6532713174819946,0.8488371968269348
185,0.8418764472007751,0.6545054912567139,1e-04,0.8418764472007751,0.8455668687820435,0.6566693186759949,0.8455668687820435
186,0.8383445143699646,0.6599570512771606,1e-04,0.8383445143699646,0.8386628031730652,0.6757456064224243,0.8386628031730652
187,0.8403369188308716,0.6578298807144165,1e-04,0.8403369188308716,0.8513808250427246,0.6546463370323181,0.8513808250427246
188,0.8335446715354919,0.6702165007591248,1e-04,0.8335446715354919,0.8426598906517029,0.6539913415908813,0.8426598906517029
189,0.8397029638290405,0.6556241512298584,1e-04,0.8397029638290405,0.8481104373931885,0.6556039452552795,0.8481104373931885
190,0.8391595482826233,0.6616834998130798,1e-04,0.8391595482826233,0.8481104373931885,0.6475825309753418,0.8481104373931885
191,0.8339974880218506,0.6619629859924316,1e-04,0.8339974880218506,0.8455668687820435,0.6579887866973877,0.8455668687820435
192,0.8360804319381714,0.6595409512519836,1e-04,0.8360804319381714,0.8357558250427246,0.6763510704040527,0.8357558250427246
193,0.8309183120727539,0.667443573474884,1e-04,0.8309183120727539,0.851017415523529,0.6499400734901428,0.851017415523529
194,0.8390690088272095,0.650262713432312,1e-04,0.8390690088272095,0.8455668687820435,0.659538984298706,0.8455668687820435
195,0.833906888961792,0.6623619198799133,1e-04,0.833906888961792,0.8419331312179565,0.660788357257843,0.8419331312179565
196,0.8398841023445129,0.6516750454902649,1e-04,0.8398841023445129,0.8455668687820435,0.6436166763305664,0.8455668687820435
197,0.8404274582862854,0.6587826013565063,1e-04,0.8404274582862854,0.8470203280448914,0.648963987827301,0.8470203280448914
198,0.8327295780181885,0.6636704206466675,1e-04,0.8327295780181885,0.8444767594337463,0.6426143050193787,0.8444767594337463
199,0.8369860649108887,0.6605302691459656,1e-04,0.8369860649108887,0.8459302186965942,0.6599727272987366,0.8459302186965942
200,0.8360804319381714,0.6658646464347839,1e-04,0.8360804319381714,0.8495639562606812,0.6474741101264954,0.8495639562606812
201,0.840880274772644,0.6548248529434204,1e-04,0.840880274772644,0.8455668687820435,0.6470032930374146,0.8455668687820435
202,0.83653324842453,0.6562118530273438,1e-04,0.83653324842453,0.8382993936538696,0.668586790561676,0.8382993936538696
203,0.840246319770813,0.6576573848724365,1e-04,0.840246319770813,0.8492006063461304,0.6442453265190125,0.8492006063461304
204,0.8401557803153992,0.6553948521614075,1e-04,0.8401557803153992,0.8495639562606812,0.647017776966095,0.8495639562606812
205,0.8368954658508301,0.6579519510269165,1e-04,0.8368954658508301,0.8524709343910217,0.6453444361686707,0.8524709343910217
206,0.8414236307144165,0.6612685918807983,1e-04,0.8414236307144165,0.8415697813034058,0.6549944877624512,0.8415697813034058
207,0.8407897353172302,0.6502215266227722,1e-04,0.8407897353172302,0.8517441749572754,0.6390302181243896,0.8517441749572754
208,0.8388878703117371,0.6530262231826782,1e-04,0.8388878703117371,0.8528342843055725,0.6422628164291382,0.8528342843055725
209,0.8387973308563232,0.6551192998886108,1e-04,0.8387973308563232,0.8470203280448914,0.6426401734352112,0.8470203280448914
210,0.8406085968017578,0.6477782726287842,1e-04,0.8406085968017578,0.8528342843055725,0.6431421637535095,0.8528342843055725
211,0.8413330912590027,0.6479640603065491,1e-04,0.8413330912590027,0.8517441749572754,0.6421494483947754,0.8517441749572754
212,0.8391595482826233,0.6524626612663269,1e-04,0.8391595482826233,0.8488371968269348,0.650802493095398,0.8488371968269348
213,0.8426010012626648,0.6477162837982178,1e-04,0.8426010012626648,0.8448401093482971,0.6520959734916687,0.8448401093482971
214,0.840246319770813,0.6574321985244751,1e-04,0.840246319770813,0.8408430218696594,0.6539955735206604,0.8408430218696594
215,0.840246319770813,0.6521811485290527,1e-04,0.840246319770813,0.8495639562606812,0.6437786817550659,0.8495639562606812
216,0.8431443572044373,0.6474642157554626,1e-04,0.8431443572044373,0.8492006063461304,0.6427199244499207,0.8492006063461304
217,0.8387067317962646,0.651648223400116,1e-04,0.8387067317962646,0.8553779125213623,0.6368266940116882,0.8553779125213623
218,0.8426915407180786,0.648328959941864,1e-04,0.8426915407180786,0.8513808250427246,0.6375743746757507,0.8513808250427246
219,0.8451367616653442,0.6472528576850891,1e-04,0.8451367616653442,0.8575581312179565,0.6328830122947693,0.8575581312179565
220,0.8426010012626648,0.6549168229103088,1e-04,0.8426010012626648,0.8590116500854492,0.6356691718101501,0.8590116500854492
221,0.8445028066635132,0.6440477967262268,1e-04,0.8445028066635132,0.8506540656089783,0.6433238387107849,0.8506540656089783
222,0.8464952111244202,0.6454567313194275,1e-04,0.8464952111244202,0.854651153087616,0.6413784027099609,0.854651153087616
223,0.8444122672080994,0.6440098285675049,1e-04,0.8444122672080994,0.8492006063461304,0.6513799428939819,0.8492006063461304
224,0.8435066342353821,0.6526268720626831,1e-04,0.8435066342353821,0.8528342843055725,0.6355647444725037,0.8528342843055725
225,0.8445028066635132,0.6435837745666504,1e-04,0.8445028066635132,0.8408430218696594,0.6579853892326355,0.8408430218696594
226,0.8471291661262512,0.6404162645339966,1e-04,0.8471291661262512,0.8477470874786377,0.6520044803619385,0.8477470874786377
227,0.8438688516616821,0.6479945182800293,1e-04,0.8438688516616821,0.8473837375640869,0.6376444101333618,0.8473837375640869
228,0.8417859077453613,0.6438824534416199,1e-04,0.8417859077453613,0.8539243936538696,0.6400929093360901,0.8539243936538696
229,0.8426010012626648,0.6429290771484375,1e-04,0.8426010012626648,0.8466569781303406,0.6456819176673889,0.8466569781303406
230,0.8499366044998169,0.6353657245635986,1e-04,0.8499366044998169,0.8430232405662537,0.6568998098373413,0.8430232405662537
231,0.8436877131462097,0.6469915509223938,1e-04,0.8436877131462097,0.8550145626068115,0.6376993060112,0.8550145626068115
232,0.8451367616653442,0.6444993019104004,1e-04,0.8451367616653442,0.8539243936538696,0.6346873044967651,0.8539243936538696
233,0.8430538177490234,0.642939567565918,1e-04,0.8430538177490234,0.8539243936538696,0.63613361120224,0.8539243936538696
234,0.8440499901771545,0.6467809677124023,1e-04,0.8440499901771545,0.8604651093482971,0.6296798586845398,0.8604651093482971
235,0.8415142297744751,0.6476855874061584,1e-04,0.8415142297744751,0.8499273061752319,0.6441207528114319,0.8499273061752319
236,0.8447744846343994,0.6446175575256348,1e-04,0.8447744846343994,0.8488371968269348,0.6440761685371399,0.8488371968269348
237,0.8494837880134583,0.6414161324501038,1e-04,0.8494837880134583,0.8524709343910217,0.6322980523109436,0.8524709343910217
238,0.8435066342353821,0.6476429104804993,1e-04,0.8435066342353821,0.8433866500854492,0.6517288088798523,0.8433866500854492
239,0.8476725220680237,0.6362925171852112,1e-04,0.8476725220680237,0.8561046719551086,0.6371781826019287,0.8561046719551086
240,0.8450461626052856,0.6376089453697205,1e-04,0.8450461626052856,0.8564680218696594,0.6275874972343445,0.8564680218696594
241,0.850570559501648,0.6352492570877075,1e-04,0.850570559501648,0.8470203280448914,0.6377143263816833,0.8470203280448914
242,0.8484876155853271,0.6360039710998535,1e-04,0.8484876155853271,0.8571947813034058,0.6272178888320923,0.8571947813034058
243,0.8467668890953064,0.6388773322105408,1e-04,0.8467668890953064,0.8575581312179565,0.6269599795341492,0.8575581312179565
244,0.8476725220680237,0.6410580277442932,1e-04,0.8476725220680237,0.854651153087616,0.6386044025421143,0.854651153087616
245,0.8473102450370789,0.6389135718345642,1e-04,0.8473102450370789,0.852107584476471,0.6412005424499512,0.852107584476471
246,0.8507516980171204,0.6327530145645142,1e-04,0.8507516980171204,0.8473837375640869,0.6469345688819885,0.8473837375640869
247,0.8502988815307617,0.6351335048675537,1e-04,0.8502988815307617,0.8579215407371521,0.640211820602417,0.8579215407371521
248,0.8522006869316101,0.6278793215751648,1e-04,0.8522006869316101,0.8582848906517029,0.630014181137085,0.8582848906517029
249,0.8477630615234375,0.6355836987495422,1e-04,0.8477630615234375,0.8495639562606812,0.6357653141021729,0.8495639562606812
250,0.8516573309898376,0.6350019574165344,1e-04,0.8516573309898376,0.8553779125213623,0.6340159773826599,0.8553779125213623
251,0.8468574285507202,0.6400658488273621,1e-04,0.8468574285507202,0.8524709343910217,0.633688747882843,0.8524709343910217
252,0.8482158780097961,0.6330777406692505,1e-04,0.8482158780097961,0.8601017594337463,0.6261883974075317,0.8601017594337463
253,0.8447744846343994,0.6309630870819092,1e-04,0.8447744846343994,0.8579215407371521,0.6214722990989685,0.8579215407371521
254,0.8450461626052856,0.6386542320251465,1e-04,0.8450461626052856,0.8492006063461304,0.6413668990135193,0.8492006063461304
255,0.8467668890953064,0.6342356204986572,1e-04,0.8467668890953064,0.8590116500854492,0.6234328746795654,0.8590116500854492
256,0.8560948967933655,0.6257126927375793,1e-04,0.8560948967933655,0.8604651093482971,0.6245231032371521,0.8604651093482971
257,0.8497554659843445,0.6318961977958679,1e-04,0.8497554659843445,0.8604651093482971,0.6302708387374878,0.8604651093482971
258,0.8497554659843445,0.6334598660469055,1e-04,0.8497554659843445,0.8557412624359131,0.6359769701957703,0.8557412624359131
259,0.8552798628807068,0.6215413808822632,1e-04,0.8552798628807068,0.8561046719551086,0.6351543068885803,0.8561046719551086
260,0.8506610989570618,0.6287965178489685,1e-04,0.8506610989570618,0.8604651093482971,0.6264740228652954,0.8604651093482971
261,0.8536496758460999,0.6230335235595703,1e-04,0.8536496758460999,0.8622819781303406,0.6203154921531677,0.8622819781303406
262,0.8489404320716858,0.6329561471939087,1e-04,0.8489404320716858,0.8590116500854492,0.6209324598312378,0.8590116500854492
263,0.8525629639625549,0.6240061521530151,1e-04,0.8525629639625549,0.8615552186965942,0.6221321225166321,0.8615552186965942
264,0.8490309715270996,0.6349647641181946,1e-04,0.8490309715270996,0.8648256063461304,0.622983992099762,0.8648256063461304
265,0.8490309715270996,0.6296238303184509,1e-04,0.8490309715270996,0.8586482405662537,0.6225715279579163,0.8586482405662537
266,0.8493026494979858,0.6316189765930176,1e-04,0.8493026494979858,0.8586482405662537,0.6191872358322144,0.8586482405662537
267,0.8522006869316101,0.6299265027046204,1e-04,0.8522006869316101,0.8557412624359131,0.632206916809082,0.8557412624359131
268,0.8532874584197998,0.625422477722168,1e-04,0.8532874584197998,0.8470203280448914,0.6447614431381226,0.8470203280448914
269,0.8564571738243103,0.6245456337928772,1e-04,0.8564571738243103,0.8557412624359131,0.6296038031578064,0.8557412624359131
270,0.8521101474761963,0.63048255443573,1e-04,0.8521101474761963,0.8648256063461304,0.617226779460907,0.8648256063461304
271,0.8504799604415894,0.6239940524101257,1e-04,0.8504799604415894,0.8568313717842102,0.6403701305389404,0.8568313717842102
272,0.8490309715270996,0.6339674592018127,1e-04,0.8490309715270996,0.859375,0.6232299208641052,0.859375
273,0.854917585849762,0.6256454586982727,1e-04,0.854917585849762,0.8571947813034058,0.6293788552284241,0.8571947813034058
274,0.8516573309898376,0.626861572265625,1e-04,0.8516573309898376,0.8622819781303406,0.6150760650634766,0.8622819781303406
275,0.8541024923324585,0.6285655498504639,1e-04,0.8541024923324585,0.8644621968269348,0.6146490573883057,0.8644621968269348
276,0.8530157804489136,0.6257320046424866,1e-04,0.8530157804489136,0.8579215407371521,0.6171397566795349,0.8579215407371521
277,0.851566731929779,0.630645215511322,1e-04,0.851566731929779,0.8586482405662537,0.6249942183494568,0.8586482405662537
278,0.8531968593597412,0.623863935470581,1e-04,0.8531968593597412,0.8604651093482971,0.6253865957260132,0.8604651093482971
279,0.8538308143615723,0.6179810762405396,1e-04,0.8538308143615723,0.8568313717842102,0.6330180764198303,0.8568313717842102
280,0.8513855934143066,0.6237411499023438,1e-04,0.8513855934143066,0.866642415523529,0.617271900177002,0.866642415523529
281,0.8570005297660828,0.6216970086097717,1e-04,0.8570005297660828,0.864098846912384,0.6185402870178223,0.864098846912384
282,0.8557326793670654,0.6186635494232178,1e-04,0.8557326793670654,0.8619186282157898,0.623530387878418,0.8619186282157898
283,0.8522912263870239,0.6221533417701721,1e-04,0.8522912263870239,0.864098846912384,0.6256794929504395,0.864098846912384
284,0.8520195484161377,0.620766282081604,1e-04,0.8520195484161377,0.8611918687820435,0.6300020217895508,0.8611918687820435
285,0.851566731929779,0.6219369173049927,1e-04,0.851566731929779,0.8608284592628479,0.6229895949363708,0.8608284592628479
286,0.8520195484161377,0.6228172183036804,1e-04,0.8520195484161377,0.8655523061752319,0.6100340485572815,0.8655523061752319
287,0.852925181388855,0.6216831207275391,1e-04,0.852925181388855,0.8611918687820435,0.6272803544998169,0.8611918687820435
288,0.8567288517951965,0.6175532937049866,1e-04,0.8567288517951965,0.867732584476471,0.6143128871917725,0.867732584476471
289,0.8568193912506104,0.6180511713027954,1e-04,0.8568193912506104,0.8615552186965942,0.6206485629081726,0.8615552186965942
290,0.851204514503479,0.6248471140861511,1e-04,0.851204514503479,0.8659157156944275,0.6185664534568787,0.8659157156944275
291,0.8558232188224792,0.6218017339706421,1e-04,0.8558232188224792,0.8608284592628479,0.6179096698760986,0.8608284592628479
292,0.8519290089607239,0.6189157366752625,1e-04,0.8519290089607239,0.8651889562606812,0.6082006692886353,0.8651889562606812
293,0.8575439453125,0.6185892820358276,1e-04,0.8575439453125,0.8662790656089783,0.6141911745071411,0.8662790656089783
294,0.8525629639625549,0.6201960444450378,1e-04,0.8525629639625549,0.864098846912384,0.6116012930870056,0.864098846912384
295,0.8548270463943481,0.6206838488578796,1e-04,0.8548270463943481,0.8608284592628479,0.620190441608429,0.8608284592628479
296,0.8570911288261414,0.6119059324264526,1e-04,0.8570911288261414,0.8648256063461304,0.6142744421958923,0.8648256063461304
297,0.8579061627388,0.6174721717834473,1e-04,0.8579061627388,0.8601017594337463,0.6231368184089661,0.8601017594337463
298,0.8608042001724243,0.6090162992477417,1e-04,0.8608042001724243,0.8655523061752319,0.6085700392723083,0.8655523061752319
299,0.8522006869316101,0.6188250780105591,1e-04,0.8522006869316101,0.8615552186965942,0.6183462142944336,0.8615552186965942
300,0.8581778407096863,0.6169252395629883,1e-04,0.8581778407096863,0.8608284592628479,0.6257426738739014,0.8608284592628479
301,0.8596268892288208,0.6067584156990051,1e-04,0.8596268892288208,0.8695493936538696,0.6072649359703064,0.8695493936538696
302,0.8563665747642517,0.6164835095405579,1e-04,0.8563665747642517,0.8651889562606812,0.604907751083374,0.8651889562606812
303,0.8567288517951965,0.6140788793563843,1e-04,0.8567288517951965,0.8731831312179565,0.604594349861145,0.8731831312179565
304,0.8564571738243103,0.6142351031303406,1e-04,0.8564571738243103,0.8633720874786377,0.6185793876647949,0.8633720874786377
305,0.8583589792251587,0.6120672225952148,1e-04,0.8583589792251587,0.8568313717842102,0.6330346465110779,0.8568313717842102
306,0.8616192936897278,0.6090742349624634,1e-04,0.8616192936897278,0.867732584476471,0.6238886713981628,0.867732584476471
307,0.8615286946296692,0.6082878708839417,1e-04,0.8615286946296692,0.8626453280448914,0.6194148063659668,0.8626453280448914
308,0.8618003726005554,0.6081550717353821,1e-04,0.8618003726005554,0.8710029125213623,0.610077440738678,0.8710029125213623
309,0.8499366044998169,0.6205142736434937,1e-04,0.8499366044998169,0.8651889562606812,0.6145829558372498,0.8651889562606812
310,0.8580873012542725,0.6059297323226929,1e-04,0.8580873012542725,0.8655523061752319,0.6165056824684143,0.8655523061752319
311,0.8587212562561035,0.6109911203384399,1e-04,0.8587212562561035,0.8630087375640869,0.6099252700805664,0.8630087375640869
312,0.8608042001724243,0.6059272885322571,1e-04,0.8608042001724243,0.8684592843055725,0.6101860404014587,0.8684592843055725
313,0.8562760353088379,0.6115800142288208,1e-04,0.8562760353088379,0.8495639562606812,0.6483304500579834,0.8495639562606812
314,0.8616192936897278,0.6117933392524719,1e-04,0.8616192936897278,0.8673691749572754,0.6147457957267761,0.8673691749572754
315,0.8580873012542725,0.6097800731658936,1e-04,0.8580873012542725,0.8626453280448914,0.6173678040504456,0.8626453280448914
316,0.8589929342269897,0.6108344793319702,1e-04,0.8589929342269897,0.8659157156944275,0.6121315360069275,0.8659157156944275
317,0.8651512265205383,0.6009165048599243,1e-04,0.8651512265205383,0.8673691749572754,0.6100058555603027,0.8673691749572754
318,0.8616192936897278,0.6082883477210999,1e-04,0.8616192936897278,0.866642415523529,0.6103556156158447,0.866642415523529
319,0.8579967617988586,0.6101675033569336,1e-04,0.8579967617988586,0.8571947813034058,0.6313144564628601,0.8571947813034058
320,0.8577250242233276,0.6104702353477478,1e-04,0.8577250242233276,0.859375,0.6270956993103027,0.859375
321,0.8588117957115173,0.608451247215271,1e-04,0.8588117957115173,0.8615552186965942,0.6225517988204956,0.8615552186965942
322,0.8604419231414795,0.6095865368843079,1e-04,0.8604419231414795,0.8608284592628479,0.6262606978416443,0.8608284592628479
323,0.8580873012542725,0.6100884675979614,1e-04,0.8580873012542725,0.8662790656089783,0.604178786277771,0.8662790656089783
324,0.8589929342269897,0.6048595905303955,1e-04,0.8589929342269897,0.8691860437393188,0.6055652499198914,0.8691860437393188
325,0.8617098331451416,0.6067124009132385,1e-04,0.8617098331451416,0.8673691749572754,0.606342077255249,0.8673691749572754
326,0.8589023947715759,0.6047062277793884,1e-04,0.8589023947715759,0.8619186282157898,0.6187490224838257,0.8619186282157898
327,0.8609853386878967,0.6030872464179993,1e-04,0.8609853386878967,0.8680959343910217,0.6091282367706299,0.8680959343910217
328,0.8601702451705933,0.606519341468811,1e-04,0.8601702451705933,0.870276153087616,0.5990951657295227,0.870276153087616
329,0.8618003726005554,0.6007211804389954,1e-04,0.8618003726005554,0.8586482405662537,0.6258838772773743,0.8586482405662537
330,0.8652418255805969,0.598203182220459,1e-04,0.8652418255805969,0.8633720874786377,0.6208995580673218,0.8633720874786377
331,0.8573628067970276,0.6087857484817505,1e-04,0.8573628067970276,0.8644621968269348,0.62123042345047,0.8644621968269348
332,0.8627966046333313,0.6021960973739624,1e-04,0.8627966046333313,0.8626453280448914,0.619365930557251,0.8626453280448914
333,0.8626154661178589,0.6033935546875,1e-04,0.8626154661178589,0.8706395626068115,0.6010463237762451,0.8706395626068115
334,0.8646984100341797,0.6006564497947693,1e-04,0.8646984100341797,0.8630087375640869,0.6102113723754883,0.8630087375640869
335,0.8599891066551208,0.5999004244804382,1e-04,0.8599891066551208,0.8542878031730652,0.6460146903991699,0.8542878031730652
336,0.8706756234169006,0.5875734686851501,1e-04,0.8706756234169006,0.8539243936538696,0.653670608997345,0.8539243936538696
337,0.8643361926078796,0.6002386212348938,1e-04,0.8643361926078796,0.8673691749572754,0.6070415377616882,0.8673691749572754
338,0.8640644550323486,0.5988305807113647,1e-04,0.8640644550323486,0.8630087375640869,0.6195844411849976,0.8630087375640869
339,0.8611664772033691,0.5993826389312744,1e-04,0.8611664772033691,0.8739098906517029,0.6047450304031372,0.8739098906517029
340,0.8687737584114075,0.5907214283943176,1e-04,0.8687737584114075,0.8735465407371521,0.599299430847168,0.8735465407371521
341,0.8621626496315002,0.5992130637168884,1e-04,0.8621626496315002,0.8622819781303406,0.6179788708686829,0.8622819781303406
342,0.8661474585533142,0.5999614596366882,1e-04,0.8661474585533142,0.8753633499145508,0.5986689925193787,0.8753633499145508
343,0.8687737584114075,0.5847188234329224,1e-04,0.8687737584114075,0.8731831312179565,0.5994755029678345,0.8731831312179565
344,0.8645172715187073,0.5957760214805603,1e-04,0.8645172715187073,0.8699128031730652,0.6073518395423889,0.8699128031730652
345,0.865604043006897,0.5956242084503174,1e-04,0.865604043006897,0.867732584476471,0.6007003784179688,0.867732584476471
346,0.8648795485496521,0.5953614115715027,1e-04,0.8648795485496521,0.875,0.5990152359008789,0.875
347,0.8637102842330933,0.5981140732765198,1e-04,0.8637102842330933,0.8724563717842102,0.6000385284423828,0.8724563717842102
348,0.8680492639541626,0.5921440720558167,1e-04,0.8680492639541626,0.8764534592628479,0.5978596806526184,0.8764534592628479
349,0.8645172715187073,0.5944658517837524,1e-04,0.8645172715187073,0.8742732405662537,0.5965777039527893,0.8742732405662537
350,0.8648795485496521,0.5964106917381287,1e-04,0.8648795485496521,0.8728197813034058,0.6017436981201172,0.8728197813034058
351,0.8675059080123901,0.5963965654373169,1e-04,0.8675059080123901,0.8699128031730652,0.6018164753913879,0.8699128031730652
352,0.8646984100341797,0.5998141169548035,1e-04,0.8646984100341797,0.8710029125213623,0.6017228364944458,0.8710029125213623
353,0.868230402469635,0.5962067246437073,1e-04,0.868230402469635,0.8724563717842102,0.6108043789863586,0.8724563717842102
354,0.8672341704368591,0.5934976935386658,1e-04,0.8672341704368591,0.8735465407371521,0.6175962686538696,0.8735465407371521
355,0.8676869869232178,0.5960619449615479,1e-04,0.8676869869232178,0.8764534592628479,0.599359929561615,0.8764534592628479
356,0.8711284399032593,0.5922244787216187,1e-04,0.8711284399032593,0.8695493936538696,0.5982223153114319,0.8695493936538696
357,0.8668719530105591,0.5945741534233093,1e-04,0.8668719530105591,0.8746366500854492,0.6007862687110901,0.8746366500854492
358,0.8714906573295593,0.5819300413131714,1e-04,0.8714906573295593,0.8731831312179565,0.5957682132720947,0.8731831312179565
359,0.8652418255805969,0.5932081341743469,1e-04,0.8652418255805969,0.8695493936538696,0.593528151512146,0.8695493936538696
360,0.8730302453041077,0.5822762250900269,1e-04,0.8730302453041077,0.870276153087616,0.597078263759613,0.870276153087616
361,0.865604043006897,0.5859262943267822,1e-04,0.865604043006897,0.8789970874786377,0.5896506905555725,0.8789970874786377
362,0.8695888519287109,0.5914987325668335,1e-04,0.8695888519287109,0.8728197813034058,0.6022260189056396,0.8728197813034058
363,0.8685926198959351,0.5875195264816284,1e-04,0.8685926198959351,0.875,0.5967191457748413,0.875
364,0.8658757209777832,0.5901656150817871,1e-04,0.8658757209777832,0.8808139562606812,0.5834998488426208,0.8808139562606812
365,0.8701322078704834,0.5906205773353577,1e-04,0.8701322078704834,0.8826308250427246,0.5868884921073914,0.8826308250427246
366,0.8722151517868042,0.5820639133453369,1e-04,0.8722151517868042,0.8768168687820435,0.5925998091697693,0.8768168687820435
367,0.8706756234169006,0.5856137871742249,1e-04,0.8706756234169006,0.8779069781303406,0.5992896556854248,0.8779069781303406
368,0.8648795485496521,0.5915986895561218,1e-04,0.8648795485496521,0.866642415523529,0.6124982833862305,0.866642415523529
369,0.8676869869232178,0.5886284708976746,1e-04,0.8676869869232178,0.8793604373931885,0.5967007279396057,0.8793604373931885
370,0.8693171739578247,0.5878209471702576,1e-04,0.8693171739578247,0.8764534592628479,0.5912728309631348,0.8764534592628479
371,0.8686832189559937,0.5899509787559509,1e-04,0.8686832189559937,0.8757267594337463,0.5842819809913635,0.8757267594337463
372,0.8659663200378418,0.5908293724060059,1e-04,0.8659663200378418,0.8768168687820435,0.5864270329475403,0.8768168687820435
373,0.8672341704368591,0.59381502866745,1e-04,0.8672341704368591,0.8728197813034058,0.6006686091423035,0.8728197813034058
374,0.8751131892204285,0.5787259936332703,1e-04,0.8751131892204285,0.8742732405662537,0.5954673886299133,0.8742732405662537
375,0.8685926198959351,0.5853130221366882,1e-04,0.8685926198959351,0.883357584476471,0.5896643996238708,0.883357584476471
376,0.8712189793586731,0.5822261571884155,1e-04,0.8712189793586731,0.8771802186965942,0.5948227047920227,0.8771802186965942
377,0.8646984100341797,0.5918426513671875,1e-04,0.8646984100341797,0.8502907156944275,0.6401457190513611,0.8502907156944275
378,0.8687737584114075,0.58488529920578,1e-04,0.8687737584114075,0.8804506063461304,0.5867851376533508,0.8804506063461304
379,0.8784640431404114,0.5822626352310181,1e-04,0.8784640431404114,0.8655523061752319,0.6230171322822571,0.8655523061752319
380,0.8691360354423523,0.5895161032676697,1e-04,0.8691360354423523,0.8728197813034058,0.6044347286224365,0.8728197813034058
381,0.8714001178741455,0.5791167616844177,1e-04,0.8714001178741455,0.8739098906517029,0.6021394729614258,0.8739098906517029
382,0.8736642003059387,0.5826876759529114,1e-04,0.8736642003059387,0.8793604373931885,0.5898680686950684,0.8793604373931885
383,0.870222806930542,0.5836601853370667,1e-04,0.870222806930542,0.8760901093482971,0.5976085066795349,0.8760901093482971
384,0.8713095188140869,0.585207462310791,1e-04,0.8713095188140869,0.8771802186965942,0.5900952816009521,0.8771802186965942
385,0.8717623353004456,0.5807530879974365,1e-04,0.8717623353004456,0.8695493936538696,0.6125692129135132,0.8695493936538696
386,0.8736642003059387,0.5801346302032471,1e-04,0.8736642003059387,0.8757267594337463,0.6021381616592407,0.8757267594337463
387,0.8721246123313904,0.5808093547821045,1e-04,0.8721246123313904,0.8779069781303406,0.6027558445930481,0.8779069781303406
388,0.8697699904441833,0.5818542242050171,1e-04,0.8697699904441833,0.8800871968269348,0.5926365256309509,0.8800871968269348
389,0.8721246123313904,0.5829000473022461,1e-04,0.8721246123313904,0.8753633499145508,0.5973991751670837,0.8753633499145508
390,0.8764716386795044,0.5727211236953735,1e-04,0.8764716386795044,0.8782703280448914,0.599058210849762,0.8782703280448914
391,0.8753848671913147,0.5766361355781555,1e-04,0.8753848671913147,0.882267415523529,0.5912241339683533,0.882267415523529
392,0.8753848671913147,0.574231743812561,1e-04,0.8753848671913147,0.8789970874786377,0.5836209654808044,0.8789970874786377
393,0.8754754662513733,0.5711908936500549,1e-04,0.8754754662513733,0.8717296719551086,0.6128485202789307,0.8717296719551086
394,0.8727585673332214,0.5751355886459351,1e-04,0.8727585673332214,0.8815407156944275,0.591134250164032,0.8815407156944275
395,0.8741170167922974,0.5768703818321228,1e-04,0.8741170167922974,0.883357584476471,0.585749089717865,0.883357584476471
396,0.8787357211112976,0.5756700038909912,1e-04,0.8787357211112976,0.8644621968269348,0.6242188215255737,0.8644621968269348
397,0.8720340728759766,0.5836789608001709,1e-04,0.8720340728759766,0.8815407156944275,0.5820646286010742,0.8815407156944275
398,0.8704944849014282,0.5764961242675781,1e-04,0.8704944849014282,0.8829941749572754,0.5898826718330383,0.8829941749572754
399,0.8736642003059387,0.5723549723625183,1e-04,0.8736642003059387,0.8786337375640869,0.5890055894851685,0.8786337375640869
400,0.8755660057067871,0.5710690021514893,1e-04,0.8755660057067871,0.8829941749572754,0.58687424659729,0.8829941749572754
401,0.8743886947631836,0.5726720094680786,1e-04,0.8743886947631836,0.8826308250427246,0.5932497382164001,0.8826308250427246
402,0.8729397058486938,0.5723810791969299,1e-04,0.8729397058486938,0.8819040656089783,0.590480387210846,0.8819040656089783
403,0.8781923651695251,0.5660441517829895,1e-04,0.8781923651695251,0.8789970874786377,0.6007485389709473,0.8789970874786377
404,0.8794602155685425,0.5722013711929321,1e-04,0.8794602155685425,0.8800871968269348,0.5841402411460876,0.8800871968269348
405,0.8807281255722046,0.5714949369430542,1e-04,0.8807281255722046,0.879723846912384,0.584756076335907,0.879723846912384
406,0.8777395486831665,0.5673916339874268,1e-04,0.8777395486831665,0.882267415523529,0.5913276672363281,0.882267415523529
407,0.876924455165863,0.576447606086731,1e-04,0.876924455165863,0.8840842843055725,0.5807919502258301,0.8840842843055725
408,0.8747509717941284,0.5771108269691467,1e-04,0.8747509717941284,0.8764534592628479,0.6074545979499817,0.8764534592628479
409,0.8763810992240906,0.5717597007751465,1e-04,0.8763810992240906,0.8848110437393188,0.588433563709259,0.8848110437393188
410,0.876290500164032,0.5686693787574768,1e-04,0.876290500164032,0.8855378031730652,0.5797609686851501,0.8855378031730652
411,0.8736642003059387,0.5747296810150146,1e-04,0.8736642003059387,0.8851743936538696,0.5811285376548767,0.8851743936538696
412,0.8783735036849976,0.5695681571960449,1e-04,0.8783735036849976,0.8829941749572754,0.5899041891098022,0.8829941749572754
413,0.8746603727340698,0.5709020495414734,1e-04,0.8746603727340698,0.8855378031730652,0.5881461501121521,0.8855378031730652
414,0.8774678707122803,0.5732393860816956,1e-04,0.8774678707122803,0.885901153087616,0.5833662748336792,0.885901153087616
415,0.8759282827377319,0.5679519176483154,1e-04,0.8759282827377319,0.883357584476471,0.58566814661026,0.883357584476471
416,0.8771961331367493,0.5677745342254639,1e-04,0.8771961331367493,0.883357584476471,0.5875699520111084,0.883357584476471
417,0.8740264177322388,0.5739675164222717,1e-04,0.8740264177322388,0.8786337375640869,0.5954705476760864,0.8786337375640869
418,0.8816337585449219,0.5673299431800842,1e-04,0.8816337585449219,0.8848110437393188,0.5781125426292419,0.8848110437393188
419,0.8746603727340698,0.5678219795227051,1e-04,0.8746603727340698,0.8815407156944275,0.5865209102630615,0.8815407156944275
420,0.876924455165863,0.5663489699363708,1e-04,0.876924455165863,0.883357584476471,0.583334743976593,0.883357584476471
421,0.8798224925994873,0.5579464435577393,1e-04,0.8798224925994873,0.8873546719551086,0.5830758810043335,0.8873546719551086
422,0.8779206871986389,0.5702940225601196,1e-04,0.8779206871986389,0.883357584476471,0.5955051183700562,0.883357584476471
423,0.8774678707122803,0.567628026008606,1e-04,0.8774678707122803,0.8844476938247681,0.5805875658988953,0.8844476938247681
424,0.8823582530021667,0.5620085000991821,1e-04,0.8823582530021667,0.8855378031730652,0.5804985761642456,0.8855378031730652
425,0.8823582530021667,0.5641332268714905,1e-04,0.8823582530021667,0.8869912624359131,0.5781941413879395,0.8869912624359131
426,0.8779206871986389,0.5688069462776184,1e-04,0.8779206871986389,0.8808139562606812,0.5890266299247742,0.8808139562606812
427,0.8784640431404114,0.5687493085861206,1e-04,0.8784640431404114,0.8855378031730652,0.5755871534347534,0.8855378031730652
428,0.8790979981422424,0.5659424662590027,1e-04,0.8790979981422424,0.8771802186965942,0.5861307382583618,0.8771802186965942
429,0.8795508146286011,0.5591370463371277,1e-04,0.8795508146286011,0.885901153087616,0.5929351449012756,0.885901153087616
430,0.8795508146286011,0.5612093210220337,1e-04,0.8795508146286011,0.8851743936538696,0.586782693862915,0.8851743936538696
431,0.8757471442222595,0.5664219260215759,1e-04,0.8757471442222595,0.883357584476471,0.5907396674156189,0.883357584476471
432,0.8811809420585632,0.5626928210258484,1e-04,0.8811809420585632,0.8891715407371521,0.5831183195114136,0.8891715407371521
433,0.8780112266540527,0.5632639527320862,1e-04,0.8780112266540527,0.8829941749572754,0.5911777019500732,0.8829941749572754
434,0.8800941705703735,0.5627946853637695,1e-04,0.8800941705703735,0.8826308250427246,0.5840921998023987,0.8826308250427246
435,0.8751131892204285,0.5625001788139343,1e-04,0.8751131892204285,0.8800871968269348,0.5878186821937561,0.8800871968269348
436,0.878282904624939,0.5645031929016113,1e-04,0.878282904624939,0.8837209343910217,0.5870764851570129,0.8837209343910217
437,0.8777395486831665,0.5636447072029114,1e-04,0.8777395486831665,0.8826308250427246,0.5962744355201721,0.8826308250427246
438,0.8890599608421326,0.5496982336044312,1e-04,0.8890599608421326,0.8873546719551086,0.5794369578361511,0.8873546719551086
439,0.8793696761131287,0.5594173669815063,1e-04,0.8793696761131287,0.8873546719551086,0.5821385383605957,0.8873546719551086
440,0.8834450244903564,0.5518904328346252,1e-04,0.8834450244903564,0.8779069781303406,0.6145140528678894,0.8779069781303406
441,0.8830827474594116,0.560386061668396,1e-04,0.8830827474594116,0.8895348906517029,0.5833255648612976,0.8895348906517029
442,0.8790073990821838,0.5625222325325012,1e-04,0.8790073990821838,0.8851743936538696,0.5852338671684265,0.8851743936538696
443,0.8838073015213013,0.5573024153709412,1e-04,0.8838073015213013,0.8888081312179565,0.5753494501113892,0.8888081312179565
444,0.8851657509803772,0.5553829669952393,1e-04,0.8851657509803772,0.8855378031730652,0.5836912393569946,0.8855378031730652
445,0.8827205300331116,0.5533792972564697,1e-04,0.8827205300331116,0.8888081312179565,0.5787755846977234,0.8888081312179565
446,0.8807281255722046,0.5601708889007568,1e-04,0.8807281255722046,0.8877180218696594,0.5843188166618347,0.8877180218696594
447,0.8787357211112976,0.5629393458366394,1e-04,0.8787357211112976,0.8891715407371521,0.5721012353897095,0.8891715407371521
448,0.8817242980003357,0.5554093718528748,1e-04,0.8817242980003357,0.8808139562606812,0.5940083265304565,0.8808139562606812
449,0.8799130320549011,0.5642105340957642,1e-04,0.8799130320549011,0.8895348906517029,0.5754883289337158,0.8895348906517029
450,0.8843506574630737,0.5549300312995911,1e-04,0.8843506574630737,0.8924418687820435,0.5741021037101746,0.8924418687820435
451,0.8811809420585632,0.5589650869369507,1e-04,0.8811809420585632,0.8895348906517029,0.582480251789093,0.8895348906517029
452,0.8814526200294495,0.5561267137527466,1e-04,0.8814526200294495,0.8782703280448914,0.6015159487724304,0.8782703280448914
453,0.8794602155685425,0.562957227230072,1e-04,0.8794602155685425,0.8855378031730652,0.5818505883216858,0.8855378031730652
454,0.8841695189476013,0.5540688633918762,1e-04,0.8841695189476013,0.8917151093482971,0.5726752877235413,0.8917151093482971
455,0.8808186650276184,0.5535452961921692,1e-04,0.8808186650276184,0.8873546719551086,0.58725506067276,0.8873546719551086
456,0.8820865750312805,0.5586611032485962,1e-04,0.8820865750312805,0.8840842843055725,0.584032416343689,0.8840842843055725
457,0.8825393915176392,0.5576910972595215,1e-04,0.8825393915176392,0.8826308250427246,0.5930218696594238,0.8826308250427246
458,0.8825393915176392,0.5551478862762451,1e-04,0.8825393915176392,0.8742732405662537,0.6146234273910522,0.8742732405662537
459,0.8837167024612427,0.5553732514381409,1e-04,0.8837167024612427,0.8873546719551086,0.5745914578437805,0.8873546719551086
460,0.887610912322998,0.5495500564575195,1e-04,0.887610912322998,0.8920784592628479,0.5766646862030029,0.8920784592628479
461,0.8800941705703735,0.5570664405822754,1e-04,0.8800941705703735,0.8840842843055725,0.584978461265564,0.8840842843055725
462,0.8845317959785461,0.5533928871154785,1e-04,0.8845317959785461,0.8924418687820435,0.5794278979301453,0.8924418687820435
463,0.8891505002975464,0.5491330027580261,1e-04,0.8891505002975464,0.8869912624359131,0.5740597248077393,0.8869912624359131
464,0.8874298334121704,0.5428586602210999,1e-04,0.8874298334121704,0.8917151093482971,0.5722652673721313,0.8917151093482971
465,0.8836261630058289,0.5504119992256165,1e-04,0.8836261630058289,0.8880813717842102,0.5747882723808289,0.8880813717842102
466,0.8825393915176392,0.5579385757446289,1e-04,0.8825393915176392,0.8924418687820435,0.5694782137870789,0.8924418687820435
467,0.885256290435791,0.5492957830429077,1e-04,0.885256290435791,0.8826308250427246,0.5885089635848999,0.8826308250427246
468,0.8850751519203186,0.5509845018386841,1e-04,0.8850751519203186,0.8862645626068115,0.5679839253425598,0.8862645626068115
469,0.8838978409767151,0.5523356199264526,1e-04,0.8838978409767151,0.8811773061752319,0.581655740737915,0.8811773061752319
470,0.8866147398948669,0.5437512993812561,1e-04,0.8866147398948669,0.885901153087616,0.5672333836555481,0.885901153087616
471,0.8871580958366394,0.5466262102127075,1e-04,0.8871580958366394,0.8891715407371521,0.5785833597183228,0.8891715407371521
472,0.8916862607002258,0.5391620397567749,1e-04,0.8916862607002258,0.8819040656089783,0.5826894044876099,0.8819040656089783
473,0.8839883804321289,0.5496841669082642,1e-04,0.8839883804321289,0.8869912624359131,0.569598913192749,0.8869912624359131
474,0.8925013542175293,0.5430349111557007,1e-04,0.8925013542175293,0.8880813717842102,0.5728861093521118,0.8880813717842102
475,0.8877920508384705,0.5464445948600769,1e-04,0.8877920508384705,0.8877180218696594,0.5909353494644165,0.8877180218696594
476,0.8886071443557739,0.5448804497718811,1e-04,0.8886071443557739,0.8895348906517029,0.5805794596672058,0.8895348906517029
477,0.8849846124649048,0.548223078250885,1e-04,0.8849846124649048,0.8819040656089783,0.5994963645935059,0.8819040656089783
478,0.8864336013793945,0.5531560778617859,1e-04,0.8864336013793945,0.8888081312179565,0.5813010334968567,0.8888081312179565
479,0.8903278112411499,0.5402499437332153,1e-04,0.8903278112411499,0.8931686282157898,0.5765448212623596,0.8931686282157898
480,0.8868864178657532,0.5510345101356506,1e-04,0.8868864178657532,0.8935319781303406,0.5766578912734985,0.8935319781303406
481,0.8841695189476013,0.5462682247161865,1e-04,0.8841695189476013,0.8844476938247681,0.5943858623504639,0.8844476938247681
482,0.8838073015213013,0.5504326820373535,1e-04,0.8838073015213013,0.8880813717842102,0.5728538036346436,0.8880813717842102
483,0.8950371146202087,0.5308156609535217,1e-04,0.8950371146202087,0.8913517594337463,0.5743274092674255,0.8913517594337463
484,0.8903278112411499,0.5423167943954468,1e-04,0.8903278112411499,0.8837209343910217,0.5939177870750427,0.8837209343910217
485,0.887248694896698,0.5488064885139465,1e-04,0.887248694896698,0.8851743936538696,0.5869376063346863,0.8851743936538696
486,0.888969361782074,0.5431196093559265,1e-04,0.888969361782074,0.8862645626068115,0.572650671005249,0.8862645626068115
487,0.8900561332702637,0.5407512784004211,1e-04,0.8900561332702637,0.883357584476471,0.5884197950363159,0.883357584476471
488,0.890961766242981,0.5379912257194519,1e-04,0.890961766242981,0.890625,0.5728759765625,0.890625
489,0.8910523653030396,0.5413236021995544,1e-04,0.8910523653030396,0.8891715407371521,0.571786642074585,0.8891715407371521
490,0.8850751519203186,0.549203097820282,1e-04,0.8850751519203186,0.8898982405662537,0.5772938132286072,0.8898982405662537
491,0.8886976838111877,0.5464496612548828,1e-04,0.8886976838111877,0.8909883499145508,0.5724630355834961,0.8909883499145508
492,0.8882448673248291,0.5440655946731567,1e-04,0.8882448673248291,0.8848110437393188,0.5808987617492676,0.8848110437393188
493,0.8926824927330017,0.5371232032775879,1e-04,0.8926824927330017,0.8935319781303406,0.5696800351142883,0.8935319781303406
494,0.887882649898529,0.5438686609268188,1e-04,0.887882649898529,0.8902616500854492,0.5689478516578674,0.8902616500854492
495,0.8904184103012085,0.5334171652793884,1e-04,0.8904184103012085,0.8928052186965942,0.5711749792098999,0.8928052186965942
496,0.8886071443557739,0.5413500070571899,1e-04,0.8886071443557739,0.8862645626068115,0.5778625011444092,0.8862645626068115
497,0.8899655938148499,0.5398638248443604,1e-04,0.8899655938148499,0.885901153087616,0.5799634456634521,0.885901153087616
498,0.8927730321884155,0.5324669480323792,1e-04,0.8927730321884155,0.8884447813034058,0.5793229341506958,0.8884447813034058
499,0.889241099357605,0.5426952242851257,1e-04,0.889241099357605,0.8880813717842102,0.5758039951324463,0.8880813717842102
500,0.8901467323303223,0.5431537628173828,1e-04,0.8901467323303223,0.890625,0.5730728507041931,0.890625
501,0.8925918936729431,0.5366362929344177,1e-04,0.8925918936729431,0.8913517594337463,0.5721002221107483,0.8913517594337463
502,0.8907806277275085,0.5394835472106934,1e-04,0.8907806277275085,0.8931686282157898,0.5672830939292908,0.8931686282157898
503,0.8925013542175293,0.536072313785553,1e-04,0.8925013542175293,0.8873546719551086,0.5797032713890076,0.8873546719551086
504,0.8938598036766052,0.5325895547866821,1e-04,0.8938598036766052,0.8888081312179565,0.5723138451576233,0.8888081312179565
505,0.8925918936729431,0.5341122150421143,1e-04,0.8925918936729431,0.8968023061752319,0.566457986831665,0.8968023061752319
506,0.8928636312484741,0.5355140566825867,1e-04,0.8928636312484741,0.8898982405662537,0.5766339898109436,0.8898982405662537
507,0.8891505002975464,0.5372592806816101,1e-04,0.8891505002975464,0.8891715407371521,0.5723848342895508,0.8891715407371521
508,0.8880637288093567,0.542180597782135,1e-04,0.8880637288093567,0.8895348906517029,0.5832511186599731,0.8895348906517029
509,0.8901467323303223,0.5337384343147278,1e-04,0.8901467323303223,0.8898982405662537,0.5751001834869385,0.8898982405662537
510,0.8927730321884155,0.5388994812965393,1e-04,0.8927730321884155,0.8844476938247681,0.5808099508285522,0.8844476938247681
511,0.8835355639457703,0.5459738969802856,1e-04,0.8835355639457703,0.8771802186965942,0.5974358916282654,0.8771802186965942
512,0.8966672420501709,0.5276104807853699,1e-04,0.8966672420501709,0.8924418687820435,0.5651031136512756,0.8924418687820435
513,0.8906900882720947,0.5401890277862549,1e-04,0.8906900882720947,0.890625,0.5700992941856384,0.890625
514,0.8967578411102295,0.5312020182609558,1e-04,0.8967578411102295,0.8938953280448914,0.5746740102767944,0.8938953280448914
515,0.8890599608421326,0.5345966219902039,1e-04,0.8890599608421326,0.8891715407371521,0.569469153881073,0.8891715407371521
516,0.8958522081375122,0.5289505124092102,1e-04,0.8958522081375122,0.8946220874786377,0.568702220916748,0.8946220874786377
517,0.8946748971939087,0.53531813621521,1e-04,0.8946748971939087,0.8917151093482971,0.5737047791481018,0.8917151093482971
518,0.8915051817893982,0.536597728729248,1e-04,0.8915051817893982,0.8935319781303406,0.5683885812759399,0.8935319781303406
519,0.8982974290847778,0.5253881812095642,1e-04,0.8982974290847778,0.8938953280448914,0.5600219964981079,0.8938953280448914
520,0.8956710696220398,0.5325774550437927,1e-04,0.8956710696220398,0.883357584476471,0.5900203585624695,0.883357584476471
521,0.8914145827293396,0.5342642068862915,1e-04,0.8914145827293396,0.885901153087616,0.5834396481513977,0.885901153087616
522,0.8952182531356812,0.5262014269828796,1e-04,0.8952182531356812,0.890625,0.5782551169395447,0.890625
523,0.8944031596183777,0.5325403213500977,1e-04,0.8944031596183777,0.890625,0.5725864768028259,0.890625
524,0.8967578411102295,0.5285537242889404,1e-04,0.8967578411102295,0.8957121968269348,0.5586596131324768,0.8957121968269348
525,0.8929541707038879,0.5299644470214844,1e-04,0.8929541707038879,0.8898982405662537,0.5681979656219482,0.8898982405662537
526,0.8936786651611328,0.5306825637817383,1e-04,0.8936786651611328,0.8920784592628479,0.573661744594574,0.8920784592628479
527,0.8988407850265503,0.5258911848068237,1e-04,0.8988407850265503,0.8884447813034058,0.5753482580184937,0.8884447813034058
528,0.8910523653030396,0.5294386744499207,1e-04,0.8910523653030396,0.8815407156944275,0.5993661880493164,0.8815407156944275
529,0.8971200585365295,0.5260348320007324,1e-04,0.8971200585365295,0.8869912624359131,0.5851473808288574,0.8869912624359131
530,0.8967578411102295,0.5237468481063843,1e-04,0.8967578411102295,0.8935319781303406,0.5711960196495056,0.8935319781303406
531,0.8933164477348328,0.5307869911193848,1e-04,0.8933164477348328,0.8949854373931885,0.5693100690841675,0.8949854373931885
532,0.8993841409683228,0.5235792994499207,1e-04,0.8993841409683228,0.8924418687820435,0.5674548745155334,0.8924418687820435
533,0.8930447101593018,0.5294317603111267,1e-04,0.8930447101593018,0.8848110437393188,0.5917099118232727,0.8848110437393188
534,0.8950371146202087,0.527759850025177,1e-04,0.8950371146202087,0.8877180218696594,0.5837803483009338,0.8877180218696594
535,0.8963050246238708,0.522824227809906,1e-04,0.8963050246238708,0.879723846912384,0.5992401838302612,0.879723846912384
536,0.8970295190811157,0.5242841839790344,1e-04,0.8970295190811157,0.8935319781303406,0.5665788650512695,0.8935319781303406
537,0.8993841409683228,0.5211690664291382,1e-04,0.8993841409683228,0.8902616500854492,0.576987624168396,0.8902616500854492
538,0.90028977394104,0.5185209512710571,1e-04,0.90028977394104,0.8917151093482971,0.5688504576683044,0.8917151093482971
539,0.8972106575965881,0.5273354649543762,1e-04,0.8972106575965881,0.8844476938247681,0.587716817855835,0.8844476938247681
540,0.8944031596183777,0.5283297300338745,1e-04,0.8944031596183777,0.8862645626068115,0.5760773420333862,0.8862645626068115
541,0.8960333466529846,0.5236002206802368,1e-04,0.8960333466529846,0.8935319781303406,0.5762525200843811,0.8935319781303406
542,0.8992936015129089,0.5170589685440063,1e-04,0.8992936015129089,0.8949854373931885,0.5552910566329956,0.8949854373931885
543,0.8966672420501709,0.525759220123291,1e-04,0.8966672420501709,0.8957121968269348,0.5623612403869629,0.8957121968269348
544,0.8978446125984192,0.5197983384132385,1e-04,0.8978446125984192,0.8877180218696594,0.5777259469032288,0.8877180218696594
545,0.9030972719192505,0.5150337219238281,1e-04,0.9030972719192505,0.8909883499145508,0.5882605910301208,0.8909883499145508
546,0.897301197052002,0.5214517116546631,1e-04,0.897301197052002,0.8946220874786377,0.5563174486160278,0.8946220874786377
547,0.8989313244819641,0.5205935835838318,1e-04,0.8989313244819641,0.9004360437393188,0.5510050654411316,0.9004360437393188
548,0.8980256915092468,0.5251212120056152,1e-04,0.8980256915092468,0.8924418687820435,0.5643786787986755,0.8924418687820435
549,0.8991124629974365,0.5210336446762085,1e-04,0.8991124629974365,0.8928052186965942,0.5716882944107056,0.8928052186965942
550,0.8982974290847778,0.5156794190406799,1e-04,0.8982974290847778,0.8909883499145508,0.5920149683952332,0.8909883499145508
551,0.8983879685401917,0.5178781151771545,1e-04,0.8983879685401917,0.8957121968269348,0.5562258958816528,0.8957121968269348
552,0.8964861631393433,0.5176284313201904,1e-04,0.8964861631393433,0.8982558250427246,0.570426881313324,0.8982558250427246
553,0.895580530166626,0.530615508556366,1e-04,0.895580530166626,0.8789970874786377,0.6024631261825562,0.8789970874786377
554,0.8994747400283813,0.5128543376922607,1e-04,0.8994747400283813,0.8942587375640869,0.5728309750556946,0.8942587375640869
555,0.9017388224601746,0.5141763687133789,1e-04,0.9017388224601746,0.8909883499145508,0.5881178975105286,0.8909883499145508
556,0.9001086950302124,0.5169340968132019,1e-04,0.9001086950302124,0.8924418687820435,0.5740441679954529,0.8924418687820435
557,0.8977540135383606,0.523019552230835,1e-04,0.8977540135383606,0.8931686282157898,0.5645341873168945,0.8931686282157898
558,0.8981162905693054,0.5176602005958557,1e-04,0.8981162905693054,0.8920784592628479,0.5617830157279968,0.8920784592628479
559,0.8954899311065674,0.5216696858406067,1e-04,0.8954899311065674,0.8931686282157898,0.5770593285560608,0.8931686282157898
560,0.9043651223182678,0.5141671895980835,1e-04,0.9043651223182678,0.8975290656089783,0.5628215074539185,0.8975290656089783
561,0.8985691070556641,0.5184069275856018,1e-04,0.8985691070556641,0.8957121968269348,0.5552559494972229,0.8957121968269348
562,0.9011048674583435,0.5076758861541748,1e-04,0.9011048674583435,0.8920784592628479,0.5885446071624756,0.8920784592628479
563,0.8991124629974365,0.5164567232131958,1e-04,0.8991124629974365,0.8655523061752319,0.6444882154464722,0.8655523061752319
564,0.9057235717773438,0.509851336479187,1e-04,0.9057235717773438,0.8964389562606812,0.5640389919281006,0.8964389562606812
565,0.9010143280029297,0.5122092962265015,1e-04,0.9010143280029297,0.8949854373931885,0.5550559759140015,0.8949854373931885
566,0.8992936015129089,0.5179429650306702,1e-04,0.8992936015129089,0.898982584476471,0.5621583461761475,0.898982584476471
567,0.8995652794837952,0.5158608555793762,1e-04,0.8995652794837952,0.8960756063461304,0.5514297485351562,0.8960756063461304
568,0.900561511516571,0.5131708979606628,1e-04,0.900561511516571,0.8975290656089783,0.5653047561645508,0.8975290656089783
569,0.9017388224601746,0.513236939907074,1e-04,0.9017388224601746,0.8986191749572754,0.5511199235916138,0.8986191749572754
570,0.9013765454292297,0.5156251788139343,1e-04,0.9013765454292297,0.8960756063461304,0.5639048218727112,0.8960756063461304
571,0.9037312269210815,0.5078862905502319,1e-04,0.9037312269210815,0.8960756063461304,0.5745397210121155,0.8960756063461304
572,0.8990219235420227,0.519042432308197,1e-04,0.8990219235420227,0.8888081312179565,0.5740824341773987,0.8888081312179565
573,0.9013765454292297,0.5186325311660767,1e-04,0.9013765454292297,0.8946220874786377,0.5534135699272156,0.8946220874786377
574,0.9030066728591919,0.5133800506591797,1e-04,0.9030066728591919,0.8971657156944275,0.5581292510032654,0.8971657156944275
575,0.9038217663764954,0.5119943618774414,1e-04,0.9038217663764954,0.8946220874786377,0.5622730255126953,0.8946220874786377
576,0.9012860059738159,0.5124637484550476,1e-04,0.9012860059738159,0.8862645626068115,0.5984076857566833,0.8862645626068115
577,0.9017388224601746,0.5113400816917419,1e-04,0.9017388224601746,0.9004360437393188,0.5584992170333862,0.9004360437393188
578,0.9010143280029297,0.5093846917152405,1e-04,0.9010143280029297,0.9011628031730652,0.559208869934082,0.9011628031730652
579,0.8964861631393433,0.5193719863891602,1e-04,0.8964861631393433,0.8942587375640869,0.5648612380027771,0.8942587375640869
580,0.9044557213783264,0.5088179707527161,1e-04,0.9044557213783264,0.8975290656089783,0.5636341571807861,0.8975290656089783
581,0.9037312269210815,0.5109196901321411,1e-04,0.9037312269210815,0.8913517594337463,0.5891900062561035,0.8913517594337463
582,0.9003803730010986,0.5135195851325989,1e-04,0.9003803730010986,0.9011628031730652,0.5644187331199646,0.9011628031730652
583,0.9050896763801575,0.5089565515518188,1e-04,0.9050896763801575,0.8862645626068115,0.5787028670310974,0.8862645626068115
584,0.9049085378646851,0.5073514580726624,1e-04,0.9049085378646851,0.8913517594337463,0.5712569952011108,0.8913517594337463
585,0.9034594893455505,0.5068331956863403,1e-04,0.9034594893455505,0.9000726938247681,0.5549113154411316,0.9000726938247681
586,0.8985691070556641,0.5144138336181641,1e-04,0.8985691070556641,0.8928052186965942,0.5613051056861877,0.8928052186965942
587,0.9043651223182678,0.503460168838501,1e-04,0.9043651223182678,0.8924418687820435,0.5678583979606628,0.8924418687820435
588,0.9037312269210815,0.5103917121887207,1e-04,0.9037312269210815,0.8993459343910217,0.5652728080749512,0.8993459343910217
589,0.8982068300247192,0.5186507105827332,1e-04,0.8982068300247192,0.8909883499145508,0.5770455002784729,0.8909883499145508
590,0.9012860059738159,0.5109733939170837,1e-04,0.9012860059738159,0.8971657156944275,0.5518379807472229,0.8971657156944275
591,0.9044557213783264,0.5067576169967651,1e-04,0.9044557213783264,0.8986191749572754,0.5551456212997437,0.8986191749572754
592,0.9054518938064575,0.5008628964424133,1e-04,0.9054518938064575,0.8808139562606812,0.5981083512306213,0.8808139562606812
593,0.9021010398864746,0.508428156375885,1e-04,0.9021010398864746,0.8986191749572754,0.5624684691429138,0.8986191749572754
594,0.9025538563728333,0.5095199942588806,1e-04,0.9025538563728333,0.897892415523529,0.558586061000824,0.897892415523529
595,0.89992755651474,0.5112321972846985,1e-04,0.89992755651474,0.8986191749572754,0.5662136077880859,0.8986191749572754
596,0.9033689498901367,0.5054004192352295,1e-04,0.9033689498901367,0.8960756063461304,0.5577755570411682,0.8960756063461304
597,0.9035500884056091,0.5074690580368042,1e-04,0.9035500884056091,0.9040697813034058,0.5489929914474487,0.9040697813034058
598,0.8998369574546814,0.5107374787330627,1e-04,0.8998369574546814,0.8866279125213623,0.5971465110778809,0.8866279125213623
599,0.9084404706954956,0.4984648525714874,1e-04,0.9084404706954956,0.9037063717842102,0.5538005828857422,0.9037063717842102
600,0.9030972719192505,0.5101345181465149,1e-04,0.9030972719192505,0.8924418687820435,0.571822464466095,0.8924418687820435
601,0.906266987323761,0.5030491948127747,1e-04,0.906266987323761,0.895348846912384,0.579885721206665,0.895348846912384
602,0.9071726202964783,0.4998945891857147,1e-04,0.9071726202964783,0.895348846912384,0.5580806732177734,0.895348846912384
603,0.903640627861023,0.5084717273712158,1e-04,0.903640627861023,0.8902616500854492,0.576666533946991,0.8902616500854492
604,0.9046368598937988,0.5002875924110413,1e-04,0.9046368598937988,0.8913517594337463,0.5723419189453125,0.8913517594337463
605,0.9067198038101196,0.5039575695991516,1e-04,0.9067198038101196,0.8942587375640869,0.5601989030838013,0.8942587375640869
606,0.9074442982673645,0.501339316368103,1e-04,0.9074442982673645,0.9018895626068115,0.5485657453536987,0.9018895626068115
607,0.9045462608337402,0.5017474889755249,1e-04,0.9045462608337402,0.8895348906517029,0.5852363109588623,0.8895348906517029
608,0.9049990773200989,0.5053030848503113,1e-04,0.9049990773200989,0.8964389562606812,0.5476075410842896,0.8964389562606812
609,0.9039123058319092,0.5004246830940247,1e-04,0.9039123058319092,0.901526153087616,0.5551338195800781,0.901526153087616
610,0.9063575267791748,0.5011282563209534,1e-04,0.9063575267791748,0.8975290656089783,0.5649579167366028,0.8975290656089783
611,0.9040029048919678,0.5018085241317749,1e-04,0.9040029048919678,0.8779069781303406,0.6072402596473694,0.8779069781303406
612,0.9088027477264404,0.5006471872329712,1e-04,0.9088027477264404,0.8924418687820435,0.5767228603363037,0.8924418687820435
613,0.906629204750061,0.49864110350608826,1e-04,0.906629204750061,0.9000726938247681,0.5516687631607056,0.9000726938247681
614,0.9080782532691956,0.49815893173217773,1e-04,0.9080782532691956,0.901526153087616,0.554309070110321,0.901526153087616
615,0.9049990773200989,0.5054472088813782,1e-04,0.9049990773200989,0.9007993936538696,0.5612426400184631,0.9007993936538696
616,0.904274582862854,0.5054935216903687,1e-04,0.904274582862854,0.897892415523529,0.561161458492279,0.897892415523529
617,0.9078065752983093,0.5019141435623169,1e-04,0.9078065752983093,0.9000726938247681,0.5541003942489624,0.9000726938247681
618,0.9083499312400818,0.49966153502464294,1e-04,0.9083499312400818,0.9051598906517029,0.5477009415626526,0.9051598906517029
619,0.9069914817810059,0.4975707530975342,1e-04,0.9069914817810059,0.8655523061752319,0.6379810571670532,0.8655523061752319
620,0.9027349948883057,0.49753081798553467,1e-04,0.9027349948883057,0.895348846912384,0.5596445798873901,0.895348846912384
621,0.9053613543510437,0.4998970031738281,1e-04,0.9053613543510437,0.8968023061752319,0.5518363118171692,0.8968023061752319
622,0.9094367027282715,0.4981813430786133,1e-04,0.9094367027282715,0.9004360437393188,0.5671760439872742,0.9004360437393188
623,0.9061763882637024,0.4992486834526062,1e-04,0.9061763882637024,0.9000726938247681,0.5509853959083557,0.9000726938247681
624,0.9088027477264404,0.4965275824069977,1e-04,0.9088027477264404,0.8942587375640869,0.587031364440918,0.8942587375640869
625,0.9049990773200989,0.4995022416114807,1e-04,0.9049990773200989,0.90625,0.5545195937156677,0.90625
626,0.904274582862854,0.4987768232822418,1e-04,0.904274582862854,0.9029796719551086,0.5537160634994507,0.9029796719551086
627,0.9023727774620056,0.5034735798835754,1e-04,0.9023727774620056,0.8971657156944275,0.5497830510139465,0.8971657156944275
628,0.9108856916427612,0.4930608570575714,1e-04,0.9108856916427612,0.9000726938247681,0.5489157438278198,0.9000726938247681
629,0.9065386652946472,0.4974803626537323,1e-04,0.9065386652946472,0.8986191749572754,0.5572324991226196,0.8986191749572754
630,0.9083499312400818,0.4944138526916504,1e-04,0.9083499312400818,0.9011628031730652,0.5557764768600464,0.9011628031730652
631,0.9088932871818542,0.49430057406425476,1e-04,0.9088932871818542,0.8986191749572754,0.5549221038818359,0.8986191749572754
632,0.9126969575881958,0.4947391152381897,1e-04,0.9126969575881958,0.897892415523529,0.554548978805542,0.897892415523529
633,0.9089838862419128,0.4995512068271637,1e-04,0.9089838862419128,0.897892415523529,0.5640831589698792,0.897892415523529
634,0.909980058670044,0.4905688464641571,1e-04,0.909980058670044,0.9033430218696594,0.5588594079017639,0.9033430218696594
635,0.9100706577301025,0.49353641271591187,1e-04,0.9100706577301025,0.8964389562606812,0.5532240271568298,0.8964389562606812
636,0.9095272421836853,0.4934765100479126,1e-04,0.9095272421836853,0.8938953280448914,0.5645724534988403,0.8938953280448914
637,0.9095272421836853,0.4930489659309387,1e-04,0.9095272421836853,0.901526153087616,0.5599353909492493,0.901526153087616
638,0.9060858488082886,0.5011495351791382,1e-04,0.9060858488082886,0.8997092843055725,0.5525352358818054,0.8997092843055725
639,0.9090744256973267,0.4898310899734497,1e-04,0.9090744256973267,0.9007993936538696,0.5532569289207458,0.9007993936538696
640,0.9077159762382507,0.49049413204193115,1e-04,0.9077159762382507,0.8971657156944275,0.5753769278526306,0.8971657156944275
641,0.9113385081291199,0.48527762293815613,1e-04,0.9113385081291199,0.8913517594337463,0.5879840850830078,0.8913517594337463
642,0.9073537588119507,0.5004120469093323,1e-04,0.9073537588119507,0.8986191749572754,0.5527832508087158,0.8986191749572754
643,0.9081687927246094,0.49227404594421387,1e-04,0.9081687927246094,0.9011628031730652,0.5488957166671753,0.9011628031730652
644,0.9043651223182678,0.49626708030700684,1e-04,0.9043651223182678,0.8997092843055725,0.5586217045783997,0.8997092843055725
645,0.907987654209137,0.49549055099487305,1e-04,0.907987654209137,0.8986191749572754,0.5586714744567871,0.8986191749572754
646,0.9111573696136475,0.48544085025787354,1e-04,0.9111573696136475,0.8942587375640869,0.5697941184043884,0.8942587375640869
647,0.9089838862419128,0.5001444816589355,1e-04,0.9089838862419128,0.9011628031730652,0.5504105091094971,0.9011628031730652
648,0.9077159762382507,0.49739623069763184,1e-04,0.9077159762382507,0.897892415523529,0.5661823153495789,0.897892415523529
649,0.9083499312400818,0.4938803017139435,1e-04,0.9083499312400818,0.8913517594337463,0.5768890380859375,0.8913517594337463
650,0.912606418132782,0.48739391565322876,1e-04,0.912606418132782,0.9000726938247681,0.5469916462898254,0.9000726938247681
651,0.912606418132782,0.48816367983818054,1e-04,0.912606418132782,0.897892415523529,0.5609292984008789,0.897892415523529
652,0.9146893620491028,0.4898427128791809,1e-04,0.9146893620491028,0.9007993936538696,0.554573118686676,0.9007993936538696
653,0.9125158190727234,0.48375043272972107,1e-04,0.9125158190727234,0.9037063717842102,0.5494958758354187,0.9037063717842102
654,0.9133309125900269,0.48846331238746643,1e-04,0.9133309125900269,0.9004360437393188,0.5529710650444031,0.9004360437393188
655,0.9133309125900269,0.48376479744911194,1e-04,0.9133309125900269,0.897892415523529,0.5587943196296692,0.897892415523529
656,0.9116101861000061,0.48709216713905334,1e-04,0.9116101861000061,0.8902616500854492,0.5869680643081665,0.8902616500854492
657,0.9084404706954956,0.49258673191070557,1e-04,0.9084404706954956,0.897892415523529,0.5473723411560059,0.897892415523529
658,0.9116101861000061,0.48830291628837585,1e-04,0.9116101861000061,0.901526153087616,0.554832398891449,0.901526153087616
659,0.9126969575881958,0.49235641956329346,1e-04,0.9126969575881958,0.9051598906517029,0.5582141876220703,0.9051598906517029
660,0.9117913246154785,0.4869261085987091,1e-04,0.9117913246154785,0.9007993936538696,0.5661376118659973,0.9007993936538696
661,0.9118819236755371,0.4846213161945343,1e-04,0.9118819236755371,0.9044331312179565,0.5444720983505249,0.9044331312179565
662,0.9110668301582336,0.4928978681564331,1e-04,0.9110668301582336,0.8888081312179565,0.5610860586166382,0.8888081312179565
663,0.9100706577301025,0.48950377106666565,1e-04,0.9100706577301025,0.8913517594337463,0.5738901495933533,0.8913517594337463
664,0.9107951521873474,0.48848336935043335,1e-04,0.9107951521873474,0.9022529125213623,0.5449445247650146,0.9022529125213623
665,0.9116101861000061,0.48520854115486145,1e-04,0.9116101861000061,0.8997092843055725,0.5630676746368408,0.8997092843055725
666,0.9107045531272888,0.49039262533187866,1e-04,0.9107045531272888,0.8884447813034058,0.5711343884468079,0.8884447813034058
667,0.9154138565063477,0.48002710938453674,1e-04,0.9154138565063477,0.9007993936538696,0.5633211731910706,0.9007993936538696
668,0.9139648675918579,0.48095703125,1e-04,0.9139648675918579,0.9073401093482971,0.5431178212165833,0.9073401093482971
669,0.9117007851600647,0.48689109086990356,1e-04,0.9117007851600647,0.8938953280448914,0.5708774328231812,0.8938953280448914
670,0.912968635559082,0.48165151476860046,1e-04,0.912968635559082,0.9044331312179565,0.5591650605201721,0.9044331312179565
671,0.9103423357009888,0.48103800415992737,1e-04,0.9103423357009888,0.8931686282157898,0.5614786744117737,0.8931686282157898
672,0.9153233170509338,0.47618767619132996,1e-04,0.9153233170509338,0.9044331312179565,0.5548120737075806,0.9044331312179565
673,0.9135120511054993,0.4786163568496704,1e-04,0.9135120511054993,0.901526153087616,0.5520368218421936,0.901526153087616
674,0.9126969575881958,0.48713940382003784,1e-04,0.9126969575881958,0.8935319781303406,0.5849523544311523,0.8935319781303406
675,0.9160478115081787,0.47776809334754944,1e-04,0.9160478115081787,0.8993459343910217,0.557136058807373,0.8993459343910217
676,0.9119724631309509,0.4850873351097107,1e-04,0.9119724631309509,0.901526153087616,0.5524944067001343,0.901526153087616
677,0.9102517366409302,0.4902799725532532,1e-04,0.9102517366409302,0.8713662624359131,0.6614788770675659,0.8713662624359131
678,0.9136931896209717,0.4806903898715973,1e-04,0.9136931896209717,0.898982584476471,0.5562393069267273,0.898982584476471
679,0.9157761335372925,0.48073071241378784,1e-04,0.9157761335372925,0.9069767594337463,0.5386590957641602,0.9069767594337463
680,0.9133309125900269,0.4802200198173523,1e-04,0.9133309125900269,0.8884447813034058,0.5995621085166931,0.8884447813034058
681,0.9121536016464233,0.481945276260376,1e-04,0.9121536016464233,0.8986191749572754,0.5485623478889465,0.8986191749572754
682,0.9161383509635925,0.47708234190940857,1e-04,0.9161383509635925,0.9011628031730652,0.5568392276763916,0.9011628031730652
683,0.9185835719108582,0.47453880310058594,1e-04,0.9185835719108582,0.895348846912384,0.5738615393638611,0.895348846912384
684,0.9157761335372925,0.4758895933628082,1e-04,0.9157761335372925,0.9018895626068115,0.556354284286499,0.9018895626068115
685,0.9147799015045166,0.4823302924633026,1e-04,0.9147799015045166,0.8924418687820435,0.5700086951255798,0.8924418687820435
686,0.9111573696136475,0.48421743512153625,1e-04,0.9111573696136475,0.8997092843055725,0.5640966892242432,0.8997092843055725
687,0.9137837290763855,0.4825041592121124,1e-04,0.9137837290763855,0.8815407156944275,0.6113786697387695,0.8815407156944275
688,0.9101611971855164,0.48882538080215454,1e-04,0.9101611971855164,0.9047965407371521,0.5401667952537537,0.9047965407371521
689,0.9136025905609131,0.4852025508880615,1e-04,0.9136025905609131,0.9029796719551086,0.5490400791168213,0.9029796719551086
690,0.9160478115081787,0.4771217405796051,1e-04,0.9160478115081787,0.898982584476471,0.5560861825942993,0.898982584476471
691,0.9174968600273132,0.4760124087333679,1e-04,0.9174968600273132,0.9026162624359131,0.5463372468948364,0.9026162624359131
692,0.9150516390800476,0.479653537273407,1e-04,0.9150516390800476,0.9077034592628479,0.542913019657135,0.9077034592628479
693,0.9196703433990479,0.4744143486022949,1e-04,0.9196703433990479,0.8982558250427246,0.558400571346283,0.8982558250427246
694,0.9147399067878723,0.4788050055503845,1e-04,0.9147399067878723,0.9022529125213623,0.5502408146858215,0.9022529125213623
695,0.9154138565063477,0.47660812735557556,1e-04,0.9154138565063477,0.9022529125213623,0.5484176278114319,0.9022529125213623
696,0.9198514819145203,0.47045111656188965,1e-04,0.9198514819145203,0.9000726938247681,0.554380476474762,0.9000726938247681
697,0.9133309125900269,0.4772651493549347,1e-04,0.9133309125900269,0.8866279125213623,0.5958481431007385,0.8866279125213623
698,0.9155949950218201,0.4791666269302368,1e-04,0.9155949950218201,0.9022529125213623,0.5460720062255859,0.9022529125213623
699,0.9117913246154785,0.47729283571243286,1e-04,0.9117913246154785,0.9026162624359131,0.5388041138648987,0.9026162624359131
700,0.9136931896209717,0.48100316524505615,1e-04,0.9136931896209717,0.8942587375640869,0.5691999793052673,0.8942587375640869
701,0.9188553094863892,0.4731101393699646,1e-04,0.9188553094863892,0.9069767594337463,0.5351126194000244,0.9069767594337463
702,0.9154138565063477,0.47519543766975403,1e-04,0.9154138565063477,0.9102470874786377,0.5458402633666992,0.9102470874786377
703,0.9147799015045166,0.47817277908325195,1e-04,0.9147799015045166,0.898982584476471,0.5602258443832397,0.898982584476471
704,0.9161383509635925,0.47916531562805176,1e-04,0.9161383509635925,0.9066133499145508,0.5407680869102478,0.9066133499145508
705,0.9171345829963684,0.4734983444213867,1e-04,0.9171345829963684,0.9102470874786377,0.5445425510406494,0.9102470874786377
706,0.9151421785354614,0.4749685823917389,1e-04,0.9151421785354614,0.9029796719551086,0.5396268367767334,0.9029796719551086
707,0.9196703433990479,0.4712401330471039,1e-04,0.9196703433990479,0.9018895626068115,0.5509781837463379,0.9018895626068115
708,0.9248324632644653,0.46454113721847534,1e-04,0.9248324632644653,0.9033430218696594,0.5476531386375427,0.9033430218696594
709,0.9161383509635925,0.47230687737464905,1e-04,0.9161383509635925,0.9011628031730652,0.5439051985740662,0.9011628031730652
710,0.9192175269126892,0.4703405201435089,1e-04,0.9192175269126892,0.9026162624359131,0.5501120090484619,0.9026162624359131
711,0.9162289500236511,0.4744965136051178,1e-04,0.9162289500236511,0.9018895626068115,0.5638391971588135,0.9018895626068115
712,0.9182213544845581,0.4716295897960663,1e-04,0.9182213544845581,0.9058866500854492,0.5532673001289368,0.9058866500854492
713,0.9131497740745544,0.4783426821231842,1e-04,0.9131497740745544,0.9040697813034058,0.5423760414123535,0.9040697813034058
714,0.9163194894790649,0.4725649654865265,1e-04,0.9163194894790649,0.897892415523529,0.5679462552070618,0.897892415523529
715,0.9179496765136719,0.47128885984420776,1e-04,0.9179496765136719,0.9022529125213623,0.5503200888633728,0.9022529125213623
716,0.9162289500236511,0.4773053228855133,1e-04,0.9162289500236511,0.90625,0.5527053475379944,0.90625
717,0.9196703433990479,0.4739789366722107,1e-04,0.9196703433990479,0.8964389562606812,0.5797216296195984,0.8964389562606812
718,0.9167723059654236,0.4724360406398773,1e-04,0.9167723059654236,0.9029796719551086,0.5557001233100891,0.9029796719551086
719,0.9206665754318237,0.4628921151161194,1e-04,0.9206665754318237,0.9044331312179565,0.5498458743095398,0.9044331312179565
720,0.9174062609672546,0.4708278179168701,1e-04,0.9174062609672546,0.9117006063461304,0.5486997961997986,0.9117006063461304
721,0.9212099313735962,0.46663758158683777,1e-04,0.9212099313735962,0.90625,0.5460795760154724,0.90625
722,0.9223872423171997,0.47049182653427124,1e-04,0.9223872423171997,0.9037063717842102,0.5362189412117004,0.9037063717842102
723,0.9208476543426514,0.46716001629829407,1e-04,0.9208476543426514,0.9051598906517029,0.5434528589248657,0.9051598906517029
724,0.9185835719108582,0.4664752185344696,1e-04,0.9185835719108582,0.9026162624359131,0.5578168034553528,0.9026162624359131
725,0.9227495193481445,0.4612591564655304,1e-04,0.9227495193481445,0.9051598906517029,0.556968629360199,0.9051598906517029
726,0.9217532873153687,0.46332642436027527,1e-04,0.9217532873153687,0.9040697813034058,0.5494517683982849,0.9040697813034058
727,0.9200326204299927,0.4691500663757324,1e-04,0.9200326204299927,0.9029796719551086,0.5613081455230713,0.9029796719551086
728,0.9214816093444824,0.4640667140483856,1e-04,0.9214816093444824,0.9033430218696594,0.5550920367240906,0.9033430218696594
729,0.9219344258308411,0.46503394842147827,1e-04,0.9219344258308411,0.9037063717842102,0.5503603219985962,0.9037063717842102
730,0.9145082235336304,0.474374383687973,1e-04,0.9145082235336304,0.90625,0.5489588379859924,0.90625
731,0.9249230027198792,0.45824912190437317,1e-04,0.9249230027198792,0.9091569781303406,0.5439965128898621,0.9091569781303406
732,0.9173157215118408,0.4710158407688141,1e-04,0.9173157215118408,0.9040697813034058,0.5378628373146057,0.9040697813034058
733,0.9182213544845581,0.4716370105743408,1e-04,0.9182213544845581,0.9051598906517029,0.5403843522071838,0.9051598906517029
734,0.92130047082901,0.46623292565345764,1e-04,0.92130047082901,0.8971657156944275,0.5577065944671631,0.8971657156944275
735,0.923292875289917,0.4658891558647156,1e-04,0.923292875289917,0.9047965407371521,0.5481804013252258,0.9047965407371521
736,0.9188553094863892,0.4632721543312073,1e-04,0.9188553094863892,0.9044331312179565,0.5489076972007751,0.9044331312179565
737,0.9222967028617859,0.4647105932235718,1e-04,0.9222967028617859,0.9051598906517029,0.5434612035751343,0.9051598906517029
738,0.923292875289917,0.45927104353904724,1e-04,0.923292875289917,0.9011628031730652,0.5822091102600098,0.9011628031730652
739,0.9255569577217102,0.45443180203437805,1e-04,0.9255569577217102,0.8898982405662537,0.5929872393608093,0.8898982405662537
740,0.9193986654281616,0.4641285240650177,1e-04,0.9193986654281616,0.9004360437393188,0.5575538873672485,0.9004360437393188
741,0.9205759763717651,0.46276000142097473,1e-04,0.9205759763717651,0.9095203280448914,0.541318953037262,0.9095203280448914
742,0.9228400588035583,0.46310490369796753,1e-04,0.9228400588035583,0.9029796719551086,0.5656549334526062,0.9029796719551086
743,0.9229306578636169,0.46509841084480286,1e-04,0.9229306578636169,0.9055232405662537,0.539846658706665,0.9055232405662537
744,0.9172251224517822,0.47159990668296814,1e-04,0.9172251224517822,0.9073401093482971,0.5505347847938538,0.9073401093482971
745,0.9180402159690857,0.46617448329925537,1e-04,0.9180402159690857,0.9073401093482971,0.5432929396629333,0.9073401093482971
746,0.9207571148872375,0.4658549427986145,1e-04,0.9207571148872375,0.8800871968269348,0.61097252368927,0.8800871968269348
747,0.9231117367744446,0.45415666699409485,1e-04,0.9231117367744446,0.898982584476471,0.5785974860191345,0.898982584476471
748,0.9186741709709167,0.4652785360813141,1e-04,0.9186741709709167,0.910973846912384,0.5385671854019165,0.910973846912384
749,0.9228400588035583,0.45782291889190674,1e-04,0.9228400588035583,0.9102470874786377,0.5550611615180969,0.9102470874786377
750,0.9247419238090515,0.4602593779563904,1e-04,0.9247419238090515,0.9113371968269348,0.5345668196678162,0.9113371968269348
751,0.9218438863754272,0.4654240012168884,1e-04,0.9218438863754272,0.9022529125213623,0.5545492172241211,0.9022529125213623
752,0.9257380962371826,0.45405158400535583,1e-04,0.9257380962371826,0.9095203280448914,0.5443425178527832,0.9095203280448914
753,0.9205759763717651,0.46559831500053406,1e-04,0.9205759763717651,0.9047965407371521,0.550700843334198,0.9047965407371521
754,0.9186741709709167,0.46702292561531067,1e-04,0.9186741709709167,0.9029796719551086,0.5571501851081848,0.9029796719551086
755,0.9235645532608032,0.4627455472946167,1e-04,0.9235645532608032,0.9077034592628479,0.544526219367981,0.9077034592628479
756,0.9196703433990479,0.46597185730934143,1e-04,0.9196703433990479,0.9095203280448914,0.5257471203804016,0.9095203280448914
757,0.9218438863754272,0.4609586298465729,1e-04,0.9218438863754272,0.9058866500854492,0.5448794960975647,0.9058866500854492
758,0.9216627478599548,0.4624406397342682,1e-04,0.9216627478599548,0.9084302186965942,0.5496826171875,0.9084302186965942
759,0.9241079688072205,0.45854273438453674,1e-04,0.9241079688072205,0.9080668687820435,0.5498470067977905,0.9080668687820435
760,0.9234740138053894,0.4537985622882843,1e-04,0.9234740138053894,0.890625,0.5904276371002197,0.890625
761,0.9231117367744446,0.46180325746536255,1e-04,0.9231117367744446,0.9080668687820435,0.5463232398033142,0.9080668687820435
762,0.9262814521789551,0.4559501111507416,1e-04,0.9262814521789551,0.910973846912384,0.5403133034706116,0.910973846912384
763,0.9224778413772583,0.46188151836395264,1e-04,0.9224778413772583,0.9077034592628479,0.5428071618080139,0.9077034592628479
764,0.9270060062408447,0.45280736684799194,1e-04,0.9270060062408447,0.9029796719551086,0.5515551567077637,0.9029796719551086
765,0.9153233170509338,0.47309404611587524,1e-04,0.9153233170509338,0.9091569781303406,0.5394707322120667,0.9091569781303406
766,0.9211193919181824,0.4628678560256958,1e-04,0.9211193919181824,0.9069767594337463,0.5470396280288696,0.9069767594337463
767,0.9300851225852966,0.44566237926483154,1e-04,0.9300851225852966,0.9080668687820435,0.5551027655601501,0.9080668687820435
768,0.9222061038017273,0.4602396488189697,1e-04,0.9222061038017273,0.9098837375640869,0.5454623103141785,0.9098837375640869
769,0.9249230027198792,0.46096473932266235,1e-04,0.9249230027198792,0.9022529125213623,0.5816280841827393,0.9022529125213623
770,0.9261909127235413,0.4537040591239929,1e-04,0.9261909127235413,0.9044331312179565,0.5619840025901794,0.9044331312179565
771,0.9271870851516724,0.44815853238105774,1e-04,0.9271870851516724,0.9087936282157898,0.5484460592269897,0.9087936282157898
772,0.9208476543426514,0.46020251512527466,1e-04,0.9208476543426514,0.9069767594337463,0.5490952730178833,0.9069767594337463
773,0.9247419238090515,0.4551141560077667,1e-04,0.9247419238090515,0.9084302186965942,0.5653499364852905,0.9084302186965942
774,0.9246513247489929,0.4560985863208771,1e-04,0.9246513247489929,0.9098837375640869,0.5491743087768555,0.9098837375640869
775,0.9274588227272034,0.4546826481819153,1e-04,0.9274588227272034,0.90625,0.5460942983627319,0.90625
776,0.9229306578636169,0.46006008982658386,1e-04,0.9229306578636169,0.9073401093482971,0.563563346862793,0.9073401093482971
777,0.9203042984008789,0.46128910779953003,1e-04,0.9203042984008789,0.8928052186965942,0.5808120965957642,0.8928052186965942
778,0.9254664182662964,0.45212697982788086,1e-04,0.9254664182662964,0.9044331312179565,0.5469976663589478,0.9044331312179565
779,0.9253758192062378,0.45231112837791443,1e-04,0.9253758192062378,0.9073401093482971,0.5549772381782532,0.9073401093482971
780,0.9283644556999207,0.45111921429634094,1e-04,0.9283644556999207,0.9080668687820435,0.5529084801673889,0.9080668687820435
781,0.923292875289917,0.460016131401062,1e-04,0.923292875289917,0.9037063717842102,0.5605142116546631,0.9037063717842102
782,0.9242891073226929,0.45692047476768494,1e-04,0.9242891073226929,0.9018895626068115,0.5467877984046936,0.9018895626068115
783,0.9251041412353516,0.45005959272384644,1e-04,0.9251041412353516,0.897892415523529,0.5756005644798279,0.897892415523529
784,0.9232023358345032,0.458310604095459,1e-04,0.9232023358345032,0.9051598906517029,0.5538544654846191,0.9051598906517029
785,0.9260097742080688,0.45425093173980713,1e-04,0.9260097742080688,0.9069767594337463,0.5625143051147461,0.9069767594337463
786,0.925919234752655,0.4510273039340973,1e-04,0.925919234752655,0.9047965407371521,0.5519900918006897,0.9047965407371521
787,0.9240173697471619,0.45233580470085144,1e-04,0.9240173697471619,0.8986191749572754,0.5690169930458069,0.8986191749572754
788,0.9256475567817688,0.4520692527294159,1e-04,0.9256475567817688,0.913517415523529,0.5358348488807678,0.913517415523529
789,0.9265531897544861,0.4456632435321808,1e-04,0.9265531897544861,0.9000726938247681,0.5740049481391907,0.9000726938247681
790,0.9254664182662964,0.45689842104911804,1e-04,0.9254664182662964,0.9058866500854492,0.5481081008911133,0.9058866500854492
791,0.9245607852935791,0.45068442821502686,1e-04,0.9245607852935791,0.9077034592628479,0.5451314449310303,0.9077034592628479
792,0.9214816093444824,0.45712149143218994,1e-04,0.9214816093444824,0.9037063717842102,0.5487515330314636,0.9037063717842102
793,0.9315341711044312,0.4447045624256134,1e-04,0.9315341711044312,0.910973846912384,0.5407944321632385,0.910973846912384
794,0.9222967028617859,0.45498308539390564,1e-04,0.9222967028617859,0.9047965407371521,0.5439914464950562,0.9047965407371521
795,0.9268248677253723,0.4459085166454315,1e-04,0.9268248677253723,0.8964389562606812,0.5819891691207886,0.8964389562606812
796,0.9251041412353516,0.45083358883857727,1e-04,0.9251041412353516,0.9091569781303406,0.5407420992851257,0.9091569781303406
797,0.9294511675834656,0.4500284790992737,1e-04,0.9294511675834656,0.9077034592628479,0.5517259836196899,0.9077034592628479
798,0.9274588227272034,0.4494558274745941,1e-04,0.9274588227272034,0.9026162624359131,0.5612411499023438,0.9026162624359131
799,0.9285455346107483,0.44931018352508545,1e-04,0.9285455346107483,0.8917151093482971,0.5904181003570557,0.8917151093482971
800,0.9258286356925964,0.4491070806980133,1e-04,0.9258286356925964,0.9018895626068115,0.5698438882827759,0.9018895626068115
801,0.9288172721862793,0.44905662536621094,1e-04,0.9288172721862793,0.9055232405662537,0.5530584454536438,0.9055232405662537
802,0.9270965456962585,0.45061245560646057,1e-04,0.9270965456962585,0.9069767594337463,0.5431424975395203,0.9069767594337463
803,0.925919234752655,0.4514212906360626,1e-04,0.925919234752655,0.9084302186965942,0.5379315614700317,0.9084302186965942
804,0.9247419238090515,0.44906526803970337,1e-04,0.9247419238090515,0.9091569781303406,0.535317599773407,0.9091569781303406
805,0.9270060062408447,0.4474826455116272,1e-04,0.9270060062408447,0.9120639562606812,0.5493078827857971,0.9120639562606812
806,0.9262814521789551,0.45235151052474976,1e-04,0.9262814521789551,0.9033430218696594,0.5767338275909424,0.9033430218696594
807,0.923926830291748,0.44937923550605774,1e-04,0.923926830291748,0.9047965407371521,0.5569972991943359,0.9047965407371521
808,0.9299039840698242,0.4433750808238983,1e-04,0.9299039840698242,0.9004360437393188,0.5710358023643494,0.9004360437393188
809,0.9285455346107483,0.4444052278995514,1e-04,0.9285455346107483,0.913517415523529,0.543529748916626,0.913517415523529
810,0.9308096170425415,0.4453025162220001,1e-04,0.9308096170425415,0.9055232405662537,0.5453675985336304,0.9055232405662537
811,0.9267342686653137,0.4515952467918396,1e-04,0.9267342686653137,0.9084302186965942,0.5472568273544312,0.9084302186965942
812,0.9257380962371826,0.45090988278388977,1e-04,0.9257380962371826,0.9037063717842102,0.5466928482055664,0.9037063717842102
813,0.9238362908363342,0.45137596130371094,1e-04,0.9238362908363342,0.9055232405662537,0.5422810316085815,0.9055232405662537
814,0.927911639213562,0.4463621973991394,1e-04,0.927911639213562,0.9080668687820435,0.5429977178573608,0.9080668687820435
815,0.9280927181243896,0.44771677255630493,1e-04,0.9280927181243896,0.9106104373931885,0.5450841784477234,0.9106104373931885
816,0.9245607852935791,0.4532270133495331,1e-04,0.9245607852935791,0.9077034592628479,0.5546104907989502,0.9077034592628479
817,0.9292700886726379,0.4450695514678955,1e-04,0.9292700886726379,0.8971657156944275,0.5781374573707581,0.8971657156944275
818,0.9281833171844482,0.4476301670074463,1e-04,0.9281833171844482,0.9077034592628479,0.5699572563171387,0.9077034592628479
819,0.9311718940734863,0.4395102262496948,1e-04,0.9311718940734863,0.9131540656089783,0.5489793419837952,0.9131540656089783
820,0.934251070022583,0.4399718642234802,1e-04,0.934251070022583,0.9102470874786377,0.5469688177108765,0.9102470874786377
821,0.9285455346107483,0.444656103849411,1e-04,0.9285455346107483,0.9055232405662537,0.5474801063537598,0.9055232405662537
822,0.9281833171844482,0.4417555034160614,1e-04,0.9281833171844482,0.9055232405662537,0.5488107204437256,0.9055232405662537
823,0.9290889501571655,0.4400067627429962,1e-04,0.9290889501571655,0.9066133499145508,0.5501402616500854,0.9066133499145508
824,0.930266261100769,0.4459385573863983,1e-04,0.930266261100769,0.9066133499145508,0.542992353439331,0.9066133499145508
825,0.9275493621826172,0.4450978934764862,1e-04,0.9275493621826172,0.9117006063461304,0.5258792638778687,0.9117006063461304
826,0.9292700886726379,0.44051700830459595,1e-04,0.9292700886726379,0.9029796719551086,0.562432587146759,0.9029796719551086
827,0.9291794896125793,0.441943883895874,1e-04,0.9291794896125793,0.9117006063461304,0.5345425009727478,0.9117006063461304
828,0.9323492050170898,0.4378630816936493,1e-04,0.9323492050170898,0.9084302186965942,0.5431134700775146,0.9084302186965942
829,0.9289983510971069,0.4431038796901703,1e-04,0.9289983510971069,0.9051598906517029,0.553862452507019,0.9051598906517029
830,0.9293606281280518,0.43752697110176086,1e-04,0.9293606281280518,0.9113371968269348,0.5417183041572571,0.9113371968269348
831,0.9297229051589966,0.44218090176582336,1e-04,0.9297229051589966,0.9029796719551086,0.5520837903022766,0.9029796719551086
832,0.929632306098938,0.44200047850608826,1e-04,0.929632306098938,0.9106104373931885,0.5319016575813293,0.9106104373931885
833,0.9293606281280518,0.43980714678764343,1e-04,0.9293606281280518,0.9084302186965942,0.5367140769958496,0.9084302186965942
834,0.929632306098938,0.43845662474632263,1e-04,0.929632306098938,0.9095203280448914,0.5453289151191711,0.9095203280448914
835,0.9311718940734863,0.43984490633010864,1e-04,0.9311718940734863,0.9091569781303406,0.5550143718719482,0.9091569781303406
836,0.9292700886726379,0.4429338872432709,1e-04,0.9292700886726379,0.9087936282157898,0.5380983352661133,0.9087936282157898
837,0.9299945831298828,0.44003069400787354,1e-04,0.9299945831298828,0.9106104373931885,0.5297174453735352,0.9106104373931885
838,0.9288172721862793,0.4419233500957489,1e-04,0.9288172721862793,0.9102470874786377,0.5427647829055786,0.9102470874786377
839,0.927277684211731,0.4412287175655365,1e-04,0.927277684211731,0.9120639562606812,0.5419754385948181,0.9120639562606812
840,0.9314435720443726,0.4442744255065918,1e-04,0.9314435720443726,0.9026162624359131,0.5531554818153381,0.9026162624359131
841,0.9270965456962585,0.44164296984672546,1e-04,0.9270965456962585,0.9069767594337463,0.5467774271965027,0.9069767594337463
842,0.9299039840698242,0.44196635484695435,1e-04,0.9299039840698242,0.898982584476471,0.5698558688163757,0.898982584476471
843,0.9327114820480347,0.4397815465927124,1e-04,0.9327114820480347,0.9029796719551086,0.5581709146499634,0.9029796719551086
844,0.9309002161026001,0.4319937825202942,1e-04,0.9309002161026001,0.9044331312179565,0.562872588634491,0.9044331312179565
845,0.9295417666435242,0.4443833529949188,1e-04,0.9295417666435242,0.9055232405662537,0.5598543882369995,0.9055232405662537
846,0.9335265159606934,0.43923962116241455,1e-04,0.9335265159606934,0.9037063717842102,0.5575651526451111,0.9037063717842102
847,0.9304473996162415,0.43753546476364136,1e-04,0.9304473996162415,0.9120639562606812,0.54404217004776,0.9120639562606812
848,0.9330736994743347,0.43350380659103394,1e-04,0.9330736994743347,0.9095203280448914,0.5567103624343872,0.9095203280448914
849,0.9312624335289001,0.4401704668998718,1e-04,0.9312624335289001,0.9004360437393188,0.5616614818572998,0.9004360437393188
850,0.9304473996162415,0.4404745399951935,1e-04,0.9304473996162415,0.9120639562606812,0.5384250283241272,0.9120639562606812
851,0.9305379390716553,0.4339016079902649,1e-04,0.9305379390716553,0.9095203280448914,0.5513094067573547,0.9095203280448914
852,0.9306285381317139,0.43673011660575867,1e-04,0.9306285381317139,0.9051598906517029,0.5457119345664978,0.9051598906517029
853,0.9307190775871277,0.43779900670051575,1e-04,0.9307190775871277,0.9044331312179565,0.5623345971107483,0.9044331312179565
854,0.9298134446144104,0.43754294514656067,1e-04,0.9298134446144104,0.90625,0.5500509738922119,0.90625
855,0.9331642985343933,0.43374648690223694,1e-04,0.9331642985343933,0.9098837375640869,0.5515458583831787,0.9098837375640869
856,0.9269154071807861,0.44313791394233704,1e-04,0.9269154071807861,0.8960756063461304,0.5729364156723022,0.8960756063461304
857,0.9309002161026001,0.4374144673347473,1e-04,0.9309002161026001,0.9044331312179565,0.575600266456604,0.9044331312179565
858,0.933979332447052,0.4336894452571869,1e-04,0.933979332447052,0.8997092843055725,0.5725935697555542,0.8997092843055725
859,0.9362434148788452,0.42927002906799316,1e-04,0.9362434148788452,0.9069767594337463,0.5595800876617432,0.9069767594337463
860,0.9254664182662964,0.44793006777763367,1e-04,0.9254664182662964,0.9084302186965942,0.5541430115699768,0.9084302186965942
861,0.9321680665016174,0.43628475069999695,1e-04,0.9321680665016174,0.9066133499145508,0.5464155673980713,0.9066133499145508
862,0.9321680665016174,0.43184253573417664,1e-04,0.9321680665016174,0.9044331312179565,0.5535331964492798,0.9044331312179565
863,0.9328926205635071,0.4332318603992462,1e-04,0.9328926205635071,0.9080668687820435,0.55247962474823,0.9080668687820435
864,0.9282738566398621,0.43975019454956055,1e-04,0.9282738566398621,0.9026162624359131,0.5639059543609619,0.9026162624359131
865,0.9315341711044312,0.43679043650627136,1e-04,0.9315341711044312,0.9069767594337463,0.5471303462982178,0.9069767594337463
866,0.9306285381317139,0.44141292572021484,1e-04,0.9306285381317139,0.9091569781303406,0.5371463298797607,0.9091569781303406
867,0.9313530325889587,0.4331216514110565,1e-04,0.9313530325889587,0.9098837375640869,0.541784405708313,0.9098837375640869
868,0.9312624335289001,0.43774697184562683,1e-04,0.9312624335289001,0.9095203280448914,0.5648455619812012,0.9095203280448914
869,0.9329831600189209,0.4329833388328552,1e-04,0.9329831600189209,0.9091569781303406,0.5417992472648621,0.9091569781303406
870,0.9326208829879761,0.4350954294204712,1e-04,0.9326208829879761,0.9087936282157898,0.5561509728431702,0.9087936282157898
871,0.9348849654197693,0.4253952205181122,1e-04,0.9348849654197693,0.9073401093482971,0.551946222782135,0.9073401093482971
872,0.9318963885307312,0.4295114576816559,1e-04,0.9318963885307312,0.9055232405662537,0.5796024203300476,0.9055232405662537
873,0.9317152500152588,0.4314935505390167,1e-04,0.9317152500152588,0.9106104373931885,0.5624869465827942,0.9106104373931885
874,0.9369679689407349,0.427924245595932,1e-04,0.9369679689407349,0.9102470874786377,0.5546762943267822,0.9102470874786377
875,0.9309907555580139,0.4353085160255432,1e-04,0.9309907555580139,0.9098837375640869,0.5465496182441711,0.9098837375640869
876,0.9340699315071106,0.42575767636299133,1e-04,0.9340699315071106,0.90625,0.5585217475891113,0.90625
877,0.9356095194816589,0.42930012941360474,1e-04,0.9356095194816589,0.9077034592628479,0.5556489825248718,0.9077034592628479
878,0.933617115020752,0.4304908215999603,1e-04,0.933617115020752,0.901526153087616,0.6008148789405823,0.901526153087616
879,0.9311718940734863,0.4388922452926636,1e-04,0.9311718940734863,0.9026162624359131,0.5625739693641663,0.9026162624359131
880,0.9356095194816589,0.42565152049064636,1e-04,0.9356095194816589,0.9080668687820435,0.565794050693512,0.9080668687820435
881,0.9319869875907898,0.43086549639701843,1e-04,0.9319869875907898,0.898982584476471,0.5770189762115479,0.898982584476471
882,0.9395942687988281,0.4229521155357361,1e-04,0.9395942687988281,0.9084302186965942,0.5593472719192505,0.9084302186965942
883,0.9350661039352417,0.4265028238296509,1e-04,0.9350661039352417,0.910973846912384,0.5679116249084473,0.910973846912384
884,0.9349755644798279,0.4265643358230591,1e-04,0.9349755644798279,0.8938953280448914,0.6068702936172485,0.8938953280448914
885,0.9365151524543762,0.42733749747276306,1e-04,0.9365151524543762,0.9102470874786377,0.5419114232063293,0.9102470874786377
886,0.9315341711044312,0.43560361862182617,1e-04,0.9315341711044312,0.901526153087616,0.568442702293396,0.901526153087616
887,0.9364245533943176,0.4266403317451477,1e-04,0.9364245533943176,0.9055232405662537,0.5588454008102417,0.9055232405662537
888,0.9337982535362244,0.4277356266975403,1e-04,0.9337982535362244,0.9066133499145508,0.5633972883224487,0.9066133499145508
889,0.9351567029953003,0.4275526702404022,1e-04,0.9351567029953003,0.9084302186965942,0.5477462410926819,0.9084302186965942
890,0.9319869875907898,0.434062123298645,1e-04,0.9319869875907898,0.9033430218696594,0.5577985644340515,0.9033430218696594
891,0.9346132874488831,0.42525359988212585,1e-04,0.9346132874488831,0.9077034592628479,0.5428159832954407,0.9077034592628479
892,0.9364245533943176,0.4258445203304291,1e-04,0.9364245533943176,0.9004360437393188,0.582062304019928,0.9004360437393188
893,0.9328020215034485,0.4303932189941406,1e-04,0.9328020215034485,0.9073401093482971,0.5765137076377869,0.9073401093482971
894,0.931624710559845,0.43741726875305176,1e-04,0.931624710559845,0.9069767594337463,0.5706530809402466,0.9069767594337463
895,0.9370585083961487,0.4247869849205017,1e-04,0.9370585083961487,0.9055232405662537,0.5565811395645142,0.9055232405662537
896,0.9355189204216003,0.4257928431034088,1e-04,0.9355189204216003,0.9102470874786377,0.5440288782119751,0.9102470874786377
897,0.9308096170425415,0.43427953124046326,1e-04,0.9308096170425415,0.9106104373931885,0.5398139357566833,0.9106104373931885
898,0.9373301863670349,0.42229795455932617,1e-04,0.9373301863670349,0.9138808250427246,0.5448097586631775,0.9138808250427246
899,0.9347038865089417,0.42554450035095215,1e-04,0.9347038865089417,0.9102470874786377,0.534660279750824,0.9102470874786377
900,0.9348849654197693,0.42738842964172363,1e-04,0.9348849654197693,0.9120639562606812,0.5558276772499084,0.9120639562606812
901,0.9358811974525452,0.42740586400032043,1e-04,0.9358811974525452,0.913517415523529,0.5430376529693604,0.913517415523529
902,0.9324398040771484,0.4292144179344177,1e-04,0.9324398040771484,0.9138808250427246,0.5482603907585144,0.9138808250427246
903,0.9357905983924866,0.43167638778686523,1e-04,0.9357905983924866,0.9047965407371521,0.5582069158554077,0.9047965407371521
904,0.9366962313652039,0.42858076095581055,1e-04,0.9366962313652039,0.8964389562606812,0.6113516092300415,0.8964389562606812
905,0.9356095194816589,0.4285840690135956,1e-04,0.9356095194816589,0.9127907156944275,0.5408839583396912,0.9127907156944275
906,0.9323492050170898,0.4350101351737976,1e-04,0.9323492050170898,0.9069767594337463,0.5781288146972656,0.9069767594337463
907,0.9312624335289001,0.43162205815315247,1e-04,0.9312624335289001,0.9080668687820435,0.5576110482215881,0.9080668687820435
908,0.9375113248825073,0.42282694578170776,1e-04,0.9375113248825073,0.9095203280448914,0.5606649518013,0.9095203280448914
909,0.9317152500152588,0.4322052299976349,1e-04,0.9317152500152588,0.9131540656089783,0.5322160124778748,0.9131540656089783
910,0.9337076544761658,0.4274350106716156,1e-04,0.9337076544761658,0.9142441749572754,0.5323899388313293,0.9142441749572754
911,0.9352472424507141,0.4274607002735138,1e-04,0.9352472424507141,0.9098837375640869,0.5481400489807129,0.9098837375640869
912,0.9340699315071106,0.4243425726890564,1e-04,0.9340699315071106,0.9124273061752319,0.5630770921707153,0.9124273061752319
913,0.9328020215034485,0.4275631904602051,1e-04,0.9328020215034485,0.9106104373931885,0.5410625338554382,0.9106104373931885
914,0.9340699315071106,0.4255560338497162,1e-04,0.9340699315071106,0.9113371968269348,0.5411612391471863,0.9113371968269348
915,0.9346132874488831,0.4277300536632538,1e-04,0.9346132874488831,0.9120639562606812,0.5487138032913208,0.9120639562606812
916,0.9327114820480347,0.432443231344223,1e-04,0.9327114820480347,0.9117006063461304,0.544245183467865,0.9117006063461304
917,0.9383264183998108,0.41807571053504944,1e-04,0.9383264183998108,0.9131540656089783,0.5340065360069275,0.9131540656089783
918,0.9383264183998108,0.4175250828266144,1e-04,0.9383264183998108,0.9113371968269348,0.5388106107711792,0.9113371968269348
919,0.9349755644798279,0.4268397390842438,1e-04,0.9349755644798279,0.9095203280448914,0.5397921204566956,0.9095203280448914
920,0.9344321489334106,0.43129611015319824,1e-04,0.9344321489334106,0.9084302186965942,0.5636164546012878,0.9084302186965942
921,0.9356095194816589,0.4260316789150238,1e-04,0.9356095194816589,0.9040697813034058,0.5750036239624023,0.9040697813034058
922,0.9331642985343933,0.4310641288757324,1e-04,0.9331642985343933,0.9120639562606812,0.5423051118850708,0.9120639562606812
923,0.9364245533943176,0.42459598183631897,1e-04,0.9364245533943176,0.9138808250427246,0.5278950333595276,0.9138808250427246
924,0.9378736019134521,0.42109405994415283,1e-04,0.9378736019134521,0.9124273061752319,0.5494695901870728,0.9124273061752319
925,0.9390509128570557,0.4239652454853058,1e-04,0.9390509128570557,0.9131540656089783,0.5414558053016663,0.9131540656089783
926,0.9357000589370728,0.42066946625709534,1e-04,0.9357000589370728,0.9113371968269348,0.5438701510429382,0.9113371968269348
927,0.9388697743415833,0.42103123664855957,1e-04,0.9388697743415833,0.9149709343910217,0.5454091429710388,0.9149709343910217
928,0.9369679689407349,0.42059552669525146,1e-04,0.9369679689407349,0.9058866500854492,0.5711591243743896,0.9058866500854492
929,0.9361528754234314,0.4263021647930145,1e-04,0.9361528754234314,0.9178779125213623,0.5357061624526978,0.9178779125213623
930,0.9413149952888489,0.4170554280281067,1e-04,0.9413149952888489,0.913517415523529,0.5523338913917542,0.913517415523529
931,0.9389603137969971,0.4213086664676666,1e-04,0.9389603137969971,0.910973846912384,0.5517828464508057,0.910973846912384
932,0.9411338567733765,0.41436174511909485,1e-04,0.9411338567733765,0.9117006063461304,0.5340204238891602,0.9117006063461304
933,0.9389603137969971,0.42048096656799316,1e-04,0.9389603137969971,0.9156976938247681,0.5332748293876648,0.9156976938247681
934,0.937964141368866,0.4201699495315552,1e-04,0.937964141368866,0.9044331312179565,0.5585771799087524,0.9044331312179565
935,0.9396848678588867,0.4185447096824646,1e-04,0.9396848678588867,0.9102470874786377,0.5396456122398376,0.9102470874786377
936,0.9418583512306213,0.4150870442390442,1e-04,0.9418583512306213,0.9087936282157898,0.5499046444892883,0.9087936282157898
937,0.9366962313652039,0.42015787959098816,1e-04,0.9366962313652039,0.9124273061752319,0.5406944155693054,0.9124273061752319
938,0.9369679689407349,0.4225081503391266,1e-04,0.9369679689407349,0.9113371968269348,0.5480606555938721,0.9113371968269348
939,0.9414961338043213,0.41953471302986145,1e-04,0.9414961338043213,0.9047965407371521,0.5524912476539612,0.9047965407371521
940,0.9424017667770386,0.4151402413845062,1e-04,0.9424017667770386,0.9102470874786377,0.5590049624443054,0.9102470874786377
941,0.9395942687988281,0.4138345420360565,1e-04,0.9395942687988281,0.9124273061752319,0.5362278819084167,0.9124273061752319
942,0.9408621788024902,0.411359041929245,1e-04,0.9408621788024902,0.9011628031730652,0.5627924203872681,0.9011628031730652
943,0.9404093623161316,0.41415393352508545,1e-04,0.9404093623161316,0.9149709343910217,0.546995997428894,0.9149709343910217
944,0.9408621788024902,0.411050021648407,1e-04,0.9408621788024902,0.9120639562606812,0.5335540175437927,0.9120639562606812
945,0.9360623359680176,0.41805678606033325,1e-04,0.9360623359680176,0.9117006063461304,0.549820601940155,0.9117006063461304
946,0.9376018643379211,0.42303070425987244,1e-04,0.9376018643379211,0.9029796719551086,0.587753176689148,0.9029796719551086
947,0.9373301863670349,0.42120352387428284,1e-04,0.9373301863670349,0.9156976938247681,0.5328158736228943,0.9156976938247681
948,0.9395037293434143,0.41706275939941406,1e-04,0.9395037293434143,0.9004360437393188,0.5743632912635803,0.9004360437393188
949,0.9343416094779968,0.4248521327972412,1e-04,0.9343416094779968,0.9113371968269348,0.542506754398346,0.9113371968269348
950,0.937964141368866,0.4195535182952881,1e-04,0.937964141368866,0.9084302186965942,0.5480008125305176,0.9084302186965942
951,0.937964141368866,0.41744786500930786,1e-04,0.937964141368866,0.9095203280448914,0.5409748554229736,0.9095203280448914
952,0.9334359765052795,0.42800459265708923,1e-04,0.9334359765052795,0.9069767594337463,0.553571343421936,0.9069767594337463
953,0.9396848678588867,0.41628286242485046,1e-04,0.9396848678588867,0.9120639562606812,0.5469655990600586,0.9120639562606812
954,0.9365151524543762,0.4227087199687958,1e-04,0.9365151524543762,0.9066133499145508,0.5478773713111877,0.9066133499145508
955,0.9404999017715454,0.42100563645362854,1e-04,0.9404999017715454,0.9142441749572754,0.5346711277961731,0.9142441749572754
956,0.9352472424507141,0.4298064410686493,1e-04,0.9352472424507141,0.9058866500854492,0.546303391456604,0.9058866500854492
957,0.9363340139389038,0.4202862083911896,1e-04,0.9363340139389038,0.910973846912384,0.5465120673179626,0.910973846912384
958,0.9413149952888489,0.4166620075702667,1e-04,0.9413149952888489,0.910973846912384,0.5538408756256104,0.910973846912384
959,0.9408621788024902,0.4136679768562317,1e-04,0.9408621788024902,0.9077034592628479,0.5519711971282959,0.9077034592628479
960,0.9393225908279419,0.4115654230117798,1e-04,0.9393225908279419,0.9077034592628479,0.5355148911476135,0.9077034592628479
961,0.9358811974525452,0.4233904778957367,1e-04,0.9358811974525452,0.9044331312179565,0.5472669005393982,0.9044331312179565
962,0.9402282238006592,0.41740140318870544,1e-04,0.9402282238006592,0.9051598906517029,0.5595974922180176,0.9051598906517029
963,0.9363340139389038,0.41599974036216736,1e-04,0.9363340139389038,0.9102470874786377,0.5444655418395996,0.9102470874786377
964,0.940318763256073,0.41178324818611145,1e-04,0.940318763256073,0.9037063717842102,0.5570874214172363,0.9037063717842102
965,0.94231116771698,0.4065782129764557,1e-04,0.94231116771698,0.9084302186965942,0.5522867441177368,0.9084302186965942
966,0.9448469281196594,0.4049592614173889,1e-04,0.9448469281196594,0.9069767594337463,0.5751177072525024,0.9069767594337463
967,0.9456620216369629,0.40790823101997375,1e-04,0.9456620216369629,0.9127907156944275,0.5340691208839417,0.9127907156944275
968,0.9430356621742249,0.410165935754776,1e-04,0.9430356621742249,0.9098837375640869,0.5572406649589539,0.9098837375640869
969,0.9444847106933594,0.410108745098114,1e-04,0.9444847106933594,0.9124273061752319,0.5360418558120728,0.9124273061752319
970,0.9387792348861694,0.41656678915023804,1e-04,0.9387792348861694,0.9098837375640869,0.5471096038818359,0.9098837375640869
971,0.94231116771698,0.41086944937705994,1e-04,0.94231116771698,0.9080668687820435,0.5460928678512573,0.9080668687820435
972,0.9400470852851868,0.4129587709903717,1e-04,0.9400470852851868,0.913517415523529,0.5496866703033447,0.913517415523529
973,0.9395037293434143,0.40840256214141846,1e-04,0.9395037293434143,0.9127907156944275,0.5393106937408447,0.9127907156944275
974,0.9410433173179626,0.41080912947654724,1e-04,0.9410433173179626,0.9117006063461304,0.5311497449874878,0.9117006063461304
975,0.9398659467697144,0.4128589630126953,1e-04,0.9398659467697144,0.901526153087616,0.5515009164810181,0.901526153087616
976,0.9438507556915283,0.408903568983078,1e-04,0.9438507556915283,0.9084302186965942,0.5555991530418396,0.9084302186965942
977,0.9431262612342834,0.4109935164451599,1e-04,0.9431262612342834,0.9182412624359131,0.5541543364524841,0.9182412624359131
978,0.9411338567733765,0.4121875464916229,1e-04,0.9411338567733765,0.90625,0.5680235624313354,0.90625
979,0.9430356621742249,0.40806594491004944,1e-04,0.9430356621742249,0.9037063717842102,0.5631070733070374,0.9037063717842102
980,0.9451186656951904,0.40173062682151794,1e-04,0.9451186656951904,0.9033430218696594,0.5526462197303772,0.9033430218696594
981,0.940590500831604,0.4115091860294342,1e-04,0.940590500831604,0.901526153087616,0.5723037123680115,0.901526153087616
982,0.940318763256073,0.4115891754627228,1e-04,0.940318763256073,0.9077034592628479,0.5702891945838928,0.9077034592628479
983,0.9444847106933594,0.4084428548812866,1e-04,0.9444847106933594,0.9073401093482971,0.5402572154998779,0.9073401093482971
984,0.9386886358261108,0.4122563302516937,1e-04,0.9386886358261108,0.9167878031730652,0.552950382232666,0.9167878031730652
985,0.940952718257904,0.41208359599113464,1e-04,0.940952718257904,0.910973846912384,0.5507617592811584,0.910973846912384
986,0.9439412951469421,0.404752641916275,1e-04,0.9439412951469421,0.9044331312179565,0.5757251977920532,0.9044331312179565
987,0.9424923062324524,0.40369150042533875,1e-04,0.9424923062324524,0.910973846912384,0.5539643168449402,0.910973846912384
988,0.9425828456878662,0.4053877592086792,1e-04,0.9425828456878662,0.9102470874786377,0.5499092936515808,0.9102470874786377
989,0.9424923062324524,0.41120630502700806,1e-04,0.9424923062324524,0.910973846912384,0.5644080638885498,0.910973846912384
990,0.9401376843452454,0.41470015048980713,1e-04,0.9401376843452454,0.9044331312179565,0.5774424076080322,0.9044331312179565
991,0.9383264183998108,0.4121374189853668,1e-04,0.9383264183998108,0.9127907156944275,0.5397412180900574,0.9127907156944275
992,0.9450280666351318,0.4037458896636963,1e-04,0.9450280666351318,0.8964389562606812,0.6062862873077393,0.8964389562606812
993,0.9421300292015076,0.41174885630607605,1e-04,0.9421300292015076,0.913517415523529,0.534990668296814,0.913517415523529
994,0.9426734447479248,0.40882954001426697,1e-04,0.9426734447479248,0.910973846912384,0.5550376176834106,0.910973846912384
995,0.9411338567733765,0.4037413001060486,1e-04,0.9411338567733765,0.8960756063461304,0.5815906524658203,0.8960756063461304
996,0.9414961338043213,0.4087221920490265,1e-04,0.9414961338043213,0.9087936282157898,0.5466827750205994,0.9087936282157898
997,0.9386886358261108,0.41530048847198486,1e-04,0.9386886358261108,0.9120639562606812,0.5628561973571777,0.9120639562606812
998,0.9430356621742249,0.4041372835636139,1e-04,0.9430356621742249,0.9124273061752319,0.5532435774803162,0.9124273061752319
999,0.9456620216369629,0.40104296803474426,1e-04,0.9456620216369629,0.9153342843055725,0.5344737768173218,0.9153342843055725
