epoch,accuracy,loss,lr,top1,val_accuracy,val_loss,val_top1
0,0.4420158863067627,1.440649151802063,0.01,0.4420158863067627,0.45530521869659424,1.439961314201355,0.45530521869659424
1,0.45272594690322876,1.433018445968628,0.01,0.45272594690322876,0.45530521869659424,1.4294941425323486,0.45530521869659424
2,0.44810721278190613,1.4251511096954346,0.01,0.44810721278190613,0.45530521869659424,1.4262135028839111,0.45530521869659424
3,0.45254483819007874,1.420209288597107,0.01,0.45254483819007874,0.45530521869659424,1.4182456731796265,0.45530521869659424
4,0.4510958194732666,1.4145060777664185,0.01,0.4510958194732666,0.45530521869659424,1.4144668579101562,0.45530521869659424
5,0.45462778210639954,1.4083867073059082,0.01,0.45462778210639954,0.45530521869659424,1.4000186920166016,0.45530521869659424
6,0.47600072622299194,1.3938771486282349,0.01,0.47600072622299194,0.5490552186965942,1.3797800540924072,0.5490552186965942
7,0.4604238271713257,1.3940871953964233,0.01,0.4604238271713257,0.46402615308761597,1.3782224655151367,0.46402615308761597
8,0.49818873405456543,1.3735123872756958,0.01,0.49818873405456543,0.5105378031730652,1.3666043281555176,0.5105378031730652
9,0.5113204121589661,1.3541686534881592,0.01,0.5113204121589661,0.5490552186965942,1.3278648853302002,0.5490552186965942
10,0.5187466144561768,1.3360990285873413,0.01,0.5187466144561768,0.5505087375640869,1.2928403615951538,0.5505087375640869
11,0.5169353485107422,1.3286594152450562,0.01,0.5169353485107422,0.48255813121795654,1.3372482061386108,0.48255813121795654
12,0.5220974683761597,1.3174632787704468,0.01,0.5220974683761597,0.5505087375640869,1.2472550868988037,0.5505087375640869
13,0.5479080080986023,1.2797231674194336,0.01,0.5479080080986023,0.5824854373931885,1.236855149269104,0.5824854373931885
14,0.5675601959228516,1.2471011877059937,0.01,0.5675601959228516,0.5992006063461304,1.182267189025879,0.5992006063461304
15,0.5671979784965515,1.2370938062667847,0.01,0.5671979784965515,0.6319040656089783,1.122127652168274,0.6319040656089783
16,0.591740608215332,1.1857202053070068,0.01,0.591740608215332,0.6279069781303406,1.137542724609375,0.6279069781303406
17,0.6143814325332642,1.1470472812652588,0.01,0.6143814325332642,0.6580668687820435,1.0664750337600708,0.6580668687820435
18,0.610396683216095,1.14618980884552,0.01,0.610396683216095,0.6602470874786377,1.0567456483840942,0.6602470874786377
19,0.6370222568511963,1.1057063341140747,0.01,0.6370222568511963,0.6813226938247681,1.0116934776306152,0.6813226938247681
20,0.6483426690101624,1.0812400579452515,0.01,0.6483426690101624,0.6784157156944275,1.02166748046875,0.6784157156944275
21,0.6526897549629211,1.0697153806686401,0.01,0.6526897549629211,0.6845930218696594,1.0052167177200317,0.6845930218696594
22,0.6511501669883728,1.0605700016021729,0.01,0.6511501669883728,0.7165697813034058,0.9468238353729248,0.7165697813034058
23,0.6681760549545288,1.0401684045791626,0.01,0.6681760549545288,0.6918604373931885,0.974689245223999,0.6918604373931885
24,0.6664553284645081,1.0263488292694092,0.01,0.6664553284645081,0.6907703280448914,0.9622865915298462,0.6907703280448914
25,0.679405927658081,0.9967265725135803,0.01,0.679405927658081,0.7231104373931885,0.9210584163665771,0.7231104373931885
26,0.6853830814361572,0.9803778529167175,0.01,0.6853830814361572,0.7285610437393188,0.9003359079360962,0.7285610437393188
27,0.7000543475151062,0.9544138312339783,0.01,0.7000543475151062,0.7082121968269348,0.9107141494750977,0.7082121968269348
28,0.7017750144004822,0.9476432800292969,0.01,0.7017750144004822,0.7641715407371521,0.8641010522842407,0.7641715407371521
29,0.6988770365715027,0.9432457089424133,0.01,0.6988770365715027,0.7481831312179565,0.866061270236969,0.7481831312179565
30,0.7352834343910217,0.8733183145523071,0.001,0.7352834343910217,0.7845203280448914,0.7917923927307129,0.7845203280448914
31,0.7521282434463501,0.8424701690673828,0.001,0.7521282434463501,0.7954215407371521,0.7729855179786682,0.7954215407371521
32,0.752852737903595,0.833451509475708,0.001,0.752852737903595,0.7819767594337463,0.7866761684417725,0.7819767594337463
33,0.75783371925354,0.8312175869941711,0.001,0.75783371925354,0.7946947813034058,0.7728061079978943,0.7946947813034058
34,0.764173150062561,0.821845531463623,0.001,0.764173150062561,0.7994186282157898,0.7622712850570679,0.7994186282157898
35,0.7657127380371094,0.8168120384216309,0.001,0.7657127380371094,0.8026889562606812,0.7605343461036682,0.8026889562606812
36,0.7689729928970337,0.808922290802002,0.001,0.7689729928970337,0.8034157156944275,0.7538803219795227,0.8034157156944275
37,0.764173150062561,0.8139743208885193,0.001,0.764173150062561,0.8114098906517029,0.7521749138832092,0.8114098906517029
38,0.768520176410675,0.8094613552093506,0.001,0.768520176410675,0.8063226938247681,0.748633623123169,0.8063226938247681
39,0.7816518545150757,0.7933064103126526,0.001,0.7816518545150757,0.8055959343910217,0.7556154727935791,0.8055959343910217
40,0.774497389793396,0.7969764471054077,0.001,0.774497389793396,0.804142415523529,0.7572730183601379,0.804142415523529
41,0.774859607219696,0.7981405854225159,0.001,0.774859607219696,0.8045058250427246,0.7510441541671753,0.8045058250427246
42,0.7743162512779236,0.7935699820518494,0.001,0.7743162512779236,0.8135901093482971,0.7478875517845154,0.8135901093482971
43,0.7797500491142273,0.7878081202507019,0.001,0.7797500491142273,0.8179506063461304,0.729278028011322,0.8179506063461304
44,0.7817424535751343,0.7799467444419861,0.001,0.7817424535751343,0.8212209343910217,0.7243553996086121,0.8212209343910217
45,0.7809273600578308,0.7771339416503906,0.001,0.7809273600578308,0.8092296719551086,0.7364298105239868,0.8092296719551086
46,0.7846404910087585,0.7771722674369812,0.001,0.7846404910087585,0.7888808250427246,0.7542737722396851,0.7888808250427246
47,0.7862706184387207,0.7686115503311157,0.001,0.7862706184387207,0.8154069781303406,0.7306586503982544,0.8154069781303406
48,0.7833725810050964,0.7763341069221497,0.001,0.7833725810050964,0.8241279125213623,0.7242416143417358,0.8241279125213623
49,0.7885347008705139,0.7670141458511353,0.001,0.7885347008705139,0.796875,0.7469731569290161,0.796875
50,0.7881724238395691,0.7654271721839905,0.001,0.7881724238395691,0.7841569781303406,0.7781209945678711,0.7841569781303406
51,0.789530873298645,0.7664262652397156,0.001,0.789530873298645,0.8263081312179565,0.7052339315414429,0.8263081312179565
52,0.7837348580360413,0.7654314041137695,0.001,0.7837348580360413,0.8295784592628479,0.7067133188247681,0.8295784592628479
53,0.7886252403259277,0.7544800639152527,0.001,0.7886252403259277,0.8223110437393188,0.7082069516181946,0.8223110437393188
54,0.7919760942459106,0.7534228563308716,0.001,0.7919760942459106,0.7845203280448914,0.7823885679244995,0.7845203280448914
55,0.7912515997886658,0.7553814649581909,0.001,0.7912515997886658,0.823401153087616,0.7232204675674438,0.823401153087616
56,0.7989494800567627,0.7492234110832214,0.001,0.7989494800567627,0.8266715407371521,0.7015851140022278,0.8266715407371521
57,0.7957797646522522,0.7488002181053162,0.001,0.7957797646522522,0.8255813717842102,0.7128987312316895,0.8255813717842102
58,0.7990400195121765,0.7452203035354614,0.001,0.7990400195121765,0.8194040656089783,0.7211515307426453,0.8194040656089783
59,0.7976815700531006,0.7441555857658386,0.001,0.7976815700531006,0.8204941749572754,0.71009761095047,0.8204941749572754
60,0.8037493228912354,0.7281560897827148,1e-04,0.8037493228912354,0.8357558250427246,0.6831334829330444,0.8357558250427246
61,0.8096359372138977,0.7216249704360962,1e-04,0.8096359372138977,0.8335756063461304,0.6825645565986633,0.8335756063461304
62,0.8140735626220703,0.7136610150337219,1e-04,0.8140735626220703,0.8343023061752319,0.6829427480697632,0.8343023061752319
63,0.8126245141029358,0.717433750629425,1e-04,0.8126245141029358,0.832848846912384,0.6804997324943542,0.832848846912384
64,0.8118094801902771,0.7162966132164001,1e-04,0.8118094801902771,0.8372092843055725,0.6790501475334167,0.8372092843055725
65,0.8113566637039185,0.7155562043190002,1e-04,0.8113566637039185,0.8386628031730652,0.6769097447395325,0.8386628031730652
66,0.8099076151847839,0.7178471684455872,1e-04,0.8099076151847839,0.8368459343910217,0.679835319519043,0.8368459343910217
67,0.812896192073822,0.7169672846794128,1e-04,0.812896192073822,0.8361191749572754,0.6762288808822632,0.8361191749572754
68,0.8161565065383911,0.7115374803543091,1e-04,0.8161565065383911,0.8357558250427246,0.6761612296104431,0.8357558250427246
69,0.8102698922157288,0.712293267250061,1e-04,0.8102698922157288,0.8401162624359131,0.6781355142593384,0.8401162624359131
70,0.8119000196456909,0.7105589509010315,1e-04,0.8119000196456909,0.8313953280448914,0.6831062436103821,0.8313953280448914
71,0.814526379108429,0.7104479074478149,1e-04,0.814526379108429,0.8313953280448914,0.6878248453140259,0.8313953280448914
72,0.817514955997467,0.7120628356933594,1e-04,0.817514955997467,0.8404796719551086,0.6763067245483398,0.8404796719551086
73,0.813167929649353,0.7093775272369385,1e-04,0.813167929649353,0.8332121968269348,0.6820454001426697,0.8332121968269348
74,0.8120811581611633,0.719436764717102,1e-04,0.8120811581611633,0.8375726938247681,0.6779692769050598,0.8375726938247681
75,0.8157942295074463,0.7048232555389404,1e-04,0.8157942295074463,0.8422965407371521,0.6751316785812378,0.8422965407371521
76,0.8165187239646912,0.7067683339118958,1e-04,0.8165187239646912,0.8361191749572754,0.6849703788757324,0.8361191749572754
77,0.8194167613983154,0.697228193283081,1e-04,0.8194167613983154,0.8386628031730652,0.6780494451522827,0.8386628031730652
78,0.8139829635620117,0.7080183029174805,1e-04,0.8139829635620117,0.8324854373931885,0.6829738020896912,0.8324854373931885
79,0.8127151131629944,0.7095107436180115,1e-04,0.8127151131629944,0.8368459343910217,0.6750304102897644,0.8368459343910217
80,0.8178771734237671,0.7029595375061035,1e-04,0.8178771734237671,0.836482584476471,0.6733942031860352,0.836482584476471
81,0.8158848285675049,0.7043543457984924,1e-04,0.8158848285675049,0.8408430218696594,0.671917736530304,0.8408430218696594
82,0.8202318549156189,0.6934396624565125,1e-04,0.8202318549156189,0.8332121968269348,0.6772489547729492,0.8332121968269348
83,0.8179677724838257,0.7054163813591003,1e-04,0.8179677724838257,0.8415697813034058,0.67265784740448,0.8415697813034058
84,0.8177866339683533,0.7003132700920105,1e-04,0.8177866339683533,0.839026153087616,0.6738626956939697,0.839026153087616
85,0.8234015703201294,0.6981401443481445,1e-04,0.8234015703201294,0.8368459343910217,0.674420177936554,0.8368459343910217
86,0.814888596534729,0.7039335370063782,1e-04,0.814888596534729,0.8382993936538696,0.6747024655342102,0.8382993936538696
87,0.8171526789665222,0.7027360200881958,1e-04,0.8171526789665222,0.8433866500854492,0.6722999215126038,0.8433866500854492
88,0.8194167613983154,0.6966572403907776,1e-04,0.8194167613983154,0.839026153087616,0.6736157536506653,0.839026153087616
89,0.8196884393692017,0.6980074048042297,1e-04,0.8196884393692017,0.8433866500854492,0.6719118356704712,0.8433866500854492
90,0.8167904615402222,0.7031608819961548,1e-04,0.8167904615402222,0.8386628031730652,0.6735392212867737,0.8386628031730652
91,0.8166998624801636,0.7022745609283447,1e-04,0.8166998624801636,0.839026153087616,0.6780704259872437,0.839026153087616
92,0.8156130909919739,0.7002696990966797,1e-04,0.8156130909919739,0.8422965407371521,0.670585036277771,0.8422965407371521
93,0.8194167613983154,0.6973178386688232,1e-04,0.8194167613983154,0.8419331312179565,0.6726016998291016,0.8419331312179565
94,0.8217714428901672,0.6907042264938354,1e-04,0.8217714428901672,0.8419331312179565,0.67111736536026,0.8419331312179565
95,0.820594072341919,0.6986202001571655,1e-04,0.820594072341919,0.8426598906517029,0.6722543239593506,0.8426598906517029
96,0.8220431208610535,0.6901106834411621,1e-04,0.8220431208610535,0.8448401093482971,0.6697888374328613,0.8448401093482971
97,0.8174243569374084,0.6934713125228882,1e-04,0.8174243569374084,0.84375,0.6705535650253296,0.84375
98,0.8213186264038086,0.6952801942825317,1e-04,0.8213186264038086,0.8448401093482971,0.6712824106216431,0.8448401093482971
99,0.8229487538337708,0.6889349222183228,1e-04,0.8229487538337708,0.8368459343910217,0.6770195960998535,0.8368459343910217
100,0.8225864768028259,0.6956625580787659,1e-04,0.8225864768028259,0.8412063717842102,0.6707483530044556,0.8412063717842102
101,0.819235622882843,0.6953920722007751,1e-04,0.819235622882843,0.8408430218696594,0.6767870187759399,0.8408430218696594
102,0.8262996077537537,0.690841555595398,1e-04,0.8262996077537537,0.839026153087616,0.6762526035308838,0.839026153087616
103,0.8243072032928467,0.6889236569404602,1e-04,0.8243072032928467,0.8386628031730652,0.6725806593894958,0.8386628031730652
104,0.8185111284255981,0.6982079744338989,1e-04,0.8185111284255981,0.8448401093482971,0.6713945865631104,0.8448401093482971
105,0.8162470459938049,0.6944487690925598,1e-04,0.8162470459938049,0.8419331312179565,0.6713593006134033,0.8419331312179565
106,0.8264806866645813,0.6867897510528564,1e-04,0.8264806866645813,0.8462936282157898,0.6666259169578552,0.8462936282157898
107,0.8172432780265808,0.6941915154457092,1e-04,0.8172432780265808,0.8448401093482971,0.6634276509284973,0.8448401093482971
108,0.8276580572128296,0.6832292675971985,1e-04,0.8276580572128296,0.8444767594337463,0.6652486324310303,0.8444767594337463
109,0.8221336603164673,0.6899061799049377,1e-04,0.8221336603164673,0.848473846912384,0.6621685028076172,0.848473846912384
110,0.8270241022109985,0.6827764511108398,1e-04,0.8270241022109985,0.8422965407371521,0.6648557186126709,0.8422965407371521
111,0.8233109712600708,0.6866767406463623,1e-04,0.8233109712600708,0.8448401093482971,0.6649210453033447,0.8448401093482971
112,0.825846791267395,0.6881584525108337,1e-04,0.825846791267395,0.8455668687820435,0.6641381978988647,0.8455668687820435
113,0.8202318549156189,0.6934241652488708,1e-04,0.8202318549156189,0.8455668687820435,0.6637436747550964,0.8455668687820435
114,0.8244883418083191,0.6887046694755554,1e-04,0.8244883418083191,0.8470203280448914,0.6641652584075928,0.8470203280448914
115,0.8213186264038086,0.691330075263977,1e-04,0.8213186264038086,0.8470203280448914,0.6645479798316956,0.8470203280448914
116,0.8260278701782227,0.6863065958023071,1e-04,0.8260278701782227,0.8415697813034058,0.6746723055839539,0.8415697813034058
117,0.8234921097755432,0.6877197027206421,1e-04,0.8234921097755432,0.8444767594337463,0.6618514657020569,0.8444767594337463
118,0.8260278701782227,0.6855913996696472,1e-04,0.8260278701782227,0.8441133499145508,0.66241455078125,0.8441133499145508
119,0.8241260647773743,0.6913479566574097,1e-04,0.8241260647773743,0.8433866500854492,0.6608117818832397,0.8433866500854492
120,0.8290165066719055,0.6815782189369202,1e-04,0.8290165066719055,0.8488371968269348,0.6602039933204651,0.8488371968269348
121,0.827205240726471,0.6852846741676331,1e-04,0.827205240726471,0.84375,0.6677811145782471,0.84375
122,0.8274769186973572,0.6823757886886597,1e-04,0.8274769186973572,0.8452034592628479,0.6625858545303345,0.8452034592628479
123,0.8272957801818848,0.6786913871765137,1e-04,0.8272957801818848,0.8481104373931885,0.6641074419021606,0.8481104373931885
124,0.8289259076118469,0.6811593770980835,1e-04,0.8289259076118469,0.8473837375640869,0.6629313230514526,0.8473837375640869
125,0.8288353681564331,0.6812313199043274,1e-04,0.8288353681564331,0.84375,0.6693090200424194,0.84375
126,0.8268429636955261,0.6838954091072083,1e-04,0.8268429636955261,0.8495639562606812,0.661930501461029,0.8495639562606812
127,0.8290165066719055,0.6799437403678894,1e-04,0.8290165066719055,0.8466569781303406,0.6636937856674194,0.8466569781303406
128,0.8299221396446228,0.6777561902999878,1e-04,0.8299221396446228,0.8441133499145508,0.6685828566551208,0.8441133499145508
129,0.8283825516700745,0.6783478260040283,1e-04,0.8283825516700745,0.8488371968269348,0.6607048511505127,0.8488371968269348
130,0.8251222372055054,0.6824560761451721,1e-04,0.8251222372055054,0.8473837375640869,0.6653193235397339,0.8473837375640869
131,0.8312805891036987,0.6759483814239502,1e-04,0.8312805891036987,0.8473837375640869,0.6625421047210693,0.8473837375640869
132,0.8265712857246399,0.6807368397712708,1e-04,0.8265712857246399,0.8452034592628479,0.6643747091293335,0.8452034592628479
133,0.8297410011291504,0.6804646253585815,1e-04,0.8297410011291504,0.8488371968269348,0.6599521040916443,0.8488371968269348
134,0.827205240726471,0.6781942248344421,1e-04,0.827205240726471,0.8470203280448914,0.6556318402290344,0.8470203280448914
135,0.827205240726471,0.6796716451644897,1e-04,0.827205240726471,0.848473846912384,0.6568012833595276,0.848473846912384
136,0.8312805891036987,0.6737480163574219,1e-04,0.8312805891036987,0.8481104373931885,0.6565353274345398,0.8481104373931885
137,0.8331823945045471,0.6759958863258362,1e-04,0.8331823945045471,0.8492006063461304,0.6613941788673401,0.8492006063461304
138,0.8320956230163574,0.6749919652938843,1e-04,0.8320956230163574,0.8481104373931885,0.6546444296836853,0.8481104373931885
139,0.8278391361236572,0.6740711331367493,1e-04,0.8278391361236572,0.8481104373931885,0.6598341464996338,0.8481104373931885
140,0.8284730911254883,0.6781312823295593,1e-04,0.8284730911254883,0.8495639562606812,0.6555414199829102,0.8495639562606812
141,0.8309183120727539,0.6734251379966736,1e-04,0.8309183120727539,0.852107584476471,0.6515449285507202,0.852107584476471
142,0.8284730911254883,0.6770249605178833,1e-04,0.8284730911254883,0.8459302186965942,0.6611009836196899,0.8459302186965942
143,0.8285636901855469,0.6743127703666687,1e-04,0.8285636901855469,0.8473837375640869,0.6549102067947388,0.8473837375640869
144,0.8326390385627747,0.6716648936271667,1e-04,0.8326390385627747,0.8492006063461304,0.6527240872383118,0.8492006063461304
145,0.8310088515281677,0.680376410484314,1e-04,0.8310088515281677,0.8531976938247681,0.655027449131012,0.8531976938247681
146,0.8311899900436401,0.6702866554260254,1e-04,0.8311899900436401,0.8462936282157898,0.6612614989280701,0.8462936282157898
147,0.8349031209945679,0.6720306277275085,1e-04,0.8349031209945679,0.8495639562606812,0.6525567770004272,0.8495639562606812
148,0.8344503045082092,0.6686921119689941,1e-04,0.8344503045082092,0.852107584476471,0.6522182822227478,0.852107584476471
149,0.8310994505882263,0.6704213619232178,1e-04,0.8310994505882263,0.8488371968269348,0.6526002883911133,0.8488371968269348
150,0.8328201174736023,0.670096755027771,1e-04,0.8328201174736023,0.8481104373931885,0.657522439956665,0.8481104373931885
151,0.829559862613678,0.6718206405639648,1e-04,0.829559862613678,0.8502907156944275,0.6531713008880615,0.8502907156944275
152,0.8312805891036987,0.6739718317985535,1e-04,0.8312805891036987,0.8492006063461304,0.6609398722648621,0.8492006063461304
153,0.8375294208526611,0.665137767791748,1e-04,0.8375294208526611,0.8473837375640869,0.655132532119751,0.8473837375640869
154,0.8328201174736023,0.6689080595970154,1e-04,0.8328201174736023,0.8502907156944275,0.6600776314735413,0.8502907156944275
155,0.8328201174736023,0.6726668477058411,1e-04,0.8328201174736023,0.8539243936538696,0.6499063968658447,0.8539243936538696
156,0.8293787240982056,0.6690927147865295,1e-04,0.8293787240982056,0.8502907156944275,0.6504076719284058,0.8502907156944275
157,0.8344503045082092,0.6645856499671936,1e-04,0.8344503045082092,0.8539243936538696,0.648465633392334,0.8539243936538696
158,0.8358087539672852,0.6635151505470276,1e-04,0.8358087539672852,0.8550145626068115,0.648829460144043,0.8550145626068115
159,0.8281108736991882,0.6744253039360046,1e-04,0.8281108736991882,0.851017415523529,0.654403567314148,0.851017415523529
160,0.83653324842453,0.668255627155304,1e-04,0.83653324842453,0.8452034592628479,0.6622177362442017,0.8452034592628479
161,0.8316428065299988,0.6643170118331909,1e-04,0.8316428065299988,0.8542878031730652,0.6466254591941833,0.8542878031730652
162,0.831914484500885,0.6687598824501038,1e-04,0.831914484500885,0.8517441749572754,0.6558282971382141,0.8517441749572754
163,0.8317334055900574,0.6669508814811707,1e-04,0.8317334055900574,0.8542878031730652,0.6465582251548767,0.8542878031730652
164,0.8335446715354919,0.66368567943573,1e-04,0.8335446715354919,0.851017415523529,0.6508039236068726,0.851017415523529
165,0.8375294208526611,0.6634708046913147,1e-04,0.8375294208526611,0.8506540656089783,0.6514236927032471,0.8506540656089783
166,0.8383445143699646,0.6669883131980896,1e-04,0.8383445143699646,0.8506540656089783,0.6512667536735535,0.8506540656089783
167,0.8386161923408508,0.6630778312683105,1e-04,0.8386161923408508,0.8571947813034058,0.6434711813926697,0.8571947813034058
168,0.8369860649108887,0.6591001749038696,1e-04,0.8369860649108887,0.8495639562606812,0.6483045816421509,0.8495639562606812
169,0.8334540724754333,0.6687828302383423,1e-04,0.8334540724754333,0.8524709343910217,0.6436790823936462,0.8524709343910217
170,0.8375294208526611,0.660186231136322,1e-04,0.8375294208526611,0.8557412624359131,0.6479413509368896,0.8557412624359131
171,0.8388878703117371,0.659441351890564,1e-04,0.8388878703117371,0.8524709343910217,0.6521012783050537,0.8524709343910217
172,0.8364426493644714,0.658970057964325,1e-04,0.8364426493644714,0.854651153087616,0.651534378528595,0.854651153087616
173,0.8333635330200195,0.664972722530365,1e-04,0.8333635330200195,0.8513808250427246,0.654811441898346,0.8513808250427246
174,0.8376200199127197,0.6595637798309326,1e-04,0.8376200199127197,0.8502907156944275,0.6566506028175354,0.8502907156944275
175,0.8384350538253784,0.6572514176368713,1e-04,0.8384350538253784,0.8557412624359131,0.6490421891212463,0.8557412624359131
176,0.8375294208526611,0.6591556072235107,1e-04,0.8375294208526611,0.8575581312179565,0.6499788165092468,0.8575581312179565
177,0.8447744846343994,0.6499899625778198,1e-04,0.8447744846343994,0.8575581312179565,0.6447014212608337,0.8575581312179565
178,0.8298315405845642,0.6686947345733643,1e-04,0.8298315405845642,0.8433866500854492,0.6677062511444092,0.8433866500854492
179,0.8399746417999268,0.6546485424041748,1e-04,0.8399746417999268,0.8535610437393188,0.6418594717979431,0.8535610437393188
180,0.8346313834190369,0.6608484983444214,1e-04,0.8346313834190369,0.8444767594337463,0.6548387408256531,0.8444767594337463
181,0.840246319770813,0.656640350818634,1e-04,0.840246319770813,0.8531976938247681,0.6448944211006165,0.8531976938247681
182,0.8414236307144165,0.655676543712616,1e-04,0.8414236307144165,0.854651153087616,0.6471971273422241,0.854651153087616
183,0.8416047692298889,0.6492271423339844,1e-04,0.8416047692298889,0.8568313717842102,0.6468085646629333,0.8568313717842102
184,0.8390690088272095,0.6572328209877014,1e-04,0.8390690088272095,0.8528342843055725,0.6537548303604126,0.8528342843055725
185,0.8387067317962646,0.6566213965415955,1e-04,0.8387067317962646,0.8513808250427246,0.6618027091026306,0.8513808250427246
186,0.8405179977416992,0.6569100618362427,1e-04,0.8405179977416992,0.8513808250427246,0.6547767519950867,0.8513808250427246
187,0.838253915309906,0.6583327054977417,1e-04,0.838253915309906,0.8564680218696594,0.644666314125061,0.8564680218696594
188,0.8318239450454712,0.6626265048980713,1e-04,0.8318239450454712,0.859375,0.6386681795120239,0.859375
189,0.8436877131462097,0.6508334279060364,1e-04,0.8436877131462097,0.8542878031730652,0.6442033052444458,0.8542878031730652
190,0.8445028066635132,0.650931715965271,1e-04,0.8445028066635132,0.8531976938247681,0.6504709124565125,0.8531976938247681
191,0.8395218253135681,0.6477289795875549,1e-04,0.8395218253135681,0.851017415523529,0.658045768737793,0.851017415523529
192,0.8397935032844543,0.6510617733001709,1e-04,0.8397935032844543,0.8513808250427246,0.650905430316925,0.8513808250427246
193,0.8449556231498718,0.6477041840553284,1e-04,0.8449556231498718,0.8539243936538696,0.6515235304832458,0.8539243936538696
194,0.8400651812553406,0.6519995331764221,1e-04,0.8400651812553406,0.851017415523529,0.6504892706871033,0.851017415523529
195,0.8419670462608337,0.6483824253082275,1e-04,0.8419670462608337,0.8557412624359131,0.6508834958076477,0.8557412624359131
196,0.8458612561225891,0.6500483751296997,1e-04,0.8458612561225891,0.8553779125213623,0.6401333212852478,0.8553779125213623
197,0.8388878703117371,0.6507944464683533,1e-04,0.8388878703117371,0.8550145626068115,0.6470345854759216,0.8550145626068115
198,0.8398841023445129,0.6521024107933044,1e-04,0.8398841023445129,0.8531976938247681,0.6406697034835815,0.8531976938247681
199,0.8383445143699646,0.6520178318023682,1e-04,0.8383445143699646,0.8506540656089783,0.6492696404457092,0.8506540656089783
200,0.8423292636871338,0.6511368155479431,1e-04,0.8423292636871338,0.8539243936538696,0.6382308602333069,0.8539243936538696
201,0.8435971736907959,0.6471351385116577,1e-04,0.8435971736907959,0.8550145626068115,0.6446048021316528,0.8550145626068115
202,0.842872679233551,0.6457048654556274,1e-04,0.842872679233551,0.851017415523529,0.652772068977356,0.851017415523529
203,0.8455895781517029,0.6440888047218323,1e-04,0.8455895781517029,0.8513808250427246,0.6558442115783691,0.8513808250427246
204,0.8447744846343994,0.649476170539856,1e-04,0.8447744846343994,0.8502907156944275,0.6502225399017334,0.8502907156944275
205,0.8449556231498718,0.6385120749473572,1e-04,0.8449556231498718,0.8597383499145508,0.6361110806465149,0.8597383499145508
206,0.8452273011207581,0.6447566151618958,1e-04,0.8452273011207581,0.8495639562606812,0.6674213409423828,0.8495639562606812
207,0.8478536605834961,0.6405666470527649,1e-04,0.8478536605834961,0.8615552186965942,0.6298637390136719,0.8615552186965942
208,0.8430538177490234,0.646835446357727,1e-04,0.8430538177490234,0.859375,0.6346766352653503,0.859375
209,0.8470385670661926,0.6404993534088135,1e-04,0.8470385670661926,0.8561046719551086,0.6333802938461304,0.8561046719551086
210,0.8410614132881165,0.6487030982971191,1e-04,0.8410614132881165,0.8608284592628479,0.6378341913223267,0.8608284592628479
211,0.8473102450370789,0.6437415480613708,1e-04,0.8473102450370789,0.8659157156944275,0.6294984817504883,0.8659157156944275
212,0.8493932485580444,0.6361938118934631,1e-04,0.8493932485580444,0.8550145626068115,0.64725661277771,0.8550145626068115
213,0.8450461626052856,0.6454071998596191,1e-04,0.8450461626052856,0.8622819781303406,0.6416276097297668,0.8622819781303406
214,0.8460423946380615,0.6435192823410034,1e-04,0.8460423946380615,0.8550145626068115,0.6463358998298645,0.8550145626068115
215,0.8483064770698547,0.6375733613967896,1e-04,0.8483064770698547,0.8611918687820435,0.6360146403312683,0.8611918687820435
216,0.8457707166671753,0.6376280784606934,1e-04,0.8457707166671753,0.8622819781303406,0.6387377977371216,0.8622819781303406
217,0.8481253385543823,0.638281524181366,1e-04,0.8481253385543823,0.866642415523529,0.6255978345870972,0.866642415523529
218,0.8475819826126099,0.6372771263122559,1e-04,0.8475819826126099,0.8575581312179565,0.6314536929130554,0.8575581312179565
219,0.8498460650444031,0.6400811076164246,1e-04,0.8498460650444031,0.8626453280448914,0.6264297962188721,0.8626453280448914
220,0.8450461626052856,0.6464602947235107,1e-04,0.8450461626052856,0.859375,0.6308435201644897,0.859375
221,0.8456801176071167,0.6380769610404968,1e-04,0.8456801176071167,0.8586482405662537,0.6321423053741455,0.8586482405662537
222,0.8450461626052856,0.6395329833030701,1e-04,0.8450461626052856,0.8637354373931885,0.629093587398529,0.8637354373931885
223,0.8455895781517029,0.641646683216095,1e-04,0.8455895781517029,0.854651153087616,0.6431585550308228,0.854651153087616
224,0.8461329340934753,0.6379741430282593,1e-04,0.8461329340934753,0.8608284592628479,0.6339441537857056,0.8608284592628479
225,0.8510233759880066,0.6371985673904419,1e-04,0.8510233759880066,0.8611918687820435,0.627620279788971,0.8611918687820435
226,0.8454084396362305,0.6348708868026733,1e-04,0.8454084396362305,0.8619186282157898,0.6294357776641846,0.8619186282157898
227,0.850570559501648,0.6340600252151489,1e-04,0.850570559501648,0.8553779125213623,0.6396697759628296,0.8553779125213623
228,0.8432348966598511,0.6442376375198364,1e-04,0.8432348966598511,0.8655523061752319,0.6218815445899963,0.8655523061752319
229,0.8500271439552307,0.6322887539863586,1e-04,0.8500271439552307,0.8590116500854492,0.6339228749275208,0.8590116500854492
230,0.844865083694458,0.6375876069068909,1e-04,0.844865083694458,0.8564680218696594,0.6466069221496582,0.8564680218696594
231,0.8495743274688721,0.6355643272399902,1e-04,0.8495743274688721,0.8619186282157898,0.6259741187095642,0.8619186282157898
232,0.8487592935562134,0.6403107047080994,1e-04,0.8487592935562134,0.8597383499145508,0.6371813416481018,0.8597383499145508
233,0.8534685969352722,0.6255037784576416,1e-04,0.8534685969352722,0.8651889562606812,0.6238110661506653,0.8651889562606812
234,0.8468574285507202,0.6380008459091187,1e-04,0.8468574285507202,0.8680959343910217,0.6230049729347229,0.8680959343910217
235,0.850932776927948,0.6322207450866699,1e-04,0.850932776927948,0.8597383499145508,0.6379436254501343,0.8597383499145508
236,0.8446839451789856,0.6364645957946777,1e-04,0.8446839451789856,0.8604651093482971,0.6290162801742554,0.8604651093482971
237,0.8530157804489136,0.6315340399742126,1e-04,0.8530157804489136,0.8644621968269348,0.630882978439331,0.8644621968269348
238,0.8531968593597412,0.6339014172554016,1e-04,0.8531968593597412,0.8571947813034058,0.6381223201751709,0.8571947813034058
239,0.8526535034179688,0.623415470123291,1e-04,0.8526535034179688,0.8619186282157898,0.6275349259376526,0.8619186282157898
240,0.8493932485580444,0.6320631504058838,1e-04,0.8493932485580444,0.8590116500854492,0.6294831037521362,0.8590116500854492
241,0.8516573309898376,0.6248796582221985,1e-04,0.8516573309898376,0.8513808250427246,0.6373307704925537,0.8513808250427246
242,0.8464046120643616,0.6383419632911682,1e-04,0.8464046120643616,0.8608284592628479,0.6258875131607056,0.8608284592628479
243,0.8517478704452515,0.6255988478660583,1e-04,0.8517478704452515,0.8644621968269348,0.6304624080657959,0.8644621968269348
244,0.8513855934143066,0.6319240927696228,1e-04,0.8513855934143066,0.8542878031730652,0.6380804181098938,0.8542878031730652
245,0.8522006869316101,0.6264510154724121,1e-04,0.8522006869316101,0.8568313717842102,0.6461703777313232,0.8568313717842102
246,0.8522006869316101,0.6231909394264221,1e-04,0.8522006869316101,0.8622819781303406,0.6324914693832397,0.8622819781303406
247,0.8502988815307617,0.6249638795852661,1e-04,0.8502988815307617,0.8633720874786377,0.6240746974945068,0.8633720874786377
248,0.8517478704452515,0.6301719546318054,1e-04,0.8517478704452515,0.8615552186965942,0.6310608983039856,0.8615552186965942
249,0.8546459078788757,0.6228910684585571,1e-04,0.8546459078788757,0.859375,0.6303678750991821,0.859375
250,0.8510233759880066,0.6293178796768188,1e-04,0.8510233759880066,0.8717296719551086,0.619773268699646,0.8717296719551086
251,0.8493932485580444,0.6284765601158142,1e-04,0.8493932485580444,0.8608284592628479,0.6316863894462585,0.8608284592628479
252,0.8524723649024963,0.6261822581291199,1e-04,0.8524723649024963,0.8608284592628479,0.6336212158203125,0.8608284592628479
253,0.8548270463943481,0.6210558414459229,1e-04,0.8548270463943481,0.867732584476471,0.6172003149986267,0.867732584476471
254,0.8533779978752136,0.630988359451294,1e-04,0.8533779978752136,0.8670058250427246,0.6264466643333435,0.8670058250427246
255,0.8526535034179688,0.6221895813941956,1e-04,0.8526535034179688,0.8662790656089783,0.6208674907684326,0.8662790656089783
256,0.8520195484161377,0.6161937713623047,1e-04,0.8520195484161377,0.8695493936538696,0.6254590153694153,0.8695493936538696
257,0.852925181388855,0.6261858940124512,1e-04,0.852925181388855,0.8688226938247681,0.6204566359519958,0.8688226938247681
258,0.8516573309898376,0.6251228451728821,1e-04,0.8516573309898376,0.8684592843055725,0.6251150369644165,0.8684592843055725
259,0.8583589792251587,0.6139640212059021,1e-04,0.8583589792251587,0.8528342843055725,0.6454380750656128,0.8528342843055725
260,0.8532874584197998,0.624136745929718,1e-04,0.8532874584197998,0.8626453280448914,0.6234958171844482,0.8626453280448914
261,0.852925181388855,0.6215217113494873,1e-04,0.852925181388855,0.8644621968269348,0.6215596199035645,0.8644621968269348
262,0.8524723649024963,0.6212490200996399,1e-04,0.8524723649024963,0.8655523061752319,0.6218248605728149,0.8655523061752319
263,0.8559137582778931,0.6183421611785889,1e-04,0.8559137582778931,0.8630087375640869,0.6211413145065308,0.8630087375640869
264,0.8528346419334412,0.621500551700592,1e-04,0.8528346419334412,0.8713662624359131,0.6154515743255615,0.8713662624359131
265,0.8557326793670654,0.6217325329780579,1e-04,0.8557326793670654,0.8710029125213623,0.6176380515098572,0.8710029125213623
266,0.851566731929779,0.6230161190032959,1e-04,0.851566731929779,0.8713662624359131,0.6107693314552307,0.8713662624359131
267,0.8585401177406311,0.6163357496261597,1e-04,0.8585401177406311,0.870276153087616,0.6167521476745605,0.870276153087616
268,0.8586306571960449,0.6179314255714417,1e-04,0.8586306571960449,0.8590116500854492,0.6313973069190979,0.8590116500854492
269,0.8598080277442932,0.6122411489486694,1e-04,0.8598080277442932,0.8648256063461304,0.6243338584899902,0.8648256063461304
270,0.8490309715270996,0.6273261904716492,1e-04,0.8490309715270996,0.8728197813034058,0.61537104845047,0.8728197813034058
271,0.8543742299079895,0.6202473044395447,1e-04,0.8543742299079895,0.870276153087616,0.6165065169334412,0.870276153087616
272,0.8556420803070068,0.6197543144226074,1e-04,0.8556420803070068,0.8724563717842102,0.613490641117096,0.8724563717842102
273,0.8579061627388,0.6147431135177612,1e-04,0.8579061627388,0.8670058250427246,0.6179983019828796,0.8670058250427246
274,0.8563665747642517,0.6148959994316101,1e-04,0.8563665747642517,0.870276153087616,0.6169072389602661,0.870276153087616
275,0.8579967617988586,0.6146671772003174,1e-04,0.8579967617988586,0.867732584476471,0.6176940202713013,0.867732584476471
276,0.8601702451705933,0.6129124760627747,1e-04,0.8601702451705933,0.8630087375640869,0.62557053565979,0.8630087375640869
277,0.8571816682815552,0.6161397695541382,1e-04,0.8571816682815552,0.8662790656089783,0.6177811622619629,0.8662790656089783
278,0.8512950539588928,0.620477020740509,1e-04,0.8512950539588928,0.8680959343910217,0.6215571165084839,0.8680959343910217
279,0.8643361926078796,0.6041681170463562,1e-04,0.8643361926078796,0.8644621968269348,0.6219003796577454,0.8644621968269348
280,0.8516573309898376,0.618473470211029,1e-04,0.8516573309898376,0.8699128031730652,0.6168836951255798,0.8699128031730652
281,0.8595362901687622,0.6123539805412292,1e-04,0.8595362901687622,0.864098846912384,0.6263225078582764,0.864098846912384
282,0.857272207736969,0.6116307973861694,1e-04,0.857272207736969,0.8622819781303406,0.6240999698638916,0.8622819781303406
283,0.8588117957115173,0.6144711971282959,1e-04,0.8588117957115173,0.8739098906517029,0.6114645004272461,0.8739098906517029
284,0.8579967617988586,0.6146277785301208,1e-04,0.8579967617988586,0.8724563717842102,0.6115657091140747,0.8724563717842102
285,0.8587212562561035,0.6112553477287292,1e-04,0.8587212562561035,0.8633720874786377,0.6268205642700195,0.8633720874786377
286,0.861257016658783,0.6081547141075134,1e-04,0.861257016658783,0.8670058250427246,0.6195333003997803,0.8670058250427246
287,0.8585401177406311,0.6118342876434326,1e-04,0.8585401177406311,0.8720930218696594,0.6165427565574646,0.8720930218696594
288,0.854917585849762,0.617650032043457,1e-04,0.854917585849762,0.8753633499145508,0.6027166843414307,0.8753633499145508
289,0.8559137582778931,0.6181223392486572,1e-04,0.8559137582778931,0.8775436282157898,0.6045986413955688,0.8775436282157898
290,0.8616192936897278,0.6096177697181702,1e-04,0.8616192936897278,0.8753633499145508,0.610880434513092,0.8753633499145508
291,0.8659663200378418,0.6086035966873169,1e-04,0.8659663200378418,0.867732584476471,0.619467556476593,0.867732584476471
292,0.8586306571960449,0.6096049547195435,1e-04,0.8586306571960449,0.8710029125213623,0.6137535572052002,0.8710029125213623
293,0.8597174286842346,0.6099486351013184,1e-04,0.8597174286842346,0.8680959343910217,0.6159018874168396,0.8680959343910217
294,0.8609853386878967,0.608824610710144,1e-04,0.8609853386878967,0.8706395626068115,0.6040470600128174,0.8706395626068115
295,0.8585401177406311,0.6094415187835693,1e-04,0.8585401177406311,0.8695493936538696,0.6088240146636963,0.8695493936538696
296,0.8590834736824036,0.6115855574607849,1e-04,0.8590834736824036,0.8713662624359131,0.611501157283783,0.8713662624359131
297,0.8594457507133484,0.6074970364570618,1e-04,0.8594457507133484,0.8637354373931885,0.6255156993865967,0.8637354373931885
298,0.8616192936897278,0.6081194877624512,1e-04,0.8616192936897278,0.8699128031730652,0.6129313707351685,0.8699128031730652
299,0.8632494211196899,0.6034598350524902,1e-04,0.8632494211196899,0.870276153087616,0.6169260144233704,0.870276153087616
300,0.8649700880050659,0.6002641916275024,1e-04,0.8649700880050659,0.8742732405662537,0.6126218438148499,0.8742732405662537
301,0.8597174286842346,0.6080334186553955,1e-04,0.8597174286842346,0.8710029125213623,0.6099929809570312,0.8710029125213623
302,0.8657851815223694,0.5980291962623596,1e-04,0.8657851815223694,0.8728197813034058,0.6126253008842468,0.8728197813034058
303,0.8607136607170105,0.5976327061653137,1e-04,0.8607136607170105,0.8789970874786377,0.6042407751083374,0.8789970874786377
304,0.861257016658783,0.6078459620475769,1e-04,0.861257016658783,0.8720930218696594,0.6119117736816406,0.8720930218696594
305,0.8652418255805969,0.6002967953681946,1e-04,0.8652418255805969,0.8757267594337463,0.6164615750312805,0.8757267594337463
306,0.8655135035514832,0.5986177921295166,1e-04,0.8655135035514832,0.8655523061752319,0.6191582083702087,0.8655523061752319
307,0.861890971660614,0.6010459065437317,1e-04,0.861890971660614,0.8746366500854492,0.6113156080245972,0.8746366500854492
308,0.8648795485496521,0.5981942415237427,1e-04,0.8648795485496521,0.8746366500854492,0.6123365759849548,0.8746366500854492
309,0.8594457507133484,0.6129217147827148,1e-04,0.8594457507133484,0.875,0.6041750311851501,0.875
310,0.8615286946296692,0.6072925329208374,1e-04,0.8615286946296692,0.8691860437393188,0.6089315414428711,0.8691860437393188
311,0.8663285374641418,0.5972126126289368,1e-04,0.8663285374641418,0.8731831312179565,0.6099493503570557,0.8731831312179565
312,0.8665096759796143,0.5978862643241882,1e-04,0.8665096759796143,0.8742732405662537,0.611376941204071,0.8742732405662537
313,0.8621626496315002,0.6026948690414429,1e-04,0.8621626496315002,0.8622819781303406,0.6404646039009094,0.8622819781303406
314,0.8602608442306519,0.6083152294158936,1e-04,0.8602608442306519,0.8695493936538696,0.6213365197181702,0.8695493936538696
315,0.8618003726005554,0.6014648079872131,1e-04,0.8618003726005554,0.8724563717842102,0.6162641048431396,0.8724563717842102
316,0.8616192936897278,0.6022867560386658,1e-04,0.8616192936897278,0.8735465407371521,0.6082088947296143,0.8735465407371521
317,0.8630682826042175,0.5914126634597778,1e-04,0.8630682826042175,0.8789970874786377,0.5968222618103027,0.8789970874786377
318,0.865604043006897,0.5951992869377136,1e-04,0.865604043006897,0.8739098906517029,0.6065515875816345,0.8739098906517029
319,0.865604043006897,0.5951589345932007,1e-04,0.865604043006897,0.8731831312179565,0.6093266010284424,0.8731831312179565
320,0.867596447467804,0.5926340818405151,1e-04,0.867596447467804,0.8633720874786377,0.6275618076324463,0.8633720874786377
321,0.8650606870651245,0.6018490195274353,1e-04,0.8650606870651245,0.8622819781303406,0.6386223435401917,0.8622819781303406
322,0.8656946420669556,0.5940456390380859,1e-04,0.8656946420669556,0.8793604373931885,0.6012403964996338,0.8793604373931885
323,0.8648795485496521,0.5976445078849792,1e-04,0.8648795485496521,0.8713662624359131,0.6081416010856628,0.8713662624359131
324,0.8717623353004456,0.5921051502227783,1e-04,0.8717623353004456,0.8793604373931885,0.600570797920227,0.8793604373931885
325,0.868230402469635,0.5938542485237122,1e-04,0.868230402469635,0.8735465407371521,0.6048181653022766,0.8735465407371521
326,0.8672341704368591,0.5939875841140747,1e-04,0.8672341704368591,0.8753633499145508,0.6074795126914978,0.8753633499145508
327,0.8669624924659729,0.595608651638031,1e-04,0.8669624924659729,0.8739098906517029,0.6085346341133118,0.8739098906517029
328,0.86361163854599,0.595733106136322,1e-04,0.86361163854599,0.8746366500854492,0.6028445363044739,0.8746366500854492
329,0.8678681254386902,0.5854108333587646,1e-04,0.8678681254386902,0.8655523061752319,0.6258032321929932,0.8655523061752319
330,0.8697699904441833,0.5865858793258667,1e-04,0.8697699904441833,0.866642415523529,0.6241665482521057,0.866642415523529
331,0.8651512265205383,0.5927652716636658,1e-04,0.8651512265205383,0.8648256063461304,0.6247396469116211,0.8648256063461304
332,0.8674153089523315,0.5940616726875305,1e-04,0.8674153089523315,0.8731831312179565,0.6111116409301758,0.8731831312179565
333,0.868230402469635,0.5921850204467773,1e-04,0.868230402469635,0.8811773061752319,0.5946859121322632,0.8811773061752319
334,0.8613475561141968,0.6030105948448181,1e-04,0.8613475561141968,0.8760901093482971,0.618358314037323,0.8760901093482971
335,0.8659663200378418,0.5939983129501343,1e-04,0.8659663200378418,0.8644621968269348,0.6274580359458923,0.8644621968269348
336,0.8658757209777832,0.5908793807029724,1e-04,0.8658757209777832,0.8684592843055725,0.6156467795372009,0.8684592843055725
337,0.8707661628723145,0.5916267037391663,1e-04,0.8707661628723145,0.8637354373931885,0.6255066394805908,0.8637354373931885
338,0.867596447467804,0.5888826847076416,1e-04,0.867596447467804,0.8670058250427246,0.6321551203727722,0.8670058250427246
339,0.8714906573295593,0.5855811834335327,1e-04,0.8714906573295593,0.8840842843055725,0.5976178646087646,0.8840842843055725
340,0.8675059080123901,0.5904470086097717,1e-04,0.8675059080123901,0.8717296719551086,0.6146436929702759,0.8717296719551086
341,0.8701322078704834,0.5884073972702026,1e-04,0.8701322078704834,0.8800871968269348,0.595793604850769,0.8800871968269348
342,0.8690454363822937,0.5822936296463013,1e-04,0.8690454363822937,0.8757267594337463,0.5997690558433533,0.8757267594337463
343,0.8742981553077698,0.5840935111045837,1e-04,0.8742981553077698,0.8713662624359131,0.6130081415176392,0.8713662624359131
344,0.8687737584114075,0.5874825119972229,1e-04,0.8687737584114075,0.8757267594337463,0.6086388826370239,0.8757267594337463
345,0.867596447467804,0.5916604995727539,1e-04,0.867596447467804,0.882267415523529,0.5968600511550903,0.882267415523529
346,0.8694077134132385,0.5872279405593872,1e-04,0.8694077134132385,0.8786337375640869,0.6021763682365417,0.8786337375640869
347,0.8699421882629395,0.58548903465271,1e-04,0.8699421882629395,0.8815407156944275,0.5995786190032959,0.8815407156944275
348,0.8722151517868042,0.5866276621818542,1e-04,0.8722151517868042,0.8862645626068115,0.594454288482666,0.8862645626068115
349,0.8714001178741455,0.5865587592124939,1e-04,0.8714001178741455,0.8793604373931885,0.5990279316902161,0.8793604373931885
350,0.8716717958450317,0.5830907821655273,1e-04,0.8716717958450317,0.8768168687820435,0.6073405742645264,0.8768168687820435
351,0.8714001178741455,0.5864312648773193,1e-04,0.8714001178741455,0.8728197813034058,0.6075807213783264,0.8728197813034058
352,0.8733925223350525,0.5788092017173767,1e-04,0.8733925223350525,0.8793604373931885,0.5949373245239258,0.8793604373931885
353,0.8742981553077698,0.5815261006355286,1e-04,0.8742981553077698,0.8735465407371521,0.6058839559555054,0.8735465407371521
354,0.8704038858413696,0.5846050381660461,1e-04,0.8704038858413696,0.8680959343910217,0.6281147599220276,0.8680959343910217
355,0.8690454363822937,0.5874037742614746,1e-04,0.8690454363822937,0.8837209343910217,0.594782292842865,0.8837209343910217
356,0.8690454363822937,0.5882894992828369,1e-04,0.8690454363822937,0.883357584476471,0.5902755260467529,0.883357584476471
357,0.8730302453041077,0.5818018913269043,1e-04,0.8730302453041077,0.875,0.6084699630737305,0.875
358,0.8713095188140869,0.5802132487297058,1e-04,0.8713095188140869,0.8768168687820435,0.6095685958862305,0.8768168687820435
359,0.8704944849014282,0.5869256854057312,1e-04,0.8704944849014282,0.8815407156944275,0.5985260605812073,0.8815407156944275
360,0.870585024356842,0.5823341608047485,1e-04,0.870585024356842,0.8891715407371521,0.5881925821304321,0.8891715407371521
361,0.8759282827377319,0.5774264335632324,1e-04,0.8759282827377319,0.8804506063461304,0.6049444675445557,0.8804506063461304
362,0.8722151517868042,0.5861248970031738,1e-04,0.8722151517868042,0.8648256063461304,0.6273361444473267,0.8648256063461304
363,0.876924455165863,0.5775436162948608,1e-04,0.876924455165863,0.8789970874786377,0.5976993441581726,0.8789970874786377
364,0.8720340728759766,0.5785091519355774,1e-04,0.8720340728759766,0.8793604373931885,0.5870330929756165,0.8793604373931885
365,0.8777395486831665,0.5715872645378113,1e-04,0.8777395486831665,0.8826308250427246,0.5935163497924805,0.8826308250427246
366,0.8715812563896179,0.5796809196472168,1e-04,0.8715812563896179,0.8837209343910217,0.5952443480491638,0.8837209343910217
367,0.8733019232749939,0.5759938359260559,1e-04,0.8733019232749939,0.8720930218696594,0.6110712289810181,0.8720930218696594
368,0.8713095188140869,0.5752644538879395,1e-04,0.8713095188140869,0.8768168687820435,0.5974609851837158,0.8768168687820435
369,0.8781923651695251,0.5737322568893433,1e-04,0.8781923651695251,0.8837209343910217,0.5863268375396729,0.8837209343910217
370,0.8752943277359009,0.5724034309387207,1e-04,0.8752943277359009,0.8866279125213623,0.5909562110900879,0.8866279125213623
371,0.8738453388214111,0.5723657608032227,1e-04,0.8738453388214111,0.8804506063461304,0.5956418514251709,0.8804506063461304
372,0.8774678707122803,0.5688206553459167,1e-04,0.8774678707122803,0.8764534592628479,0.6020021438598633,0.8764534592628479
373,0.876562237739563,0.574155330657959,1e-04,0.876562237739563,0.8826308250427246,0.5903869271278381,0.8826308250427246
374,0.8768339157104492,0.5759091973304749,1e-04,0.8768339157104492,0.8800871968269348,0.6084372401237488,0.8800871968269348
375,0.8752943277359009,0.5779883861541748,1e-04,0.8752943277359009,0.8826308250427246,0.5959993600845337,0.8826308250427246
376,0.8752037882804871,0.5681653618812561,1e-04,0.8752037882804871,0.8811773061752319,0.5870655179023743,0.8811773061752319
377,0.8742981553077698,0.5798236727714539,1e-04,0.8742981553077698,0.866642415523529,0.6244840621948242,0.866642415523529
378,0.8691360354423523,0.5820839405059814,1e-04,0.8691360354423523,0.8808139562606812,0.5922582149505615,0.8808139562606812
379,0.8800036311149597,0.5700365900993347,1e-04,0.8800036311149597,0.8760901093482971,0.6041158437728882,0.8760901093482971
380,0.8767433166503906,0.5780641436576843,1e-04,0.8767433166503906,0.8789970874786377,0.5963774919509888,0.8789970874786377
381,0.8808186650276184,0.5693709254264832,1e-04,0.8808186650276184,0.8862645626068115,0.5923749208450317,0.8862645626068115
382,0.8747509717941284,0.5746005773544312,1e-04,0.8747509717941284,0.883357584476471,0.5937204360961914,0.883357584476471
383,0.8788263201713562,0.5672462582588196,1e-04,0.8788263201713562,0.8699128031730652,0.6197839975357056,0.8699128031730652
384,0.8744792342185974,0.5825840830802917,1e-04,0.8744792342185974,0.8873546719551086,0.5840461254119873,0.8873546719551086
385,0.8733019232749939,0.575914204120636,1e-04,0.8733019232749939,0.8898982405662537,0.5795318484306335,0.8898982405662537
386,0.8781017661094666,0.5660495758056641,1e-04,0.8781017661094666,0.8888081312179565,0.5857582688331604,0.8888081312179565
387,0.8776489496231079,0.5686513781547546,1e-04,0.8776489496231079,0.8808139562606812,0.5923513174057007,0.8808139562606812
388,0.8714001178741455,0.5837754011154175,1e-04,0.8714001178741455,0.8840842843055725,0.5885013937950134,0.8840842843055725
389,0.8764716386795044,0.5728706121444702,1e-04,0.8764716386795044,0.8920784592628479,0.5888444185256958,0.8920784592628479
390,0.8814526200294495,0.560602605342865,1e-04,0.8814526200294495,0.8851743936538696,0.5979993939399719,0.8851743936538696
391,0.8775584101676941,0.5688633918762207,1e-04,0.8775584101676941,0.8829941749572754,0.5964504480361938,0.8829941749572754
392,0.8830827474594116,0.5566372871398926,1e-04,0.8830827474594116,0.8946220874786377,0.583453893661499,0.8946220874786377
393,0.8819054365158081,0.5667594075202942,1e-04,0.8819054365158081,0.8851743936538696,0.5910244584083557,0.8851743936538696
394,0.8790073990821838,0.5693901777267456,1e-04,0.8790073990821838,0.8880813717842102,0.5880914330482483,0.8880813717842102
395,0.8805469870567322,0.5628024935722351,1e-04,0.8805469870567322,0.8869912624359131,0.5850009322166443,0.8869912624359131
396,0.8788263201713562,0.5651767253875732,1e-04,0.8788263201713562,0.8746366500854492,0.6108562350273132,0.8746366500854492
397,0.8766527771949768,0.571226954460144,1e-04,0.8766527771949768,0.8880813717842102,0.5873863101005554,0.8880813717842102
398,0.8804564476013184,0.5611858367919922,1e-04,0.8804564476013184,0.8888081312179565,0.5934192538261414,0.8888081312179565
399,0.8837167024612427,0.5552259087562561,1e-04,0.8837167024612427,0.8844476938247681,0.5854812860488892,0.8844476938247681
400,0.8754754662513733,0.5738913416862488,1e-04,0.8754754662513733,0.8808139562606812,0.5932672023773193,0.8808139562606812
401,0.880909264087677,0.563332200050354,1e-04,0.880909264087677,0.8895348906517029,0.5903447866439819,0.8895348906517029
402,0.8803658485412598,0.5654351115226746,1e-04,0.8803658485412598,0.8826308250427246,0.5988345742225647,0.8826308250427246
403,0.8821771144866943,0.5614297986030579,1e-04,0.8821771144866943,0.8811773061752319,0.5909888744354248,0.8811773061752319
404,0.8798224925994873,0.5683289766311646,1e-04,0.8798224925994873,0.8909883499145508,0.5810244083404541,0.8909883499145508
405,0.8805469870567322,0.563130259513855,1e-04,0.8805469870567322,0.8920784592628479,0.5848037600517273,0.8920784592628479
406,0.8780112266540527,0.5605972409248352,1e-04,0.8780112266540527,0.8819040656089783,0.5945690870285034,0.8819040656089783
407,0.8742075562477112,0.5661538243293762,1e-04,0.8742075562477112,0.8866279125213623,0.5853859186172485,0.8866279125213623
408,0.8805469870567322,0.5638920664787292,1e-04,0.8805469870567322,0.8884447813034058,0.5969733595848083,0.8884447813034058
409,0.8777395486831665,0.570671558380127,1e-04,0.8777395486831665,0.8884447813034058,0.5878300070762634,0.8884447813034058
410,0.8830827474594116,0.557440459728241,1e-04,0.8830827474594116,0.8862645626068115,0.596889078617096,0.8862645626068115
411,0.8813620805740356,0.5619862675666809,1e-04,0.8813620805740356,0.8731831312179565,0.6063991189002991,0.8731831312179565
412,0.8814526200294495,0.5605912208557129,1e-04,0.8814526200294495,0.885901153087616,0.5905042290687561,0.885901153087616
413,0.8790073990821838,0.5613803863525391,1e-04,0.8790073990821838,0.8851743936538696,0.5956272482872009,0.8851743936538696
414,0.8803658485412598,0.5649517774581909,1e-04,0.8803658485412598,0.8862645626068115,0.5853384733200073,0.8862645626068115
415,0.8833544850349426,0.5570805072784424,1e-04,0.8833544850349426,0.8826308250427246,0.5941595435142517,0.8826308250427246
416,0.8796413540840149,0.5624035000801086,1e-04,0.8796413540840149,0.8779069781303406,0.6039637327194214,0.8779069781303406
417,0.8800036311149597,0.5594547390937805,1e-04,0.8800036311149597,0.8888081312179565,0.5803738236427307,0.8888081312179565
418,0.8836261630058289,0.5578728318214417,1e-04,0.8836261630058289,0.8771802186965942,0.6109804511070251,0.8771802186965942
419,0.880909264087677,0.5597463250160217,1e-04,0.880909264087677,0.8895348906517029,0.5796437859535217,0.8895348906517029
420,0.8845317959785461,0.5592940449714661,1e-04,0.8845317959785461,0.885901153087616,0.588126540184021,0.885901153087616
421,0.8885165452957153,0.5516362190246582,1e-04,0.8885165452957153,0.8811773061752319,0.5960298776626587,0.8811773061752319
422,0.8785545825958252,0.5597001314163208,1e-04,0.8785545825958252,0.882267415523529,0.5924208760261536,0.882267415523529
423,0.8860713839530945,0.5499329566955566,1e-04,0.8860713839530945,0.8888081312179565,0.5914401412010193,0.8888081312179565
424,0.8857996463775635,0.5540502667427063,1e-04,0.8857996463775635,0.8873546719551086,0.5851300954818726,0.8873546719551086
425,0.8842601180076599,0.5568926930427551,1e-04,0.8842601180076599,0.8826308250427246,0.5964994430541992,0.8826308250427246
426,0.8851657509803772,0.5506508946418762,1e-04,0.8851657509803772,0.8851743936538696,0.5892866849899292,0.8851743936538696
427,0.8830827474594116,0.5566523671150208,1e-04,0.8830827474594116,0.8873546719551086,0.5819142460823059,0.8873546719551086
428,0.8858902454376221,0.5521740317344666,1e-04,0.8858902454376221,0.882267415523529,0.5921741127967834,0.882267415523529
429,0.8865242004394531,0.5502024292945862,1e-04,0.8865242004394531,0.8884447813034058,0.5828437209129333,0.8884447813034058
430,0.8796413540840149,0.5638787746429443,1e-04,0.8796413540840149,0.8880813717842102,0.5891244411468506,0.8880813717842102
431,0.8845317959785461,0.5553629398345947,1e-04,0.8845317959785461,0.8840842843055725,0.5993494391441345,0.8840842843055725
432,0.8845317959785461,0.5521635413169861,1e-04,0.8845317959785461,0.8877180218696594,0.5895313620567322,0.8877180218696594
433,0.8816337585449219,0.5503876805305481,1e-04,0.8816337585449219,0.8789970874786377,0.5969168543815613,0.8789970874786377
434,0.8877015113830566,0.5491331815719604,1e-04,0.8877015113830566,0.8880813717842102,0.5923246741294861,0.8880813717842102
435,0.8867052793502808,0.5528627634048462,1e-04,0.8867052793502808,0.8855378031730652,0.5870527625083923,0.8855378031730652
436,0.8874298334121704,0.5512769818305969,1e-04,0.8874298334121704,0.8793604373931885,0.592096209526062,0.8793604373931885
437,0.8857091069221497,0.5563984513282776,1e-04,0.8857091069221497,0.8699128031730652,0.6305665969848633,0.8699128031730652
438,0.889241099357605,0.5476123094558716,1e-04,0.889241099357605,0.8880813717842102,0.5806908011436462,0.8880813717842102
439,0.8854374289512634,0.5456499457359314,1e-04,0.8854374289512634,0.8829941749572754,0.591064453125,0.8829941749572754
440,0.8916862607002258,0.5438683032989502,1e-04,0.8916862607002258,0.8928052186965942,0.5823165774345398,0.8928052186965942
441,0.8847129344940186,0.5564135909080505,1e-04,0.8847129344940186,0.8942587375640869,0.580554187297821,0.8942587375640869
442,0.8874298334121704,0.5492631196975708,1e-04,0.8874298334121704,0.8753633499145508,0.6055956482887268,0.8753633499145508
443,0.8883354663848877,0.547992467880249,1e-04,0.8883354663848877,0.8898982405662537,0.5834915637969971,0.8898982405662537
444,0.8907806277275085,0.5441253185272217,1e-04,0.8907806277275085,0.8866279125213623,0.5867999196052551,0.8866279125213623
445,0.8880637288093567,0.5458801984786987,1e-04,0.8880637288093567,0.8862645626068115,0.5807544589042664,0.8862645626068115
446,0.8874298334121704,0.5474608540534973,1e-04,0.8874298334121704,0.8917151093482971,0.5810110569000244,0.8917151093482971
447,0.891595721244812,0.5458109378814697,1e-04,0.891595721244812,0.8928052186965942,0.582840621471405,0.8928052186965942
448,0.8845317959785461,0.5548062920570374,1e-04,0.8845317959785461,0.8826308250427246,0.6023622751235962,0.8826308250427246
449,0.8862524628639221,0.5507233142852783,1e-04,0.8862524628639221,0.8873546719551086,0.5863662958145142,0.8873546719551086
450,0.8848940134048462,0.5481113195419312,1e-04,0.8848940134048462,0.8931686282157898,0.579791247844696,0.8931686282157898
451,0.8886976838111877,0.5401344895362854,1e-04,0.8886976838111877,0.8855378031730652,0.5798965692520142,0.8855378031730652
452,0.8901467323303223,0.5421615242958069,1e-04,0.8901467323303223,0.870276153087616,0.6260314583778381,0.870276153087616
453,0.8858902454376221,0.5483654737472534,1e-04,0.8858902454376221,0.8866279125213623,0.5833480954170227,0.8866279125213623
454,0.8887882828712463,0.545258641242981,1e-04,0.8887882828712463,0.8920784592628479,0.5732824802398682,0.8920784592628479
455,0.8921390771865845,0.5397815108299255,1e-04,0.8921390771865845,0.8819040656089783,0.6006736755371094,0.8819040656089783
456,0.8897844552993774,0.5421720147132874,1e-04,0.8897844552993774,0.8742732405662537,0.6228798031806946,0.8742732405662537
457,0.8925013542175293,0.5448724627494812,1e-04,0.8925013542175293,0.8637354373931885,0.6387516260147095,0.8637354373931885
458,0.8870675563812256,0.5481298565864563,1e-04,0.8870675563812256,0.8873546719551086,0.5844589471817017,0.8873546719551086
459,0.8896939158439636,0.5436791777610779,1e-04,0.8896939158439636,0.8946220874786377,0.5682669281959534,0.8946220874786377
460,0.8907806277275085,0.5387560725212097,1e-04,0.8907806277275085,0.8971657156944275,0.5694801211357117,0.8971657156944275
461,0.887248694896698,0.5399377346038818,1e-04,0.887248694896698,0.8884447813034058,0.5936855673789978,0.8884447813034058
462,0.8863430619239807,0.5488539338111877,1e-04,0.8863430619239807,0.8975290656089783,0.5670190453529358,0.8975290656089783
463,0.8906900882720947,0.5380409359931946,1e-04,0.8906900882720947,0.8891715407371521,0.5795229077339172,0.8891715407371521
464,0.8911429047584534,0.5383931994438171,1e-04,0.8911429047584534,0.8869912624359131,0.5867224931716919,0.8869912624359131
465,0.8905089497566223,0.5432182550430298,1e-04,0.8905089497566223,0.8975290656089783,0.568331778049469,0.8975290656089783
466,0.889603316783905,0.5451043248176575,1e-04,0.889603316783905,0.8931686282157898,0.5778283476829529,0.8931686282157898
467,0.8912334442138672,0.5353955030441284,1e-04,0.8912334442138672,0.8920784592628479,0.5794795155525208,0.8920784592628479
468,0.8912334442138672,0.5422733426094055,1e-04,0.8912334442138672,0.8898982405662537,0.5819169878959656,0.8898982405662537
469,0.8900561332702637,0.5414275527000427,1e-04,0.8900561332702637,0.8800871968269348,0.6051443815231323,0.8800871968269348
470,0.8954899311065674,0.5344430804252625,1e-04,0.8954899311065674,0.8920784592628479,0.5771669149398804,0.8920784592628479
471,0.8842601180076599,0.5424157381057739,1e-04,0.8842601180076599,0.8946220874786377,0.5759384036064148,0.8946220874786377
472,0.8944937586784363,0.5304682850837708,1e-04,0.8944937586784363,0.8855378031730652,0.590384304523468,0.8855378031730652
473,0.8925013542175293,0.538680374622345,1e-04,0.8925013542175293,0.8902616500854492,0.5809862613677979,0.8902616500854492
474,0.895580530166626,0.531136691570282,1e-04,0.895580530166626,0.8895348906517029,0.5820457935333252,0.8895348906517029
475,0.8902372717857361,0.541661262512207,1e-04,0.8902372717857361,0.8986191749572754,0.5652602314949036,0.8986191749572754
476,0.8927730321884155,0.5345951318740845,1e-04,0.8927730321884155,0.8913517594337463,0.5783560276031494,0.8913517594337463
477,0.8912334442138672,0.5368584990501404,1e-04,0.8912334442138672,0.8895348906517029,0.576726496219635,0.8895348906517029
478,0.8945842981338501,0.5399475693702698,1e-04,0.8945842981338501,0.8931686282157898,0.5775747895240784,0.8931686282157898
479,0.8919579982757568,0.5339747667312622,1e-04,0.8919579982757568,0.8768168687820435,0.605212926864624,0.8768168687820435
480,0.8930447101593018,0.53619384765625,1e-04,0.8930447101593018,0.8895348906517029,0.5772692561149597,0.8895348906517029
481,0.8975728750228882,0.5314995646476746,1e-04,0.8975728750228882,0.8898982405662537,0.5840423107147217,0.8898982405662537
482,0.8916862607002258,0.5361289978027344,1e-04,0.8916862607002258,0.8924418687820435,0.5699716210365295,0.8924418687820435
483,0.8954899311065674,0.5297681093215942,1e-04,0.8954899311065674,0.8928052186965942,0.5779863595962524,0.8928052186965942
484,0.8952182531356812,0.532365083694458,1e-04,0.8952182531356812,0.8891715407371521,0.5762804746627808,0.8891715407371521
485,0.8913240432739258,0.5360132455825806,1e-04,0.8913240432739258,0.8909883499145508,0.571857213973999,0.8909883499145508
486,0.8915051817893982,0.534224808216095,1e-04,0.8915051817893982,0.8964389562606812,0.5685758590698242,0.8964389562606812
487,0.8923202157020569,0.5323823690414429,1e-04,0.8923202157020569,0.8880813717842102,0.5867856740951538,0.8880813717842102
488,0.8934975266456604,0.5342788696289062,1e-04,0.8934975266456604,0.8964389562606812,0.5725030303001404,0.8964389562606812
489,0.8960333466529846,0.532952606678009,1e-04,0.8960333466529846,0.8891715407371521,0.5825038552284241,0.8891715407371521
490,0.8956710696220398,0.5379830002784729,1e-04,0.8956710696220398,0.8898982405662537,0.5750573873519897,0.8898982405662537
491,0.8910523653030396,0.5374111533164978,1e-04,0.8910523653030396,0.8971657156944275,0.5623081922531128,0.8971657156944275
492,0.8961238861083984,0.5265734791755676,1e-04,0.8961238861083984,0.8946220874786377,0.5735341906547546,0.8946220874786377
493,0.8952182531356812,0.5303050875663757,1e-04,0.8952182531356812,0.8898982405662537,0.5759897232055664,0.8898982405662537
494,0.8994747400283813,0.5254597067832947,1e-04,0.8994747400283813,0.8913517594337463,0.5807652473449707,0.8913517594337463
495,0.8963955640792847,0.5243259072303772,1e-04,0.8963955640792847,0.895348846912384,0.5672970414161682,0.895348846912384
496,0.8968483805656433,0.5305594801902771,1e-04,0.8968483805656433,0.895348846912384,0.5774335861206055,0.895348846912384
497,0.8940409421920776,0.5343385934829712,1e-04,0.8940409421920776,0.8786337375640869,0.5959754586219788,0.8786337375640869
498,0.89422208070755,0.5319903492927551,1e-04,0.89422208070755,0.8946220874786377,0.5665234327316284,0.8946220874786377
499,0.8948559761047363,0.5237591862678528,1e-04,0.8948559761047363,0.8964389562606812,0.5750566124916077,0.8964389562606812
500,0.8945842981338501,0.5309563279151917,1e-04,0.8945842981338501,0.882267415523529,0.5959466695785522,0.882267415523529
501,0.8931353092193604,0.5317544937133789,1e-04,0.8931353092193604,0.8917151093482971,0.5690261125564575,0.8917151093482971
502,0.8977540135383606,0.5265795588493347,1e-04,0.8977540135383606,0.8942587375640869,0.5679665207862854,0.8942587375640869
503,0.8961238861083984,0.5279026031494141,1e-04,0.8961238861083984,0.898982584476471,0.5603740811347961,0.898982584476471
504,0.8970295190811157,0.529786229133606,1e-04,0.8970295190811157,0.8964389562606812,0.5730921030044556,0.8964389562606812
505,0.89992755651474,0.5260343551635742,1e-04,0.89992755651474,0.8960756063461304,0.5674576163291931,0.8960756063461304
506,0.8972106575965881,0.5234712362289429,1e-04,0.8972106575965881,0.8931686282157898,0.5713176727294922,0.8931686282157898
507,0.8925918936729431,0.5352961421012878,1e-04,0.8925918936729431,0.8949854373931885,0.5727399587631226,0.8949854373931885
508,0.8976634740829468,0.5245786309242249,1e-04,0.8976634740829468,0.8960756063461304,0.5724241733551025,0.8960756063461304
509,0.8969389796257019,0.526943027973175,1e-04,0.8969389796257019,0.8913517594337463,0.5770120024681091,0.8913517594337463
510,0.895942747592926,0.5246443748474121,1e-04,0.895942747592926,0.8826308250427246,0.6004372239112854,0.8826308250427246
511,0.8991124629974365,0.5270630121231079,1e-04,0.8991124629974365,0.8895348906517029,0.5799497365951538,0.8895348906517029
512,0.8980256915092468,0.5245332717895508,1e-04,0.8980256915092468,0.8971657156944275,0.5665859580039978,0.8971657156944275
513,0.8968483805656433,0.5242119431495667,1e-04,0.8968483805656433,0.8775436282157898,0.6005603075027466,0.8775436282157898
514,0.9027349948883057,0.516913115978241,1e-04,0.9027349948883057,0.8909883499145508,0.5744494199752808,0.8909883499145508
515,0.8972106575965881,0.522964358329773,1e-04,0.8972106575965881,0.8935319781303406,0.5660472512245178,0.8935319781303406
516,0.8970295190811157,0.5185516476631165,1e-04,0.8970295190811157,0.8880813717842102,0.5780968070030212,0.8880813717842102
517,0.9007425904273987,0.5217131972312927,1e-04,0.9007425904273987,0.8928052186965942,0.5787798166275024,0.8928052186965942
518,0.8964861631393433,0.5239884853363037,1e-04,0.8964861631393433,0.8891715407371521,0.579059362411499,0.8891715407371521
519,0.9030066728591919,0.5167457461357117,1e-04,0.9030066728591919,0.8891715407371521,0.5763026475906372,0.8891715407371521
520,0.9008331894874573,0.519172728061676,1e-04,0.9008331894874573,0.8913517594337463,0.5757908821105957,0.8913517594337463
521,0.8975728750228882,0.5237572193145752,1e-04,0.8975728750228882,0.8891715407371521,0.5707195401191711,0.8891715407371521
522,0.90028977394104,0.5171903371810913,1e-04,0.90028977394104,0.897892415523529,0.5641443729400635,0.897892415523529
523,0.9038217663764954,0.511126697063446,1e-04,0.9038217663764954,0.8909883499145508,0.5673738718032837,0.8909883499145508
524,0.9043651223182678,0.5145449638366699,1e-04,0.9043651223182678,0.8964389562606812,0.5643926858901978,0.8964389562606812
525,0.8993841409683228,0.5145077109336853,1e-04,0.8993841409683228,0.8902616500854492,0.5722551345825195,0.8902616500854492
526,0.8983879685401917,0.523332417011261,1e-04,0.8983879685401917,0.8844476938247681,0.58662348985672,0.8844476938247681
527,0.8956710696220398,0.5281379818916321,1e-04,0.8956710696220398,0.8909883499145508,0.5737096667289734,0.8909883499145508
528,0.9039123058319092,0.5153355598449707,1e-04,0.9039123058319092,0.882267415523529,0.5917715430259705,0.882267415523529
529,0.9021916389465332,0.5135283470153809,1e-04,0.9021916389465332,0.8949854373931885,0.5750804543495178,0.8949854373931885
530,0.9004709124565125,0.5202283263206482,1e-04,0.9004709124565125,0.8917151093482971,0.578141987323761,0.8917151093482971
531,0.8986596465110779,0.5173722505569458,1e-04,0.8986596465110779,0.8928052186965942,0.5717321038246155,0.8928052186965942
532,0.8982068300247192,0.5233771204948425,1e-04,0.8982068300247192,0.8924418687820435,0.5720645785331726,0.8924418687820435
533,0.9018293619155884,0.5196625590324402,1e-04,0.9018293619155884,0.8884447813034058,0.5894255638122559,0.8884447813034058
534,0.8987502455711365,0.5187229514122009,1e-04,0.8987502455711365,0.8938953280448914,0.5618194937705994,0.8938953280448914
535,0.8996558785438538,0.5140939354896545,1e-04,0.8996558785438538,0.8986191749572754,0.5668620467185974,0.8986191749572754
536,0.8989313244819641,0.5159281492233276,1e-04,0.8989313244819641,0.8960756063461304,0.5693058371543884,0.8960756063461304
537,0.9047273993492126,0.5106452107429504,1e-04,0.9047273993492126,0.8826308250427246,0.6003299355506897,0.8826308250427246
538,0.9021916389465332,0.5132541060447693,1e-04,0.9021916389465332,0.8909883499145508,0.5785963535308838,0.8909883499145508
539,0.9021010398864746,0.5142917633056641,1e-04,0.9021010398864746,0.8779069781303406,0.616106390953064,0.8779069781303406
540,0.9044557213783264,0.5079652070999146,1e-04,0.9044557213783264,0.8982558250427246,0.5661693215370178,0.8982558250427246
541,0.9021916389465332,0.5132880210876465,1e-04,0.9021916389465332,0.8949854373931885,0.5749289393424988,0.8949854373931885
542,0.9026444554328918,0.5113579034805298,1e-04,0.9026444554328918,0.8924418687820435,0.574578046798706,0.8924418687820435
543,0.8993841409683228,0.5167725086212158,1e-04,0.8993841409683228,0.8808139562606812,0.6045553088188171,0.8808139562606812
544,0.9014671444892883,0.5174411535263062,1e-04,0.9014671444892883,0.895348846912384,0.5715859532356262,0.895348846912384
545,0.9039123058319092,0.510805606842041,1e-04,0.9039123058319092,0.8935319781303406,0.5789694786071777,0.8935319781303406
546,0.9011954069137573,0.5126296877861023,1e-04,0.9011954069137573,0.8909883499145508,0.5748549699783325,0.8909883499145508
547,0.9047273993492126,0.5107756853103638,1e-04,0.9047273993492126,0.8993459343910217,0.5697057843208313,0.8993459343910217
548,0.9050896763801575,0.508823573589325,1e-04,0.9050896763801575,0.890625,0.5869913101196289,0.890625
549,0.9028255939483643,0.5095230340957642,1e-04,0.9028255939483643,0.9033430218696594,0.5553188920021057,0.9033430218696594
550,0.9080782532691956,0.5054016709327698,1e-04,0.9080782532691956,0.8913517594337463,0.5789217352867126,0.8913517594337463
551,0.8949465751647949,0.52631014585495,1e-04,0.8949465751647949,0.8960756063461304,0.5608504414558411,0.8960756063461304
552,0.9059047102928162,0.5030331015586853,1e-04,0.9059047102928162,0.8880813717842102,0.5975077152252197,0.8880813717842102
553,0.9001086950302124,0.5171281099319458,1e-04,0.9001086950302124,0.8920784592628479,0.5779672861099243,0.8920784592628479
554,0.9020105004310608,0.5082927346229553,1e-04,0.9020105004310608,0.897892415523529,0.564787745475769,0.897892415523529
555,0.9054518938064575,0.5107178092002869,1e-04,0.9054518938064575,0.8975290656089783,0.5558689832687378,0.8975290656089783
556,0.9027349948883057,0.5121809244155884,1e-04,0.9027349948883057,0.8909883499145508,0.5851454734802246,0.8909883499145508
557,0.9033689498901367,0.5071185231208801,1e-04,0.9033689498901367,0.8964389562606812,0.5814225673675537,0.8964389562606812
558,0.9059953093528748,0.5031357407569885,1e-04,0.9059953093528748,0.8869912624359131,0.5863717794418335,0.8869912624359131
559,0.9057235717773438,0.5074126720428467,1e-04,0.9057235717773438,0.8920784592628479,0.5850676894187927,0.8920784592628479
560,0.9068103432655334,0.5061230063438416,1e-04,0.9068103432655334,0.8942587375640869,0.5737393498420715,0.8942587375640869
561,0.9040029048919678,0.5065485239028931,1e-04,0.9040029048919678,0.9022529125213623,0.5691381692886353,0.9022529125213623
562,0.9028255939483643,0.5104585289955139,1e-04,0.9028255939483643,0.8902616500854492,0.5814964175224304,0.8902616500854492
563,0.9025538563728333,0.5118692517280579,1e-04,0.9025538563728333,0.8873546719551086,0.5849785208702087,0.8873546719551086
564,0.9034594893455505,0.5077534914016724,1e-04,0.9034594893455505,0.8942587375640869,0.5716920495033264,0.8942587375640869
565,0.9088027477264404,0.5009211897850037,1e-04,0.9088027477264404,0.8949854373931885,0.5703815817832947,0.8949854373931885
566,0.9070820212364197,0.5022115707397461,1e-04,0.9070820212364197,0.9026162624359131,0.5557208061218262,0.9026162624359131
567,0.9065386652946472,0.5044769048690796,1e-04,0.9065386652946472,0.8920784592628479,0.5779298543930054,0.8920784592628479
568,0.9053613543510437,0.5002731084823608,1e-04,0.9053613543510437,0.8975290656089783,0.5682294368743896,0.8975290656089783
569,0.9059953093528748,0.5008265376091003,1e-04,0.9059953093528748,0.8946220874786377,0.5707746148109436,0.8946220874786377
570,0.9037312269210815,0.5064786076545715,1e-04,0.9037312269210815,0.901526153087616,0.5589685440063477,0.901526153087616
571,0.907987654209137,0.49569979310035706,1e-04,0.907987654209137,0.9026162624359131,0.5534913539886475,0.9026162624359131
572,0.904274582862854,0.5076935887336731,1e-04,0.904274582862854,0.8960756063461304,0.5673065185546875,0.8960756063461304
573,0.9054518938064575,0.505115807056427,1e-04,0.9054518938064575,0.9044331312179565,0.5497189164161682,0.9044331312179565
574,0.9088027477264404,0.49942049384117126,1e-04,0.9088027477264404,0.898982584476471,0.5658294558525085,0.898982584476471
575,0.9049990773200989,0.5054269433021545,1e-04,0.9049990773200989,0.8942587375640869,0.5714590549468994,0.8942587375640869
576,0.9103423357009888,0.5013871788978577,1e-04,0.9103423357009888,0.9004360437393188,0.5549395084381104,0.9004360437393188
577,0.9049085378646851,0.5045746564865112,1e-04,0.9049085378646851,0.8942587375640869,0.5746790766716003,0.8942587375640869
578,0.9081687927246094,0.5006425380706787,1e-04,0.9081687927246094,0.8909883499145508,0.5789281725883484,0.8909883499145508
579,0.9089838862419128,0.49683815240859985,1e-04,0.9089838862419128,0.8957121968269348,0.5635704398155212,0.8957121968269348
580,0.9087122082710266,0.5021446347236633,1e-04,0.9087122082710266,0.8888081312179565,0.5935330390930176,0.8888081312179565
581,0.9083499312400818,0.5026445984840393,1e-04,0.9083499312400818,0.8928052186965942,0.5738729238510132,0.8928052186965942
582,0.9107045531272888,0.49925780296325684,1e-04,0.9107045531272888,0.8938953280448914,0.5664271712303162,0.8938953280448914
583,0.9063575267791748,0.5032933354377747,1e-04,0.9063575267791748,0.8891715407371521,0.5763551592826843,0.8891715407371521
584,0.9096178412437439,0.500343382358551,1e-04,0.9096178412437439,0.8949854373931885,0.5721914768218994,0.8949854373931885
585,0.9102517366409302,0.49920952320098877,1e-04,0.9102517366409302,0.9018895626068115,0.5542719960212708,0.9018895626068115
586,0.9072631597518921,0.5057612061500549,1e-04,0.9072631597518921,0.8895348906517029,0.5729424953460693,0.8895348906517029
587,0.9074442982673645,0.4998740255832672,1e-04,0.9074442982673645,0.895348846912384,0.5736300945281982,0.895348846912384
588,0.9072631597518921,0.5021913647651672,1e-04,0.9072631597518921,0.895348846912384,0.5738810896873474,0.895348846912384
589,0.9078065752983093,0.505757212638855,1e-04,0.9078065752983093,0.8855378031730652,0.5996891856193542,0.8855378031730652
590,0.911247968673706,0.49887949228286743,1e-04,0.911247968673706,0.8982558250427246,0.5557342171669006,0.8982558250427246
591,0.9069914817810059,0.5004794597625732,1e-04,0.9069914817810059,0.8880813717842102,0.5758422017097473,0.8880813717842102
592,0.9094367027282715,0.49312520027160645,1e-04,0.9094367027282715,0.8960756063461304,0.5710160732269287,0.8960756063461304
593,0.9077159762382507,0.4970436990261078,1e-04,0.9077159762382507,0.8971657156944275,0.5578604340553284,0.8971657156944275
594,0.9110668301582336,0.49002334475517273,1e-04,0.9110668301582336,0.8968023061752319,0.5674562454223633,0.8968023061752319
595,0.9051802158355713,0.5040832757949829,1e-04,0.9051802158355713,0.8789970874786377,0.6032915711402893,0.8789970874786377
596,0.9094367027282715,0.5009796619415283,1e-04,0.9094367027282715,0.8815407156944275,0.5990728735923767,0.8815407156944275
597,0.9073537588119507,0.4997235834598541,1e-04,0.9073537588119507,0.8964389562606812,0.5683873295783997,0.8964389562606812
598,0.910614013671875,0.5004861354827881,1e-04,0.910614013671875,0.895348846912384,0.5769806504249573,0.895348846912384
599,0.9097989201545715,0.4973827600479126,1e-04,0.9097989201545715,0.8986191749572754,0.5615168809890747,0.8986191749572754
600,0.9116101861000061,0.4954327940940857,1e-04,0.9116101861000061,0.9037063717842102,0.560602605342865,0.9037063717842102
601,0.9120630025863647,0.4919009208679199,1e-04,0.9120630025863647,0.8851743936538696,0.5862434506416321,0.8851743936538696
602,0.906629204750061,0.49974900484085083,1e-04,0.906629204750061,0.8960756063461304,0.5654783844947815,0.8960756063461304
603,0.9100706577301025,0.49640780687332153,1e-04,0.9100706577301025,0.8935319781303406,0.5812761783599854,0.8935319781303406
604,0.911247968673706,0.4929911196231842,1e-04,0.911247968673706,0.9037063717842102,0.5560296773910522,0.9037063717842102
605,0.9107951521873474,0.4921332895755768,1e-04,0.9107951521873474,0.895348846912384,0.5677423477172852,0.895348846912384
606,0.9092555642127991,0.49565163254737854,1e-04,0.9092555642127991,0.897892415523529,0.5564044117927551,0.897892415523529
607,0.9088027477264404,0.4943366050720215,1e-04,0.9088027477264404,0.9022529125213623,0.5618046522140503,0.9022529125213623
608,0.9096178412437439,0.49077895283699036,1e-04,0.9096178412437439,0.8971657156944275,0.564570963382721,0.8971657156944275
609,0.9091650247573853,0.49436837434768677,1e-04,0.9091650247573853,0.8971657156944275,0.5633946061134338,0.8971657156944275
610,0.9110668301582336,0.48990076780319214,1e-04,0.9110668301582336,0.8964389562606812,0.5696892738342285,0.8964389562606812
611,0.9147799015045166,0.48325449228286743,1e-04,0.9147799015045166,0.8764534592628479,0.6138539910316467,0.8764534592628479
612,0.9115196466445923,0.48852628469467163,1e-04,0.9115196466445923,0.8902616500854492,0.5892195701599121,0.8902616500854492
613,0.9105234742164612,0.4884091317653656,1e-04,0.9105234742164612,0.8971657156944275,0.5666295886039734,0.8971657156944275
614,0.912968635559082,0.4932957887649536,1e-04,0.912968635559082,0.8957121968269348,0.5729754567146301,0.8957121968269348
615,0.9091650247573853,0.49456721544265747,1e-04,0.9091650247573853,0.8913517594337463,0.5774786472320557,0.8913517594337463
616,0.9104328751564026,0.490967333316803,1e-04,0.9104328751564026,0.8895348906517029,0.5806525945663452,0.8895348906517029
617,0.9135120511054993,0.4889189898967743,1e-04,0.9135120511054993,0.8888081312179565,0.5741689205169678,0.8888081312179565
618,0.9135120511054993,0.4932699203491211,1e-04,0.9135120511054993,0.8971657156944275,0.5671113729476929,0.8971657156944275
619,0.9097989201545715,0.49404042959213257,1e-04,0.9097989201545715,0.8851743936538696,0.6160706877708435,0.8851743936538696
620,0.911247968673706,0.4905731976032257,1e-04,0.911247968673706,0.8913517594337463,0.5790275931358337,0.8913517594337463
621,0.9045462608337402,0.5016359090805054,1e-04,0.9045462608337402,0.9004360437393188,0.5569186806678772,0.9004360437393188
622,0.9111573696136475,0.4876793622970581,1e-04,0.9111573696136475,0.8997092843055725,0.5702518224716187,0.8997092843055725
623,0.9127875566482544,0.4886903762817383,1e-04,0.9127875566482544,0.8764534592628479,0.607867956161499,0.8764534592628479
624,0.9090744256973267,0.4889850914478302,1e-04,0.9090744256973267,0.9007993936538696,0.5590153336524963,0.9007993936538696
625,0.9120630025863647,0.49113816022872925,1e-04,0.9120630025863647,0.9018895626068115,0.5595144033432007,0.9018895626068115
626,0.9131497740745544,0.48792168498039246,1e-04,0.9131497740745544,0.8986191749572754,0.5634704828262329,0.8986191749572754
627,0.9160478115081787,0.4815361499786377,1e-04,0.9160478115081787,0.9037063717842102,0.551758885383606,0.9037063717842102
628,0.9161383509635925,0.48170024156570435,1e-04,0.9161383509635925,0.8982558250427246,0.5655689239501953,0.8982558250427246
629,0.9148705005645752,0.48309195041656494,1e-04,0.9148705005645752,0.8997092843055725,0.5624380707740784,0.8997092843055725
630,0.9110668301582336,0.4849364757537842,1e-04,0.9110668301582336,0.8971657156944275,0.5654486417770386,0.8971657156944275
631,0.9133309125900269,0.4877386689186096,1e-04,0.9133309125900269,0.8869912624359131,0.5899698734283447,0.8869912624359131
632,0.9122441411018372,0.48097312450408936,1e-04,0.9122441411018372,0.8975290656089783,0.5696937441825867,0.8975290656089783
633,0.9130592346191406,0.48370370268821716,1e-04,0.9130592346191406,0.8902616500854492,0.564884603023529,0.8902616500854492
634,0.9154138565063477,0.48294797539711,1e-04,0.9154138565063477,0.8964389562606812,0.5761849880218506,0.8964389562606812
635,0.9104328751564026,0.4926941692829132,1e-04,0.9104328751564026,0.9000726938247681,0.5550056099891663,0.9000726938247681
636,0.9161383509635925,0.4815635085105896,1e-04,0.9161383509635925,0.8895348906517029,0.598412811756134,0.8895348906517029
637,0.9140554070472717,0.48800966143608093,1e-04,0.9140554070472717,0.8968023061752319,0.5720286965370178,0.8968023061752319
638,0.9130592346191406,0.4869037866592407,1e-04,0.9130592346191406,0.8786337375640869,0.6129135489463806,0.8786337375640869
639,0.9136025905609131,0.4803445041179657,1e-04,0.9136025905609131,0.8982558250427246,0.579652726650238,0.8982558250427246
640,0.914327085018158,0.4813667833805084,1e-04,0.914327085018158,0.8968023061752319,0.5677974820137024,0.8968023061752319
641,0.9198514819145203,0.47206997871398926,1e-04,0.9198514819145203,0.885901153087616,0.6000630855560303,0.885901153087616
642,0.9136931896209717,0.4870399832725525,1e-04,0.9136931896209717,0.8986191749572754,0.5639504790306091,0.8986191749572754
643,0.9174062609672546,0.47982773184776306,1e-04,0.9174062609672546,0.8982558250427246,0.5631714463233948,0.8982558250427246
644,0.9136931896209717,0.477874219417572,1e-04,0.9136931896209717,0.8898982405662537,0.593330979347229,0.8898982405662537
645,0.9131497740745544,0.48286062479019165,1e-04,0.9131497740745544,0.8964389562606812,0.5676016807556152,0.8964389562606812
646,0.9157761335372925,0.48275184631347656,1e-04,0.9157761335372925,0.8957121968269348,0.5848396420478821,0.8957121968269348
647,0.914327085018158,0.48396825790405273,1e-04,0.914327085018158,0.8909883499145508,0.5840330123901367,0.8909883499145508
648,0.9122441411018372,0.48582565784454346,1e-04,0.9122441411018372,0.9000726938247681,0.5706924200057983,0.9000726938247681
649,0.9161383509635925,0.4752700626850128,1e-04,0.9161383509635925,0.8924418687820435,0.5755185484886169,0.8924418687820435
650,0.9178590774536133,0.4791256785392761,1e-04,0.9178590774536133,0.8949854373931885,0.5777914524078369,0.8949854373931885
651,0.9166817665100098,0.48068463802337646,1e-04,0.9166817665100098,0.8982558250427246,0.5830492973327637,0.8982558250427246
652,0.9100706577301025,0.4861689805984497,1e-04,0.9100706577301025,0.8935319781303406,0.5744979977607727,0.8935319781303406
653,0.9164100885391235,0.4785328805446625,1e-04,0.9164100885391235,0.897892415523529,0.5733716487884521,0.897892415523529
654,0.9191269874572754,0.47745954990386963,1e-04,0.9191269874572754,0.9026162624359131,0.5510759353637695,0.9026162624359131
655,0.9165911674499512,0.47912266850471497,1e-04,0.9165911674499512,0.8982558250427246,0.5749202966690063,0.8982558250427246
656,0.9144176840782166,0.4790593087673187,1e-04,0.9144176840782166,0.8909883499145508,0.611645519733429,0.8909883499145508
657,0.9139648675918579,0.4852564036846161,1e-04,0.9139648675918579,0.9007993936538696,0.5543642044067383,0.9007993936538696
658,0.9162289500236511,0.4760128855705261,1e-04,0.9162289500236511,0.8982558250427246,0.5657299160957336,0.8982558250427246
659,0.9148705005645752,0.4783606231212616,1e-04,0.9148705005645752,0.8993459343910217,0.5599057078361511,0.8993459343910217
660,0.9140554070472717,0.4815957546234131,1e-04,0.9140554070472717,0.9011628031730652,0.5568069815635681,0.9011628031730652
661,0.9155044555664062,0.47779372334480286,1e-04,0.9155044555664062,0.8986191749572754,0.5535202622413635,0.8986191749572754
662,0.9179496765136719,0.4768856167793274,1e-04,0.9179496765136719,0.898982584476471,0.5713943243026733,0.898982584476471
663,0.9174968600273132,0.47764232754707336,1e-04,0.9174968600273132,0.895348846912384,0.5795127749443054,0.895348846912384
664,0.9196703433990479,0.47325393557548523,1e-04,0.9196703433990479,0.9073401093482971,0.5503712892532349,0.9073401093482971
665,0.9203948378562927,0.4713045358657837,1e-04,0.9203948378562927,0.8895348906517029,0.6010478138923645,0.8895348906517029
666,0.9153233170509338,0.47783830761909485,1e-04,0.9153233170509338,0.8924418687820435,0.5737521648406982,0.8924418687820435
667,0.9187647104263306,0.4727189838886261,1e-04,0.9187647104263306,0.8968023061752319,0.5821086764335632,0.8968023061752319
668,0.9196703433990479,0.4709457755088806,1e-04,0.9196703433990479,0.898982584476471,0.5683297514915466,0.898982584476471
669,0.9203948378562927,0.47118091583251953,1e-04,0.9203948378562927,0.9022529125213623,0.5623188614845276,0.9022529125213623
670,0.9233834743499756,0.46506625413894653,1e-04,0.9233834743499756,0.8877180218696594,0.6106157898902893,0.8877180218696594
671,0.9153233170509338,0.47693660855293274,1e-04,0.9153233170509338,0.9022529125213623,0.5677935481071472,0.9022529125213623
672,0.9210287928581238,0.46971410512924194,1e-04,0.9210287928581238,0.8993459343910217,0.5706622004508972,0.8993459343910217
673,0.9198514819145203,0.4712675213813782,1e-04,0.9198514819145203,0.8968023061752319,0.5727849006652832,0.8968023061752319
674,0.9161383509635925,0.4791313111782074,1e-04,0.9161383509635925,0.8873546719551086,0.608070969581604,0.8873546719551086
675,0.9185835719108582,0.4674648642539978,1e-04,0.9185835719108582,0.8975290656089783,0.5819618105888367,0.8975290656089783
676,0.9173157215118408,0.47483205795288086,1e-04,0.9173157215118408,0.883357584476471,0.6147966980934143,0.883357584476471
677,0.9160478115081787,0.477938711643219,1e-04,0.9160478115081787,0.8924418687820435,0.5787478089332581,0.8924418687820435
678,0.9191269874572754,0.46621793508529663,1e-04,0.9191269874572754,0.8793604373931885,0.6068602204322815,0.8793604373931885
679,0.9188553094863892,0.47216156125068665,1e-04,0.9188553094863892,0.9055232405662537,0.5471590757369995,0.9055232405662537
680,0.9193081259727478,0.47791576385498047,1e-04,0.9193081259727478,0.898982584476471,0.5670225620269775,0.898982584476471
681,0.9193081259727478,0.46822142601013184,1e-04,0.9193081259727478,0.9007993936538696,0.5669492483139038,0.9007993936538696
682,0.9200326204299927,0.4698658585548401,1e-04,0.9200326204299927,0.8986191749572754,0.5636699795722961,0.8986191749572754
683,0.9200326204299927,0.4704122543334961,1e-04,0.9200326204299927,0.897892415523529,0.5702332854270935,0.897892415523529
684,0.9184930324554443,0.47312942147254944,1e-04,0.9184930324554443,0.9026162624359131,0.5565618872642517,0.9026162624359131
685,0.9193986654281616,0.47176700830459595,1e-04,0.9193986654281616,0.9026162624359131,0.5547817349433899,0.9026162624359131
686,0.9166817665100098,0.47017309069633484,1e-04,0.9166817665100098,0.9037063717842102,0.5556827187538147,0.9037063717842102
687,0.9201231598854065,0.4710363745689392,1e-04,0.9201231598854065,0.8866279125213623,0.6344472169876099,0.8866279125213623
688,0.9184930324554443,0.47040650248527527,1e-04,0.9184930324554443,0.8968023061752319,0.5706656575202942,0.8968023061752319
689,0.9180402159690857,0.47961267828941345,1e-04,0.9180402159690857,0.875,0.6405594348907471,0.875
690,0.9176779389381409,0.4746527075767517,1e-04,0.9176779389381409,0.8986191749572754,0.5761566758155823,0.8986191749572754
691,0.9203042984008789,0.46616309881210327,1e-04,0.9203042984008789,0.8968023061752319,0.5579909682273865,0.8968023061752319
692,0.9207571148872375,0.46714308857917786,1e-04,0.9207571148872375,0.9011628031730652,0.5715311169624329,0.9011628031730652
693,0.9204854369163513,0.46668580174446106,1e-04,0.9204854369163513,0.9007993936538696,0.5708655714988708,0.9007993936538696
694,0.9215137362480164,0.46816274523735046,1e-04,0.9215137362480164,0.9007993936538696,0.5655529499053955,0.9007993936538696
695,0.918945848941803,0.47042614221572876,1e-04,0.918945848941803,0.9037063717842102,0.5575553774833679,0.9037063717842102
696,0.9203042984008789,0.4682563543319702,1e-04,0.9203042984008789,0.9051598906517029,0.5531302690505981,0.9051598906517029
697,0.9179496765136719,0.4725349545478821,1e-04,0.9179496765136719,0.9007993936538696,0.557346761226654,0.9007993936538696
698,0.9197609424591064,0.4650111794471741,1e-04,0.9197609424591064,0.9007993936538696,0.5621179342269897,0.9007993936538696
699,0.9197609424591064,0.47089043259620667,1e-04,0.9197609424591064,0.9069767594337463,0.5492631793022156,0.9069767594337463
700,0.9217532873153687,0.4647410809993744,1e-04,0.9217532873153687,0.9033430218696594,0.560549795627594,0.9033430218696594
701,0.9193081259727478,0.46646419167518616,1e-04,0.9193081259727478,0.8971657156944275,0.5634984970092773,0.8971657156944275
702,0.9193081259727478,0.46493321657180786,1e-04,0.9193081259727478,0.9033430218696594,0.5721979141235352,0.9033430218696594
703,0.9186741709709167,0.4746209979057312,1e-04,0.9186741709709167,0.8917151093482971,0.587580144405365,0.8917151093482971
704,0.9233834743499756,0.461661159992218,1e-04,0.9233834743499756,0.8982558250427246,0.5626229643821716,0.8982558250427246
705,0.9212099313735962,0.4647636115550995,1e-04,0.9212099313735962,0.9066133499145508,0.5628763437271118,0.9066133499145508
706,0.9229306578636169,0.46172040700912476,1e-04,0.9229306578636169,0.890625,0.5814710259437561,0.890625
707,0.9230211973190308,0.46426671743392944,1e-04,0.9230211973190308,0.9011628031730652,0.5678112506866455,0.9011628031730652
708,0.9184024930000305,0.46935543417930603,1e-04,0.9184024930000305,0.9047965407371521,0.5638409852981567,0.9047965407371521
709,0.9233834743499756,0.4618130326271057,1e-04,0.9233834743499756,0.8964389562606812,0.5744799971580505,0.8964389562606812
710,0.9207571148872375,0.4619552791118622,1e-04,0.9207571148872375,0.9040697813034058,0.5582907199859619,0.9040697813034058
711,0.9196703433990479,0.4662032723426819,1e-04,0.9196703433990479,0.9026162624359131,0.5653723478317261,0.9026162624359131
712,0.9234740138053894,0.4624834954738617,1e-04,0.9234740138053894,0.9029796719551086,0.5527392029762268,0.9029796719551086
713,0.9206665754318237,0.4631747007369995,1e-04,0.9206665754318237,0.9037063717842102,0.5699602961540222,0.9037063717842102
714,0.92130047082901,0.46592530608177185,1e-04,0.92130047082901,0.9037063717842102,0.5496046543121338,0.9037063717842102
715,0.9203948378562927,0.46668487787246704,1e-04,0.9203948378562927,0.9004360437393188,0.5639744400978088,0.9004360437393188
716,0.9217532873153687,0.4625195860862732,1e-04,0.9217532873153687,0.8997092843055725,0.5723033547401428,0.8997092843055725
717,0.9238362908363342,0.46452438831329346,1e-04,0.9238362908363342,0.8877180218696594,0.5808190703392029,0.8877180218696594
718,0.9216627478599548,0.46775248646736145,1e-04,0.9216627478599548,0.9066133499145508,0.5648329257965088,0.9066133499145508
719,0.9227495193481445,0.4588192105293274,1e-04,0.9227495193481445,0.9047965407371521,0.5556738376617432,0.9047965407371521
720,0.9234740138053894,0.4563482105731964,1e-04,0.9234740138053894,0.9004360437393188,0.5734266042709351,0.9004360437393188
721,0.923292875289917,0.46011611819267273,1e-04,0.923292875289917,0.898982584476471,0.5779561400413513,0.898982584476471
722,0.9251947402954102,0.45561593770980835,1e-04,0.9251947402954102,0.8946220874786377,0.5853630900382996,0.8946220874786377
723,0.9243796467781067,0.45599326491355896,1e-04,0.9243796467781067,0.8957121968269348,0.5817850232124329,0.8957121968269348
724,0.925919234752655,0.45928069949150085,1e-04,0.925919234752655,0.8971657156944275,0.5842186808586121,0.8971657156944275
725,0.9235645532608032,0.4606892168521881,1e-04,0.9235645532608032,0.9069767594337463,0.5626919269561768,0.9069767594337463
726,0.923292875289917,0.4604949951171875,1e-04,0.923292875289917,0.9022529125213623,0.5620162487030029,0.9022529125213623
727,0.9264625906944275,0.45501387119293213,1e-04,0.9264625906944275,0.9011628031730652,0.5682350397109985,0.9011628031730652
728,0.9219344258308411,0.4680718779563904,1e-04,0.9219344258308411,0.8964389562606812,0.5696146488189697,0.8964389562606812
729,0.9210287928581238,0.4628632068634033,1e-04,0.9210287928581238,0.9033430218696594,0.5648702383041382,0.9033430218696594
730,0.9238362908363342,0.4594201147556305,1e-04,0.9238362908363342,0.8888081312179565,0.5959612727165222,0.8888081312179565
731,0.9213910698890686,0.4582391381263733,1e-04,0.9213910698890686,0.9007993936538696,0.5520829558372498,0.9007993936538696
732,0.92130047082901,0.4604502022266388,1e-04,0.92130047082901,0.9073401093482971,0.5504980087280273,0.9073401093482971
733,0.9265531897544861,0.4561823606491089,1e-04,0.9265531897544861,0.9073401093482971,0.56570965051651,0.9073401093482971
734,0.9264625906944275,0.45876434445381165,1e-04,0.9264625906944275,0.9102470874786377,0.5439485311508179,0.9102470874786377
735,0.923292875289917,0.45353245735168457,1e-04,0.923292875289917,0.9084302186965942,0.5545454621315002,0.9084302186965942
736,0.9235645532608032,0.4545232057571411,1e-04,0.9235645532608032,0.9077034592628479,0.5637662410736084,0.9077034592628479
737,0.9289983510971069,0.44970792531967163,1e-04,0.9289983510971069,0.9044331312179565,0.5720571279525757,0.9044331312179565
738,0.9246513247489929,0.45066478848457336,1e-04,0.9246513247489929,0.8957121968269348,0.593969464302063,0.8957121968269348
739,0.9261909127235413,0.45216652750968933,1e-04,0.9261909127235413,0.8971657156944275,0.590345561504364,0.8971657156944275
740,0.9257380962371826,0.4539443254470825,1e-04,0.9257380962371826,0.90625,0.5643689036369324,0.90625
741,0.9177685379981995,0.4644536077976227,1e-04,0.9177685379981995,0.9106104373931885,0.5486218929290771,0.9106104373931885
742,0.9255569577217102,0.4519633650779724,1e-04,0.9255569577217102,0.9047965407371521,0.5572384595870972,0.9047965407371521
743,0.9241985082626343,0.45315879583358765,1e-04,0.9241985082626343,0.9018895626068115,0.57563316822052,0.9018895626068115
744,0.925919234752655,0.45403796434402466,1e-04,0.925919234752655,0.9077034592628479,0.55153489112854,0.9077034592628479
745,0.9287266731262207,0.44917842745780945,1e-04,0.9287266731262207,0.8982558250427246,0.5870943069458008,0.8982558250427246
746,0.9254664182662964,0.4541052281856537,1e-04,0.9254664182662964,0.9007993936538696,0.5626899003982544,0.9007993936538696
747,0.9245607852935791,0.4518313705921173,1e-04,0.9245607852935791,0.8691860437393188,0.6858459115028381,0.8691860437393188
748,0.9255569577217102,0.453853577375412,1e-04,0.9255569577217102,0.9011628031730652,0.5632635951042175,0.9011628031730652
749,0.9240173697471619,0.4573978781700134,1e-04,0.9240173697471619,0.8902616500854492,0.5811505913734436,0.8902616500854492
750,0.9271870851516724,0.44715139269828796,1e-04,0.9271870851516724,0.898982584476471,0.5804255604743958,0.898982584476471
751,0.9275493621826172,0.4479171633720398,1e-04,0.9275493621826172,0.9018895626068115,0.568947434425354,0.9018895626068115
752,0.9269154071807861,0.4497751295566559,1e-04,0.9269154071807861,0.9058866500854492,0.5645195245742798,0.9058866500854492
753,0.9225683808326721,0.4561794698238373,1e-04,0.9225683808326721,0.901526153087616,0.5623599290847778,0.901526153087616
754,0.9249230027198792,0.45674988627433777,1e-04,0.9249230027198792,0.9095203280448914,0.5656495094299316,0.9095203280448914
755,0.9280927181243896,0.4533943831920624,1e-04,0.9280927181243896,0.9022529125213623,0.5851817727088928,0.9022529125213623
756,0.9234740138053894,0.4564652144908905,1e-04,0.9234740138053894,0.9000726938247681,0.5885988473892212,0.9000726938247681
757,0.9270965456962585,0.4523652195930481,1e-04,0.9270965456962585,0.9084302186965942,0.5588586330413818,0.9084302186965942
758,0.9264625906944275,0.4471248686313629,1e-04,0.9264625906944275,0.9018895626068115,0.5683419704437256,0.9018895626068115
759,0.9241985082626343,0.4563171863555908,1e-04,0.9241985082626343,0.9055232405662537,0.5575652718544006,0.9055232405662537
760,0.9250136017799377,0.45101016759872437,1e-04,0.9250136017799377,0.9018895626068115,0.5749050974845886,0.9018895626068115
761,0.9278210401535034,0.45028674602508545,1e-04,0.9278210401535034,0.9069767594337463,0.559115469455719,0.9069767594337463
762,0.9260097742080688,0.4517974555492401,1e-04,0.9260097742080688,0.9022529125213623,0.5679780840873718,0.9022529125213623
763,0.9289078116416931,0.442690372467041,1e-04,0.9289078116416931,0.9102470874786377,0.5606095790863037,0.9102470874786377
764,0.931624710559845,0.4411029517650604,1e-04,0.931624710559845,0.9037063717842102,0.5757455825805664,0.9037063717842102
765,0.9264625906944275,0.447491854429245,1e-04,0.9264625906944275,0.9080668687820435,0.5531901121139526,0.9080668687820435
766,0.9283644556999207,0.4466252624988556,1e-04,0.9283644556999207,0.9004360437393188,0.5801581740379333,0.9004360437393188
767,0.9289078116416931,0.4459373354911804,1e-04,0.9289078116416931,0.9037063717842102,0.5666198134422302,0.9037063717842102
768,0.9247419238090515,0.4545118510723114,1e-04,0.9247419238090515,0.9073401093482971,0.566105842590332,0.9073401093482971
769,0.9277305006980896,0.4439617097377777,1e-04,0.9277305006980896,0.8913517594337463,0.6018460392951965,0.8913517594337463
770,0.9280927181243896,0.44546595215797424,1e-04,0.9280927181243896,0.8913517594337463,0.5975245237350464,0.8913517594337463
771,0.9306285381317139,0.43899068236351013,1e-04,0.9306285381317139,0.9073401093482971,0.5612298846244812,0.9073401093482971
772,0.927911639213562,0.44556716084480286,1e-04,0.927911639213562,0.90625,0.5563308596611023,0.90625
773,0.9291794896125793,0.44682741165161133,1e-04,0.9291794896125793,0.9051598906517029,0.5642676949501038,0.9051598906517029
774,0.9299039840698242,0.44732239842414856,1e-04,0.9299039840698242,0.9102470874786377,0.571996808052063,0.9102470874786377
775,0.9270060062408447,0.4471167027950287,1e-04,0.9270060062408447,0.90625,0.5543888211250305,0.90625
776,0.9270965456962585,0.4459465742111206,1e-04,0.9270965456962585,0.9044331312179565,0.5634797811508179,0.9044331312179565
777,0.9247419238090515,0.4515644609928131,1e-04,0.9247419238090515,0.901526153087616,0.5737395286560059,0.901526153087616
778,0.929632306098938,0.445502907037735,1e-04,0.929632306098938,0.90625,0.571151614189148,0.90625
779,0.9314435720443726,0.4436917006969452,1e-04,0.9314435720443726,0.9033430218696594,0.5630910396575928,0.9033430218696594
780,0.9295417666435242,0.44231680035591125,1e-04,0.9295417666435242,0.9113371968269348,0.5593020915985107,0.9113371968269348
781,0.9303568005561829,0.44445034861564636,1e-04,0.9303568005561829,0.8960756063461304,0.595943808555603,0.8960756063461304
782,0.9301757216453552,0.4433273673057556,1e-04,0.9301757216453552,0.914607584476471,0.5510756373405457,0.914607584476471
783,0.9318963885307312,0.4419797360897064,1e-04,0.9318963885307312,0.9047965407371521,0.5657367706298828,0.9047965407371521
784,0.9288172721862793,0.44526731967926025,1e-04,0.9288172721862793,0.9095203280448914,0.5673940777778625,0.9095203280448914
785,0.9314435720443726,0.44075900316238403,1e-04,0.9314435720443726,0.9073401093482971,0.5598412156105042,0.9073401093482971
786,0.9329831600189209,0.4414011538028717,1e-04,0.9329831600189209,0.9095203280448914,0.5519498586654663,0.9095203280448914
787,0.930266261100769,0.44131913781166077,1e-04,0.930266261100769,0.9098837375640869,0.5503230690956116,0.9098837375640869
788,0.9328020215034485,0.43830937147140503,1e-04,0.9328020215034485,0.9084302186965942,0.5650209188461304,0.9084302186965942
789,0.933617115020752,0.43930551409721375,1e-04,0.933617115020752,0.9051598906517029,0.574883759021759,0.9051598906517029
790,0.9267342686653137,0.45254552364349365,1e-04,0.9267342686653137,0.9047965407371521,0.5754310488700867,0.9047965407371521
791,0.9286361336708069,0.4408091902732849,1e-04,0.9286361336708069,0.9011628031730652,0.5802011489868164,0.9011628031730652
792,0.9284549951553345,0.44574281573295593,1e-04,0.9284549951553345,0.8986191749572754,0.5893522500991821,0.8986191749572754
793,0.9333454370498657,0.4363836944103241,1e-04,0.9333454370498657,0.9077034592628479,0.5687362551689148,0.9077034592628479
794,0.9318058490753174,0.440705806016922,1e-04,0.9318058490753174,0.9022529125213623,0.5615159869194031,0.9022529125213623
795,0.9308096170425415,0.44023415446281433,1e-04,0.9308096170425415,0.8957121968269348,0.5932105779647827,0.8957121968269348
796,0.9299945831298828,0.4423334300518036,1e-04,0.9299945831298828,0.9055232405662537,0.5534657835960388,0.9055232405662537
797,0.9299039840698242,0.43778136372566223,1e-04,0.9299039840698242,0.9069767594337463,0.5601136088371277,0.9069767594337463
798,0.9333454370498657,0.43714016675949097,1e-04,0.9333454370498657,0.9080668687820435,0.5647003650665283,0.9080668687820435
799,0.9305379390716553,0.4359220862388611,1e-04,0.9305379390716553,0.8997092843055725,0.5838608741760254,0.8997092843055725
800,0.9308096170425415,0.43533438444137573,1e-04,0.9308096170425415,0.901526153087616,0.5673556923866272,0.901526153087616
801,0.9309002161026001,0.44193390011787415,1e-04,0.9309002161026001,0.9037063717842102,0.5759729743003845,0.9037063717842102
802,0.9323492050170898,0.43609619140625,1e-04,0.9323492050170898,0.9029796719551086,0.575756847858429,0.9029796719551086
803,0.9338887929916382,0.43526771664619446,1e-04,0.9338887929916382,0.9095203280448914,0.5478903651237488,0.9095203280448914
804,0.9283644556999207,0.4425889253616333,1e-04,0.9283644556999207,0.9073401093482971,0.5619207620620728,0.9073401093482971
805,0.9297229051589966,0.44063565135002136,1e-04,0.9297229051589966,0.8975290656089783,0.6216798424720764,0.8975290656089783
806,0.9321680665016174,0.4396407902240753,1e-04,0.9321680665016174,0.9047965407371521,0.571755051612854,0.9047965407371521
807,0.9309002161026001,0.4416297376155853,1e-04,0.9309002161026001,0.90625,0.5533580780029297,0.90625
808,0.9337982535362244,0.4315755367279053,1e-04,0.9337982535362244,0.9080668687820435,0.564338743686676,0.9080668687820435
809,0.9319869875907898,0.4349902868270874,1e-04,0.9319869875907898,0.9033430218696594,0.5990421175956726,0.9033430218696594
810,0.9285455346107483,0.44488438963890076,1e-04,0.9285455346107483,0.8957121968269348,0.5829887986183167,0.8957121968269348
811,0.9364245533943176,0.43215978145599365,1e-04,0.9364245533943176,0.9069767594337463,0.55726158618927,0.9069767594337463
812,0.9292700886726379,0.43772977590560913,1e-04,0.9292700886726379,0.9073401093482971,0.5630624294281006,0.9073401093482971
813,0.9332548379898071,0.4386926591396332,1e-04,0.9332548379898071,0.9044331312179565,0.5764971971511841,0.9044331312179565
814,0.9315341711044312,0.440206378698349,1e-04,0.9315341711044312,0.9127907156944275,0.5398345589637756,0.9127907156944275
815,0.9345227479934692,0.4357054829597473,1e-04,0.9345227479934692,0.8935319781303406,0.6106720566749573,0.8935319781303406
816,0.9323492050170898,0.4350492060184479,1e-04,0.9323492050170898,0.9018895626068115,0.5643541812896729,0.9018895626068115
817,0.9376924633979797,0.430867463350296,1e-04,0.9376924633979797,0.9011628031730652,0.5876938104629517,0.9011628031730652
818,0.9360623359680176,0.4269932508468628,1e-04,0.9360623359680176,0.9091569781303406,0.5639021992683411,0.9091569781303406
819,0.933979332447052,0.4335692524909973,1e-04,0.933979332447052,0.9066133499145508,0.571933388710022,0.9066133499145508
820,0.9348849654197693,0.4332130253314972,1e-04,0.9348849654197693,0.9098837375640869,0.5574618577957153,0.9098837375640869
821,0.9308096170425415,0.4426591992378235,1e-04,0.9308096170425415,0.897892415523529,0.5922864675521851,0.897892415523529
822,0.9356095194816589,0.4310729205608368,1e-04,0.9356095194816589,0.9047965407371521,0.577258288860321,0.9047965407371521
823,0.9323492050170898,0.434329628944397,1e-04,0.9323492050170898,0.9091569781303406,0.551064670085907,0.9091569781303406
824,0.9337076544761658,0.4312599301338196,1e-04,0.9337076544761658,0.9047965407371521,0.5790718793869019,0.9047965407371521
825,0.933617115020752,0.43616601824760437,1e-04,0.933617115020752,0.9037063717842102,0.5735042691230774,0.9037063717842102
826,0.9349755644798279,0.4341481029987335,1e-04,0.9349755644798279,0.9058866500854492,0.5684431791305542,0.9058866500854492
827,0.9300851225852966,0.4376080334186554,1e-04,0.9300851225852966,0.8957121968269348,0.6120827198028564,0.8957121968269348
828,0.9362434148788452,0.4304622411727905,1e-04,0.9362434148788452,0.8993459343910217,0.5799092650413513,0.8993459343910217
829,0.9328926205635071,0.4351757764816284,1e-04,0.9328926205635071,0.9095203280448914,0.5502749085426331,0.9095203280448914
830,0.9373301863670349,0.42871981859207153,1e-04,0.9373301863670349,0.9058866500854492,0.5561349391937256,0.9058866500854492
831,0.9366962313652039,0.4344709813594818,1e-04,0.9366962313652039,0.897892415523529,0.5936093330383301,0.897892415523529
832,0.9347944259643555,0.4328424334526062,1e-04,0.9347944259643555,0.9102470874786377,0.5496396422386169,0.9102470874786377
833,0.9348849654197693,0.4295358657836914,1e-04,0.9348849654197693,0.9084302186965942,0.5545368790626526,0.9084302186965942
834,0.9354283809661865,0.42900756001472473,1e-04,0.9354283809661865,0.9073401093482971,0.5596051216125488,0.9073401093482971
835,0.9340699315071106,0.4298149347305298,1e-04,0.9340699315071106,0.9066133499145508,0.5578434467315674,0.9066133499145508
836,0.9328926205635071,0.4299253225326538,1e-04,0.9328926205635071,0.9051598906517029,0.5663550496101379,0.9051598906517029
837,0.9357000589370728,0.4308995008468628,1e-04,0.9357000589370728,0.9058866500854492,0.5525100827217102,0.9058866500854492
838,0.9303568005561829,0.4427765905857086,1e-04,0.9303568005561829,0.913517415523529,0.5461412668228149,0.913517415523529
839,0.9333454370498657,0.43435049057006836,1e-04,0.9333454370498657,0.9047965407371521,0.5615857243537903,0.9047965407371521
840,0.9329831600189209,0.43690261244773865,1e-04,0.9329831600189209,0.9047965407371521,0.5608922839164734,0.9047965407371521
841,0.9364245533943176,0.4281977713108063,1e-04,0.9364245533943176,0.9138808250427246,0.5514007210731506,0.9138808250427246
842,0.9349755644798279,0.42899957299232483,1e-04,0.9349755644798279,0.9080668687820435,0.5596722960472107,0.9080668687820435
843,0.9349755644798279,0.426760733127594,1e-04,0.9349755644798279,0.9077034592628479,0.5648521780967712,0.9077034592628479
844,0.9341604709625244,0.4309001564979553,1e-04,0.9341604709625244,0.898982584476471,0.5899728536605835,0.898982584476471
845,0.9355189204216003,0.4252804219722748,1e-04,0.9355189204216003,0.9026162624359131,0.5808298587799072,0.9026162624359131
846,0.9375113248825073,0.4264722764492035,1e-04,0.9375113248825073,0.8949854373931885,0.5962243676185608,0.8949854373931885
847,0.9320775270462036,0.4364325702190399,1e-04,0.9320775270462036,0.9077034592628479,0.5606184005737305,0.9077034592628479
848,0.9388697743415833,0.42200756072998047,1e-04,0.9388697743415833,0.9131540656089783,0.5392740964889526,0.9131540656089783
849,0.9352472424507141,0.4286850690841675,1e-04,0.9352472424507141,0.9124273061752319,0.5395333766937256,0.9124273061752319
850,0.9394131302833557,0.42129063606262207,1e-04,0.9394131302833557,0.9095203280448914,0.5526619553565979,0.9095203280448914
851,0.9358811974525452,0.42395657300949097,1e-04,0.9358811974525452,0.9102470874786377,0.5471126437187195,0.9102470874786377
852,0.9347944259643555,0.42650341987609863,1e-04,0.9347944259643555,0.9131540656089783,0.5413129329681396,0.9131540656089783
853,0.9352472424507141,0.42638617753982544,1e-04,0.9352472424507141,0.9051598906517029,0.5706304311752319,0.9051598906517029
854,0.9369679689407349,0.4223271906375885,1e-04,0.9369679689407349,0.9117006063461304,0.5422428846359253,0.9117006063461304
855,0.9385074973106384,0.4254310131072998,1e-04,0.9385074973106384,0.910973846912384,0.5571996569633484,0.910973846912384
856,0.9373301863670349,0.42684873938560486,1e-04,0.9373301863670349,0.9098837375640869,0.5632729530334473,0.9098837375640869
857,0.9378736019134521,0.4285675883293152,1e-04,0.9378736019134521,0.9153342843055725,0.5458608865737915,0.9153342843055725
858,0.9347944259643555,0.4250946342945099,1e-04,0.9347944259643555,0.9073401093482971,0.5707971453666687,0.9073401093482971
859,0.9357000589370728,0.42729416489601135,1e-04,0.9357000589370728,0.9098837375640869,0.5516722202301025,0.9098837375640869
860,0.9388697743415833,0.42074596881866455,1e-04,0.9388697743415833,0.9127907156944275,0.5605301856994629,0.9127907156944275
861,0.9364245533943176,0.4257015585899353,1e-04,0.9364245533943176,0.9131540656089783,0.5477012991905212,0.9131540656089783
862,0.939956545829773,0.4196048974990845,1e-04,0.939956545829773,0.8993459343910217,0.5947729349136353,0.8993459343910217
863,0.9345227479934692,0.43118390440940857,1e-04,0.9345227479934692,0.9138808250427246,0.5537834763526917,0.9138808250427246
864,0.9343416094779968,0.4259110689163208,1e-04,0.9343416094779968,0.9066133499145508,0.5718594789505005,0.9066133499145508
865,0.9356095194816589,0.4245549738407135,1e-04,0.9356095194816589,0.9080668687820435,0.5570127367973328,0.9080668687820435
866,0.9338887929916382,0.4324135482311249,1e-04,0.9338887929916382,0.9164243936538696,0.5511618852615356,0.9164243936538696
867,0.9367868304252625,0.4243493974208832,1e-04,0.9367868304252625,0.9138808250427246,0.5520131587982178,0.9138808250427246
868,0.9370585083961487,0.42685917019844055,1e-04,0.9370585083961487,0.9040697813034058,0.5855903029441833,0.9040697813034058
869,0.9367868304252625,0.42335134744644165,1e-04,0.9367868304252625,0.9124273061752319,0.5544989109039307,0.9124273061752319
870,0.9374207854270935,0.42578983306884766,1e-04,0.9374207854270935,0.9073401093482971,0.5773088335990906,0.9073401093482971
871,0.9392320513725281,0.42379194498062134,1e-04,0.9392320513725281,0.910973846912384,0.551471471786499,0.910973846912384
872,0.9387792348861694,0.42293664813041687,1e-04,0.9387792348861694,0.913517415523529,0.5634955763816833,0.913517415523529
873,0.9389603137969971,0.4171885848045349,1e-04,0.9389603137969971,0.9091569781303406,0.5653435587882996,0.9091569781303406
874,0.9432168006896973,0.41279685497283936,1e-04,0.9432168006896973,0.9029796719551086,0.5639477372169495,0.9029796719551086
875,0.9353377819061279,0.42456284165382385,1e-04,0.9353377819061279,0.9113371968269348,0.5651841759681702,0.9113371968269348
876,0.9368773698806763,0.4301448166370392,1e-04,0.9368773698806763,0.9000726938247681,0.611706554889679,0.9000726938247681
877,0.9407715797424316,0.41827887296676636,1e-04,0.9407715797424316,0.9102470874786377,0.5526260733604431,0.9102470874786377
878,0.9348849654197693,0.4306562840938568,1e-04,0.9348849654197693,0.9069767594337463,0.5876086950302124,0.9069767594337463
879,0.9375113248825073,0.4221000373363495,1e-04,0.9375113248825073,0.9047965407371521,0.5681195259094238,0.9047965407371521
880,0.9431262612342834,0.4135046601295471,1e-04,0.9431262612342834,0.901526153087616,0.5812442898750305,0.901526153087616
881,0.9406810402870178,0.42094942927360535,1e-04,0.9406810402870178,0.9066133499145508,0.5625123977661133,0.9066133499145508
882,0.9369679689407349,0.4207458794116974,1e-04,0.9369679689407349,0.9127907156944275,0.5594872236251831,0.9127907156944275
883,0.9382358193397522,0.4209029972553253,1e-04,0.9382358193397522,0.9106104373931885,0.556922972202301,0.9106104373931885
884,0.9356095194816589,0.42611780762672424,1e-04,0.9356095194816589,0.9044331312179565,0.5934289693832397,0.9044331312179565
885,0.9395942687988281,0.42063549160957336,1e-04,0.9395942687988281,0.9142441749572754,0.5575852990150452,0.9142441749572754
886,0.934251070022583,0.4259124994277954,1e-04,0.934251070022583,0.9138808250427246,0.5689312815666199,0.9138808250427246
887,0.9422206282615662,0.4140564501285553,1e-04,0.9422206282615662,0.9164243936538696,0.5604168176651001,0.9164243936538696
888,0.938598096370697,0.42352601885795593,1e-04,0.938598096370697,0.9073401093482971,0.5602821111679077,0.9073401093482971
889,0.9317152500152588,0.4265715181827545,1e-04,0.9317152500152588,0.9055232405662537,0.5766380429267883,0.9055232405662537
890,0.9397754073143005,0.42005276679992676,1e-04,0.9397754073143005,0.9149709343910217,0.5576823353767395,0.9149709343910217
891,0.9367868304252625,0.420624315738678,1e-04,0.9367868304252625,0.9113371968269348,0.5457843542098999,0.9113371968269348
892,0.9384169578552246,0.41942617297172546,1e-04,0.9384169578552246,0.9156976938247681,0.555523693561554,0.9156976938247681
893,0.9414961338043213,0.41263777017593384,1e-04,0.9414961338043213,0.9055232405662537,0.5696550011634827,0.9055232405662537
894,0.9356095194816589,0.4236453175544739,1e-04,0.9356095194816589,0.9153342843055725,0.5518530607223511,0.9153342843055725
895,0.93660569190979,0.42351171374320984,1e-04,0.93660569190979,0.9167878031730652,0.5339855551719666,0.9167878031730652
896,0.9391414523124695,0.4213508665561676,1e-04,0.9391414523124695,0.9044331312179565,0.5679352879524231,0.9044331312179565
897,0.9366962313652039,0.42739325761795044,1e-04,0.9366962313652039,0.9098837375640869,0.5601621270179749,0.9098837375640869
898,0.9380546808242798,0.4175775647163391,1e-04,0.9380546808242798,0.90625,0.5763899087905884,0.90625
899,0.9377830028533936,0.4238339066505432,1e-04,0.9377830028533936,0.9069767594337463,0.5553464293479919,0.9069767594337463
900,0.9367868304252625,0.41977038979530334,1e-04,0.9367868304252625,0.9077034592628479,0.5478745102882385,0.9077034592628479
901,0.940952718257904,0.4138699769973755,1e-04,0.940952718257904,0.9098837375640869,0.566221296787262,0.9098837375640869
902,0.9393225908279419,0.4156237840652466,1e-04,0.9393225908279419,0.9149709343910217,0.5517885088920593,0.9149709343910217
903,0.938598096370697,0.41992464661598206,1e-04,0.938598096370697,0.9091569781303406,0.5583216547966003,0.9091569781303406
904,0.9376924633979797,0.41867363452911377,1e-04,0.9376924633979797,0.9080668687820435,0.5656965374946594,0.9080668687820435
905,0.9389603137969971,0.41708284616470337,1e-04,0.9389603137969971,0.9106104373931885,0.5526798367500305,0.9106104373931885
906,0.9386886358261108,0.4154059886932373,1e-04,0.9386886358261108,0.9080668687820435,0.5844897031784058,0.9080668687820435
907,0.9378736019134521,0.4226962924003601,1e-04,0.9378736019134521,0.9131540656089783,0.5534247756004333,0.9131540656089783
908,0.942945122718811,0.41099047660827637,1e-04,0.942945122718811,0.8946220874786377,0.5766816139221191,0.8946220874786377
909,0.9421300292015076,0.4137515723705292,1e-04,0.9421300292015076,0.9106104373931885,0.5544530749320984,0.9106104373931885
910,0.9394131302833557,0.41870638728141785,1e-04,0.9394131302833557,0.9131540656089783,0.5650336146354675,0.9131540656089783
911,0.9377830028533936,0.41993963718414307,1e-04,0.9377830028533936,0.9018895626068115,0.5842413902282715,0.9018895626068115
912,0.9378736019134521,0.420950710773468,1e-04,0.9378736019134521,0.9004360437393188,0.6211475729942322,0.9004360437393188
913,0.9400470852851868,0.41363731026649475,1e-04,0.9400470852851868,0.9120639562606812,0.5509079098701477,0.9120639562606812
914,0.9367868304252625,0.42146986722946167,1e-04,0.9367868304252625,0.913517415523529,0.5427950024604797,0.913517415523529
915,0.9414055347442627,0.4121917188167572,1e-04,0.9414055347442627,0.9004360437393188,0.5880193710327148,0.9004360437393188
916,0.9389603137969971,0.42243829369544983,1e-04,0.9389603137969971,0.9091569781303406,0.576999843120575,0.9091569781303406
917,0.9412243962287903,0.4124874472618103,1e-04,0.9412243962287903,0.9142441749572754,0.545831024646759,0.9142441749572754
918,0.9420394897460938,0.4141536355018616,1e-04,0.9420394897460938,0.9106104373931885,0.5479834079742432,0.9106104373931885
919,0.9400470852851868,0.41526198387145996,1e-04,0.9400470852851868,0.9066133499145508,0.5536510348320007,0.9066133499145508
920,0.9388697743415833,0.4159863591194153,1e-04,0.9388697743415833,0.9084302186965942,0.5738300681114197,0.9084302186965942
921,0.9396848678588867,0.4164525270462036,1e-04,0.9396848678588867,0.9120639562606812,0.5476003885269165,0.9120639562606812
922,0.9357000589370728,0.415530800819397,1e-04,0.9357000589370728,0.9113371968269348,0.5491781234741211,0.9113371968269348
923,0.9470204710960388,0.40386995673179626,1e-04,0.9470204710960388,0.9117006063461304,0.5660576224327087,0.9117006063461304
924,0.940590500831604,0.4160947799682617,1e-04,0.940590500831604,0.9127907156944275,0.5470930933952332,0.9127907156944275
925,0.9382358193397522,0.4170670509338379,1e-04,0.9382358193397522,0.9142441749572754,0.5441114902496338,0.9142441749572754
926,0.9414961338043213,0.40794575214385986,1e-04,0.9414961338043213,0.9087936282157898,0.5476821660995483,0.9087936282157898
927,0.9435790777206421,0.40858837962150574,1e-04,0.9435790777206421,0.9102470874786377,0.5741584300994873,0.9102470874786377
928,0.9432168006896973,0.40919333696365356,1e-04,0.9432168006896973,0.897892415523529,0.6090043783187866,0.897892415523529
929,0.9428545832633972,0.4131770431995392,1e-04,0.9428545832633972,0.910973846912384,0.5609314441680908,0.910973846912384
930,0.9433979392051697,0.40942832827568054,1e-04,0.9433979392051697,0.9149709343910217,0.5577347278594971,0.9149709343910217
931,0.9465676546096802,0.4058852195739746,1e-04,0.9465676546096802,0.913517415523529,0.557379424571991,0.913517415523529
932,0.9462053775787354,0.4074775278568268,1e-04,0.9462053775787354,0.9084302186965942,0.561403214931488,0.9084302186965942
933,0.9433979392051697,0.41018378734588623,1e-04,0.9433979392051697,0.9160610437393188,0.539029061794281,0.9160610437393188
934,0.9414055347442627,0.4115939438343048,1e-04,0.9414055347442627,0.9160610437393188,0.5416092872619629,0.9160610437393188
935,0.9402282238006592,0.40871232748031616,1e-04,0.9402282238006592,0.9113371968269348,0.5440555214881897,0.9113371968269348
936,0.9431262612342834,0.41097813844680786,1e-04,0.9431262612342834,0.9077034592628479,0.5633283853530884,0.9077034592628479
937,0.9440318942070007,0.4116292893886566,1e-04,0.9440318942070007,0.9149709343910217,0.5479348301887512,0.9149709343910217
938,0.9422206282615662,0.4106863737106323,1e-04,0.9422206282615662,0.9058866500854492,0.5854678750038147,0.9058866500854492
939,0.9435790777206421,0.4033600986003876,1e-04,0.9435790777206421,0.9051598906517029,0.5677862763404846,0.9051598906517029
940,0.9455714821815491,0.40908002853393555,1e-04,0.9455714821815491,0.90625,0.5606128573417664,0.90625
941,0.9411338567733765,0.40658968687057495,1e-04,0.9411338567733765,0.9138808250427246,0.5543792843818665,0.9138808250427246
942,0.9438507556915283,0.4061731994152069,1e-04,0.9438507556915283,0.9117006063461304,0.5558103322982788,0.9117006063461304
943,0.9430356621742249,0.4077165126800537,1e-04,0.9430356621742249,0.9087936282157898,0.5795261263847351,0.9087936282157898
944,0.9440318942070007,0.40883392095565796,1e-04,0.9440318942070007,0.9106104373931885,0.5795150995254517,0.9106104373931885
945,0.9396848678588867,0.4109867513179779,1e-04,0.9396848678588867,0.9102470874786377,0.5566743612289429,0.9102470874786377
946,0.9444847106933594,0.4102151095867157,1e-04,0.9444847106933594,0.9069767594337463,0.5759520530700684,0.9069767594337463
947,0.9480166435241699,0.4025467336177826,1e-04,0.9480166435241699,0.9124273061752319,0.5567490458488464,0.9124273061752319
948,0.9419489502906799,0.4126984477043152,1e-04,0.9419489502906799,0.9160610437393188,0.543160617351532,0.9160610437393188
949,0.9428545832633972,0.40449419617652893,1e-04,0.9428545832633972,0.90625,0.5620061755180359,0.90625
950,0.9425828456878662,0.4091907739639282,1e-04,0.9425828456878662,0.910973846912384,0.5564852356910706,0.910973846912384
951,0.9420394897460938,0.4059639275074005,1e-04,0.9420394897460938,0.9095203280448914,0.5725000500679016,0.9095203280448914
952,0.9404999017715454,0.4101995825767517,1e-04,0.9404999017715454,0.9102470874786377,0.5774793028831482,0.9102470874786377
953,0.9440318942070007,0.40554022789001465,1e-04,0.9440318942070007,0.9156976938247681,0.5506975054740906,0.9156976938247681
954,0.9459336996078491,0.40568363666534424,1e-04,0.9459336996078491,0.9149709343910217,0.5485197305679321,0.9149709343910217
955,0.9458431601524353,0.40477481484413147,1e-04,0.9458431601524353,0.913517415523529,0.553790271282196,0.913517415523529
956,0.9448469281196594,0.4043479859828949,1e-04,0.9448469281196594,0.8949854373931885,0.6099812984466553,0.8949854373931885
957,0.9418583512306213,0.4113001823425293,1e-04,0.9418583512306213,0.9051598906517029,0.560813307762146,0.9051598906517029
958,0.9437602162361145,0.4033505916595459,1e-04,0.9437602162361145,0.8986191749572754,0.5896101593971252,0.8986191749572754
959,0.9424923062324524,0.41135767102241516,1e-04,0.9424923062324524,0.9138808250427246,0.5527755618095398,0.9138808250427246
960,0.9427639842033386,0.4079715311527252,1e-04,0.9427639842033386,0.9106104373931885,0.5534856915473938,0.9106104373931885
961,0.9433979392051697,0.40786856412887573,1e-04,0.9433979392051697,0.9084302186965942,0.567373514175415,0.9084302186965942
962,0.9432168006896973,0.40640175342559814,1e-04,0.9432168006896973,0.9091569781303406,0.5612537860870361,0.9091569781303406
963,0.9462053775787354,0.4039270579814911,1e-04,0.9462053775787354,0.9051598906517029,0.5794673562049866,0.9051598906517029
964,0.944937527179718,0.4055415093898773,1e-04,0.944937527179718,0.9095203280448914,0.5594808459281921,0.9095203280448914
965,0.946295976638794,0.40037253499031067,1e-04,0.946295976638794,0.9153342843055725,0.556186854839325,0.9153342843055725
966,0.9407715797424316,0.407727986574173,1e-04,0.9407715797424316,0.9106104373931885,0.5670396089553833,0.9106104373931885
967,0.9440318942070007,0.3997100591659546,1e-04,0.9440318942070007,0.9175145626068115,0.5584913492202759,0.9175145626068115
968,0.9452092051506042,0.40549206733703613,1e-04,0.9452092051506042,0.9077034592628479,0.5684853196144104,0.9077034592628479
969,0.9424017667770386,0.4086536765098572,1e-04,0.9424017667770386,0.9087936282157898,0.5521707534790039,0.9087936282157898
970,0.9412243962287903,0.40935489535331726,1e-04,0.9412243962287903,0.913517415523529,0.5603154301643372,0.913517415523529
971,0.9446658492088318,0.40416067838668823,1e-04,0.9446658492088318,0.9047965407371521,0.5812718868255615,0.9047965407371521
972,0.9431262612342834,0.40514299273490906,1e-04,0.9431262612342834,0.9167878031730652,0.5514417886734009,0.9167878031730652
973,0.9427639842033386,0.40828239917755127,1e-04,0.9427639842033386,0.9164243936538696,0.5537155866622925,0.9164243936538696
974,0.9452092051506042,0.4021633267402649,1e-04,0.9452092051506042,0.917151153087616,0.5461902022361755,0.917151153087616
975,0.9445752501487732,0.40363243222236633,1e-04,0.9445752501487732,0.9095203280448914,0.5547775626182556,0.9095203280448914
976,0.9477449655532837,0.3983459174633026,1e-04,0.9477449655532837,0.9102470874786377,0.5758771896362305,0.9102470874786377
977,0.946929931640625,0.39792415499687195,1e-04,0.946929931640625,0.9018895626068115,0.5866681337356567,0.9018895626068115
978,0.9407715797424316,0.4115575850009918,1e-04,0.9407715797424316,0.9138808250427246,0.5571582913398743,0.9138808250427246
979,0.9453903436660767,0.40269172191619873,1e-04,0.9453903436660767,0.9131540656089783,0.5621366500854492,0.9131540656089783
980,0.9468393325805664,0.3986654579639435,1e-04,0.9468393325805664,0.9091569781303406,0.5712555050849915,0.9091569781303406
981,0.946295976638794,0.40098950266838074,1e-04,0.946295976638794,0.898982584476471,0.6131647825241089,0.898982584476471
982,0.9441224336624146,0.4070032835006714,1e-04,0.9441224336624146,0.9106104373931885,0.5574120879173279,0.9106104373931885
983,0.946295976638794,0.39513304829597473,1e-04,0.946295976638794,0.913517415523529,0.5603219270706177,0.913517415523529
984,0.9452092051506042,0.4065796732902527,1e-04,0.9452092051506042,0.9164243936538696,0.552141547203064,0.9164243936538696
985,0.9442130327224731,0.3997281491756439,1e-04,0.9442130327224731,0.9189680218696594,0.5598660111427307,0.9189680218696594
986,0.9487411975860596,0.3932257294654846,1e-04,0.9487411975860596,0.9167878031730652,0.5609235763549805,0.9167878031730652
987,0.9494656920433044,0.3933697044849396,1e-04,0.9494656920433044,0.9040697813034058,0.5873722434043884,0.9040697813034058
988,0.946929931640625,0.3996809422969818,1e-04,0.946929931640625,0.9098837375640869,0.5741752982139587,0.9098837375640869
989,0.9456620216369629,0.4004936218261719,1e-04,0.9456620216369629,0.9193313717842102,0.5627182126045227,0.9193313717842102
990,0.9414055347442627,0.4059809744358063,1e-04,0.9414055347442627,0.913517415523529,0.5589503645896912,0.913517415523529
991,0.9490128755569458,0.39383646845817566,1e-04,0.9490128755569458,0.9102470874786377,0.5793130993843079,0.9102470874786377
992,0.9444847106933594,0.4008529484272003,1e-04,0.9444847106933594,0.8957121968269348,0.6166866421699524,0.8957121968269348
993,0.9459336996078491,0.3997618556022644,1e-04,0.9459336996078491,0.9098837375640869,0.5716105699539185,0.9098837375640869
994,0.9452997446060181,0.400689035654068,1e-04,0.9452997446060181,0.9091569781303406,0.5684373378753662,0.9091569781303406
995,0.9460242986679077,0.39639490842819214,1e-04,0.9460242986679077,0.9055232405662537,0.5925711989402771,0.9055232405662537
996,0.9444847106933594,0.3999882638454437,1e-04,0.9444847106933594,0.913517415523529,0.5494276285171509,0.913517415523529
997,0.9455714821815491,0.40102553367614746,1e-04,0.9455714821815491,0.9106104373931885,0.579352617263794,0.9106104373931885
998,0.9481977820396423,0.3943193554878235,1e-04,0.9481977820396423,0.8960756063461304,0.6308286190032959,0.8960756063461304
999,0.9442130327224731,0.40374815464019775,1e-04,0.9442130327224731,0.9120639562606812,0.5605167150497437,0.9120639562606812
1000,0.9479261040687561,0.39848098158836365,1e-04,0.9479261040687561,0.9120639562606812,0.5617857575416565,0.9120639562606812
1001,0.9468393325805664,0.40012508630752563,1e-04,0.9468393325805664,0.9164243936538696,0.5458402037620544,0.9164243936538696
1002,0.9454808831214905,0.4012056887149811,1e-04,0.9454808831214905,0.9066133499145508,0.5734376311302185,0.9066133499145508
1003,0.9472016096115112,0.39699786901474,1e-04,0.9472016096115112,0.9055232405662537,0.5764409899711609,0.9055232405662537
1004,0.9474732875823975,0.39333227276802063,1e-04,0.9474732875823975,0.9069767594337463,0.5838643312454224,0.9069767594337463
1005,0.9501901865005493,0.3950529098510742,1e-04,0.9501901865005493,0.913517415523529,0.5485942959785461,0.913517415523529
1006,0.9453903436660767,0.3981509506702423,1e-04,0.9453903436660767,0.913517415523529,0.5670326352119446,0.913517415523529
1007,0.947292149066925,0.3970741033554077,1e-04,0.947292149066925,0.9167878031730652,0.5615429282188416,0.9167878031730652
1008,0.9451186656951904,0.403825581073761,1e-04,0.9451186656951904,0.9127907156944275,0.5582934021949768,0.9127907156944275
1009,0.9494656920433044,0.38910824060440063,1e-04,0.9494656920433044,0.9084302186965942,0.5665185451507568,0.9084302186965942
1010,0.9461148381233215,0.3958755135536194,1e-04,0.9461148381233215,0.9127907156944275,0.5497112274169922,0.9127907156944275
1011,0.947292149066925,0.3957776129245758,1e-04,0.947292149066925,0.9051598906517029,0.5737930536270142,0.9051598906517029
1012,0.949284553527832,0.3938000202178955,1e-04,0.949284553527832,0.90625,0.5796985030174255,0.90625
1013,0.9481977820396423,0.39467430114746094,1e-04,0.9481977820396423,0.9131540656089783,0.5796042084693909,0.9131540656089783
1014,0.9490128755569458,0.3919350802898407,1e-04,0.9490128755569458,0.9073401093482971,0.5759822130203247,0.9073401093482971
1015,0.9517297744750977,0.3901771903038025,1e-04,0.9517297744750977,0.9120639562606812,0.5811300277709961,0.9120639562606812
1016,0.9494656920433044,0.39103519916534424,1e-04,0.9494656920433044,0.9182412624359131,0.5706779360771179,0.9182412624359131
1017,0.9493750929832458,0.39453983306884766,1e-04,0.9493750929832458,0.9080668687820435,0.5931233167648315,0.9080668687820435
1018,0.9445752501487732,0.3957259953022003,1e-04,0.9445752501487732,0.9113371968269348,0.5696266293525696,0.9113371968269348
1019,0.9487411975860596,0.39408087730407715,1e-04,0.9487411975860596,0.9124273061752319,0.5734003782272339,0.9124273061752319
1020,0.949284553527832,0.39087802171707153,1e-04,0.949284553527832,0.9095203280448914,0.5824775099754333,0.9095203280448914
1021,0.9497373700141907,0.3861921727657318,1e-04,0.9497373700141907,0.9106104373931885,0.579388439655304,0.9106104373931885
1022,0.9467487931251526,0.40398484468460083,1e-04,0.9467487931251526,0.9040697813034058,0.5813564658164978,0.9040697813034058
1023,0.9458431601524353,0.39496782422065735,1e-04,0.9458431601524353,0.9124273061752319,0.5651315450668335,0.9124273061752319
1024,0.9470204710960388,0.3958736062049866,1e-04,0.9470204710960388,0.9138808250427246,0.5655108690261841,0.9138808250427246
1025,0.9475638270378113,0.39194202423095703,1e-04,0.9475638270378113,0.9153342843055725,0.5595168471336365,0.9153342843055725
1026,0.9529070854187012,0.38340267539024353,1e-04,0.9529070854187012,0.9138808250427246,0.5903180837631226,0.9138808250427246
1027,0.9446658492088318,0.4007931053638458,1e-04,0.9446658492088318,0.9149709343910217,0.5482937693595886,0.9149709343910217
1028,0.9488317370414734,0.39447319507598877,1e-04,0.9488317370414734,0.9124273061752319,0.571991503238678,0.9124273061752319
1029,0.9494656920433044,0.38977155089378357,1e-04,0.9494656920433044,0.9095203280448914,0.5679341554641724,0.9095203280448914
1030,0.950643002986908,0.3887571692466736,1e-04,0.950643002986908,0.9153342843055725,0.5517053604125977,0.9153342843055725
1031,0.9484694600105286,0.3947371542453766,1e-04,0.9484694600105286,0.9113371968269348,0.5690189599990845,0.9113371968269348
1032,0.9496468305587769,0.3865523934364319,1e-04,0.9496468305587769,0.9087936282157898,0.58102947473526,0.9087936282157898
1033,0.9464771151542664,0.39214128255844116,1e-04,0.9464771151542664,0.914607584476471,0.5664675235748291,0.914607584476471
1034,0.9482883810997009,0.3938848674297333,1e-04,0.9482883810997009,0.8993459343910217,0.6082781553268433,0.8993459343910217
1035,0.9481072425842285,0.3901095688343048,1e-04,0.9481072425842285,0.9131540656089783,0.5713067054748535,0.9131540656089783
1036,0.9462053775787354,0.39712366461753845,1e-04,0.9462053775787354,0.9102470874786377,0.5597242116928101,0.9102470874786377
1037,0.9516391754150391,0.38741549849510193,1e-04,0.9516391754150391,0.9160610437393188,0.5664066076278687,0.9160610437393188
1038,0.9538127183914185,0.3808484673500061,1e-04,0.9538127183914185,0.9138808250427246,0.5581567287445068,0.9138808250427246
1039,0.9473827481269836,0.39570146799087524,1e-04,0.9473827481269836,0.9044331312179565,0.5997828841209412,0.9044331312179565
1040,0.9441224336624146,0.39748185873031616,1e-04,0.9441224336624146,0.9156976938247681,0.5524349808692932,0.9156976938247681
1041,0.9495123028755188,0.3889983892440796,1e-04,0.9495123028755188,0.9087936282157898,0.5743411779403687,0.9087936282157898
1042,0.9529070854187012,0.3856898844242096,1e-04,0.9529070854187012,0.9149709343910217,0.5520738363265991,0.9149709343910217
1043,0.9491940140724182,0.39043503999710083,1e-04,0.9491940140724182,0.9022529125213623,0.5866415500640869,0.9022529125213623
1044,0.9452997446060181,0.39938145875930786,1e-04,0.9452997446060181,0.9095203280448914,0.5681934356689453,0.9095203280448914
1045,0.946658194065094,0.39185449481010437,1e-04,0.946658194065094,0.9149709343910217,0.5548431873321533,0.9149709343910217
1046,0.9500996470451355,0.3888389468193054,1e-04,0.9500996470451355,0.9124273061752319,0.5843601822853088,0.9124273061752319
1047,0.9470204710960388,0.3912922739982605,1e-04,0.9470204710960388,0.9142441749572754,0.5521683096885681,0.9142441749572754
1048,0.9543560743331909,0.3821656405925751,1e-04,0.9543560743331909,0.9073401093482971,0.5913749933242798,0.9073401093482971
1049,0.9500996470451355,0.38641658425331116,1e-04,0.9500996470451355,0.914607584476471,0.5669015645980835,0.914607584476471
1050,0.9500996470451355,0.38770753145217896,1e-04,0.9500996470451355,0.9138808250427246,0.563350260257721,0.9138808250427246
1051,0.9497373700141907,0.3862884044647217,1e-04,0.9497373700141907,0.9106104373931885,0.5788038969039917,0.9106104373931885
1052,0.9504618644714355,0.3872077763080597,1e-04,0.9504618644714355,0.9120639562606812,0.5748980045318604,0.9120639562606812
1053,0.946929931640625,0.39132818579673767,1e-04,0.946929931640625,0.9138808250427246,0.5632036924362183,0.9138808250427246
1054,0.9440318942070007,0.39640912413597107,1e-04,0.9440318942070007,0.8997092843055725,0.6081564426422119,0.8997092843055725
1055,0.9491940140724182,0.39139190316200256,1e-04,0.9491940140724182,0.9055232405662537,0.5843551754951477,0.9055232405662537
1056,0.9501901865005493,0.3899071216583252,1e-04,0.9501901865005493,0.9047965407371521,0.568031907081604,0.9047965407371521
1057,0.9508241415023804,0.38041815161705017,1e-04,0.9508241415023804,0.9037063717842102,0.5982866287231445,0.9037063717842102
1058,0.9472016096115112,0.3944806754589081,1e-04,0.9472016096115112,0.9051598906517029,0.5817244052886963,0.9051598906517029
1059,0.9477449655532837,0.3905249238014221,1e-04,0.9477449655532837,0.9095203280448914,0.5745728611946106,0.9095203280448914
1060,0.9507335424423218,0.38360852003097534,1e-04,0.9507335424423218,0.9066133499145508,0.57459557056427,0.9066133499145508
1061,0.9501901865005493,0.38832926750183105,1e-04,0.9501901865005493,0.9095203280448914,0.5550466775894165,0.9095203280448914
1062,0.9483789205551147,0.38818833231925964,1e-04,0.9483789205551147,0.9095203280448914,0.5690156817436218,0.9095203280448914
1063,0.9514580965042114,0.38619136810302734,1e-04,0.9514580965042114,0.9117006063461304,0.5644091367721558,0.9117006063461304
1064,0.952997624874115,0.38105252385139465,1e-04,0.952997624874115,0.9069767594337463,0.5718302130699158,0.9069767594337463
1065,0.9453903436660767,0.39496633410453796,1e-04,0.9453903436660767,0.9117006063461304,0.5608260631561279,0.9117006063461304
1066,0.9537221789360046,0.38286498188972473,1e-04,0.9537221789360046,0.9156976938247681,0.5610600113868713,0.9156976938247681
1067,0.9504618644714355,0.38488584756851196,1e-04,0.9504618644714355,0.9117006063461304,0.5512065291404724,0.9117006063461304
1068,0.9500090479850769,0.3900008797645569,1e-04,0.9500090479850769,0.9127907156944275,0.5633518695831299,0.9127907156944275
1069,0.9511863589286804,0.3867641091346741,1e-04,0.9511863589286804,0.9160610437393188,0.5661562085151672,0.9160610437393188
1070,0.9497373700141907,0.3926965594291687,1e-04,0.9497373700141907,0.9127907156944275,0.536218523979187,0.9127907156944275
1071,0.9494656920433044,0.38337746262550354,1e-04,0.9494656920433044,0.9138808250427246,0.5700548887252808,0.9138808250427246
1072,0.9502807259559631,0.39011624455451965,1e-04,0.9502807259559631,0.913517415523529,0.5542410016059875,0.913517415523529
1073,0.9491940140724182,0.38826465606689453,1e-04,0.9491940140724182,0.9044331312179565,0.5804880261421204,0.9044331312179565
1074,0.9499185085296631,0.38479048013687134,1e-04,0.9499185085296631,0.9164243936538696,0.5558676719665527,0.9164243936538696
1075,0.9515486359596252,0.38389161229133606,1e-04,0.9515486359596252,0.9156976938247681,0.572247326374054,0.9156976938247681
1076,0.9513674974441528,0.38041001558303833,1e-04,0.9513674974441528,0.9113371968269348,0.566119372844696,0.9113371968269348
1077,0.9482883810997009,0.3865382969379425,1e-04,0.9482883810997009,0.9098837375640869,0.5865881443023682,0.9098837375640869
1078,0.9530882239341736,0.38510188460350037,1e-04,0.9530882239341736,0.9077034592628479,0.5940580368041992,0.9077034592628479
1079,0.9497373700141907,0.38946956396102905,1e-04,0.9497373700141907,0.9164243936538696,0.564814567565918,0.9164243936538696
1080,0.9516391754150391,0.37763917446136475,1e-04,0.9516391754150391,0.921875,0.5611927509307861,0.921875
1081,0.9529070854187012,0.37871238589286804,1e-04,0.9529070854187012,0.9193313717842102,0.5556946396827698,0.9193313717842102
1082,0.9518203139305115,0.38491806387901306,1e-04,0.9518203139305115,0.9153342843055725,0.5400868654251099,0.9153342843055725
1083,0.9502807259559631,0.3887564241886139,1e-04,0.9502807259559631,0.9018895626068115,0.6081756353378296,0.9018895626068115
1084,0.9468393325805664,0.3876420259475708,1e-04,0.9468393325805664,0.9040697813034058,0.5935547351837158,0.9040697813034058
1085,0.9507335424423218,0.3837428092956543,1e-04,0.9507335424423218,0.910973846912384,0.6000824570655823,0.910973846912384
1086,0.9538127183914185,0.38194626569747925,1e-04,0.9538127183914185,0.9149709343910217,0.5513894557952881,0.9149709343910217
1087,0.9511863589286804,0.38164955377578735,1e-04,0.9511863589286804,0.9120639562606812,0.5808592438697815,0.9120639562606812
1088,0.9520919919013977,0.383085161447525,1e-04,0.9520919919013977,0.9106104373931885,0.5790152549743652,0.9106104373931885
1089,0.953631579875946,0.38114133477211,1e-04,0.953631579875946,0.9189680218696594,0.5742605328559875,0.9189680218696594
1090,0.953269362449646,0.3829578161239624,1e-04,0.953269362449646,0.9160610437393188,0.5629230737686157,0.9160610437393188
1091,0.9516391754150391,0.38115763664245605,1e-04,0.9516391754150391,0.9113371968269348,0.5659067034721375,0.9113371968269348
1092,0.9528165459632874,0.3817608058452606,1e-04,0.9528165459632874,0.9117006063461304,0.571250855922699,0.9117006063461304
1093,0.9473827481269836,0.38863304257392883,1e-04,0.9473827481269836,0.9167878031730652,0.5627970695495605,0.9167878031730652
1094,0.9514580965042114,0.3871039152145386,1e-04,0.9514580965042114,0.9084302186965942,0.5884559750556946,0.9084302186965942
1095,0.9484694600105286,0.38695967197418213,1e-04,0.9484694600105286,0.9186046719551086,0.548809289932251,0.9186046719551086
1096,0.9521825909614563,0.3782811164855957,1e-04,0.9521825909614563,0.9160610437393188,0.5580223798751831,0.9160610437393188
1097,0.9564390778541565,0.3755812346935272,1e-04,0.9564390778541565,0.9153342843055725,0.5723927021026611,0.9153342843055725
1098,0.9500090479850769,0.3835068941116333,1e-04,0.9500090479850769,0.9066133499145508,0.5859636068344116,0.9066133499145508
1099,0.9510052800178528,0.38495391607284546,1e-04,0.9510052800178528,0.9193313717842102,0.5450923442840576,0.9193313717842102
1100,0.951276957988739,0.3889579772949219,1e-04,0.951276957988739,0.9189680218696594,0.5466897487640381,0.9189680218696594
1101,0.9563484787940979,0.3739311099052429,1e-04,0.9563484787940979,0.9153342843055725,0.5836667418479919,0.9153342843055725
1102,0.9520919919013977,0.3825015425682068,1e-04,0.9520919919013977,0.914607584476471,0.5659818649291992,0.914607584476471
1103,0.9538127183914185,0.3791377544403076,1e-04,0.9538127183914185,0.9178779125213623,0.5579118728637695,0.9178779125213623
1104,0.9443941116333008,0.3970892131328583,1e-04,0.9443941116333008,0.9153342843055725,0.5626081228256226,0.9153342843055725
1105,0.9524542689323425,0.38378533720970154,1e-04,0.9524542689323425,0.9182412624359131,0.5572217106819153,0.9182412624359131
1106,0.9502807259559631,0.3811483085155487,1e-04,0.9502807259559631,0.9175145626068115,0.5613413453102112,0.9175145626068115
1107,0.9540843963623047,0.3764781057834625,1e-04,0.9540843963623047,0.9131540656089783,0.5718525648117065,0.9131540656089783
1108,0.9516391754150391,0.3826965093612671,1e-04,0.9516391754150391,0.9160610437393188,0.5852532982826233,0.9160610437393188
1109,0.9543560743331909,0.3793860375881195,1e-04,0.9543560743331909,0.9131540656089783,0.5746380090713501,0.9131540656089783
1110,0.9505524635314941,0.38222506642341614,1e-04,0.9505524635314941,0.9200581312179565,0.5483525991439819,0.9200581312179565
1111,0.9553523063659668,0.3729509115219116,1e-04,0.9553523063659668,0.9167878031730652,0.571300745010376,0.9167878031730652
1112,0.9539032578468323,0.377206951379776,1e-04,0.9539032578468323,0.917151153087616,0.5591679215431213,0.917151153087616
1113,0.9553523063659668,0.3742823898792267,1e-04,0.9553523063659668,0.921875,0.5647569894790649,0.921875
1114,0.9510958194732666,0.37953677773475647,1e-04,0.9510958194732666,0.9160610437393188,0.5840308666229248,0.9160610437393188
1115,0.9553523063659668,0.3787795901298523,1e-04,0.9553523063659668,0.9124273061752319,0.5785661339759827,0.9124273061752319
1116,0.9551711678504944,0.376642644405365,1e-04,0.9551711678504944,0.9149709343910217,0.5595347881317139,0.9149709343910217
1117,0.9511863589286804,0.37946099042892456,1e-04,0.9511863589286804,0.9204215407371521,0.5589142441749573,0.9204215407371521
1118,0.9537221789360046,0.38037577271461487,1e-04,0.9537221789360046,0.9186046719551086,0.5488420128822327,0.9186046719551086
1119,0.9527259469032288,0.3819105923175812,1e-04,0.9527259469032288,0.9131540656089783,0.573688805103302,0.9131540656089783
1120,0.9503713250160217,0.3828605115413666,1e-04,0.9503713250160217,0.9189680218696594,0.5581074357032776,0.9189680218696594
1121,0.9531787633895874,0.3833676874637604,1e-04,0.9531787633895874,0.9127907156944275,0.5657084584236145,0.9127907156944275
1122,0.9527259469032288,0.37872910499572754,1e-04,0.9527259469032288,0.9138808250427246,0.5745701193809509,0.9138808250427246
1123,0.9546278119087219,0.3771044611930847,1e-04,0.9546278119087219,0.9175145626068115,0.5864631533622742,0.9175145626068115
1124,0.9508241415023804,0.37818261981010437,1e-04,0.9508241415023804,0.913517415523529,0.5835376381874084,0.913517415523529
1125,0.9519109129905701,0.38012614846229553,1e-04,0.9519109129905701,0.9167878031730652,0.5698033571243286,0.9167878031730652
1126,0.9519109129905701,0.38108694553375244,1e-04,0.9519109129905701,0.9098837375640869,0.5799695253372192,0.9098837375640869
1127,0.9560768008232117,0.3732363283634186,1e-04,0.9560768008232117,0.9200581312179565,0.5542583465576172,0.9200581312179565
1128,0.9541749954223633,0.3792859613895416,1e-04,0.9541749954223633,0.9204215407371521,0.5528365969657898,0.9204215407371521
1129,0.9533599019050598,0.3796997368335724,1e-04,0.9533599019050598,0.9222383499145508,0.5473449230194092,0.9222383499145508
1130,0.952997624874115,0.382085919380188,1e-04,0.952997624874115,0.9138808250427246,0.5721951723098755,0.9138808250427246
1131,0.9546278119087219,0.37878039479255676,1e-04,0.9546278119087219,0.9164243936538696,0.574187159538269,0.9164243936538696
1132,0.954990029335022,0.37579450011253357,1e-04,0.954990029335022,0.9178779125213623,0.559307336807251,0.9178779125213623
1133,0.9564390778541565,0.3707364797592163,1e-04,0.9564390778541565,0.9186046719551086,0.5682398676872253,0.9186046719551086
1134,0.9544466733932495,0.3757980763912201,1e-04,0.9544466733932495,0.9175145626068115,0.5755219459533691,0.9175145626068115
1135,0.9560768008232117,0.37206894159317017,1e-04,0.9560768008232117,0.9178779125213623,0.5505534410476685,0.9178779125213623
1136,0.9515486359596252,0.37942615151405334,1e-04,0.9515486359596252,0.9156976938247681,0.559593141078949,0.9156976938247681
1137,0.9553523063659668,0.37175828218460083,1e-04,0.9553523063659668,0.9113371968269348,0.5974231958389282,0.9113371968269348
1138,0.9551711678504944,0.376252681016922,1e-04,0.9551711678504944,0.9196947813034058,0.5547966361045837,0.9196947813034058
1139,0.9534504413604736,0.37864184379577637,1e-04,0.9534504413604736,0.9175145626068115,0.5445384383201599,0.9175145626068115
1140,0.9521825909614563,0.37592774629592896,1e-04,0.9521825909614563,0.9066133499145508,0.5931291580200195,0.9066133499145508
1141,0.953269362449646,0.3787129521369934,1e-04,0.953269362449646,0.9149709343910217,0.5546205043792725,0.9149709343910217
1142,0.9524542689323425,0.3824306130409241,1e-04,0.9524542689323425,0.9204215407371521,0.5601748824119568,0.9204215407371521
1143,0.9552617073059082,0.3736576437950134,1e-04,0.9552617073059082,0.9182412624359131,0.5608688592910767,0.9182412624359131
1144,0.9523637294769287,0.37999123334884644,1e-04,0.9523637294769287,0.921875,0.5634756088256836,0.921875
1145,0.9519109129905701,0.3843989968299866,1e-04,0.9519109129905701,0.9178779125213623,0.550613284111023,0.9178779125213623
1146,0.9544466733932495,0.37878739833831787,1e-04,0.9544466733932495,0.9164243936538696,0.5526358485221863,0.9164243936538696
1147,0.9547183513641357,0.3740847706794739,1e-04,0.9547183513641357,0.9095203280448914,0.6010368466377258,0.9095203280448914
1148,0.9559862613677979,0.3716651201248169,1e-04,0.9559862613677979,0.9127907156944275,0.5802315473556519,0.9127907156944275
1149,0.9570729732513428,0.3680819869041443,1e-04,0.9570729732513428,0.9186046719551086,0.5606417059898376,0.9186046719551086
1150,0.9544466733932495,0.37490302324295044,1e-04,0.9544466733932495,0.9193313717842102,0.5504782795906067,0.9193313717842102
1151,0.9544466733932495,0.37240639328956604,1e-04,0.9544466733932495,0.9087936282157898,0.595615029335022,0.9087936282157898
1152,0.9529070854187012,0.38313138484954834,1e-04,0.9529070854187012,0.9131540656089783,0.5664629340171814,0.9131540656089783
1153,0.9585220217704773,0.36870455741882324,1e-04,0.9585220217704773,0.9229651093482971,0.5593747496604919,0.9229651093482971
1154,0.9566201567649841,0.36858028173446655,1e-04,0.9566201567649841,0.9178779125213623,0.5708416104316711,0.9178779125213623
1155,0.9517297744750977,0.3790179491043091,1e-04,0.9517297744750977,0.9142441749572754,0.5891757607460022,0.9142441749572754
1156,0.9546278119087219,0.37472471594810486,1e-04,0.9546278119087219,0.9175145626068115,0.5546156764030457,0.9175145626068115
1157,0.9558956623077393,0.3739463984966278,1e-04,0.9558956623077393,0.9175145626068115,0.5729062557220459,0.9175145626068115
1158,0.95761638879776,0.37013906240463257,1e-04,0.95761638879776,0.9160610437393188,0.5557276010513306,0.9160610437393188
1159,0.9525448083877563,0.37876102328300476,1e-04,0.9525448083877563,0.9087936282157898,0.5903099775314331,0.9087936282157898
1160,0.9570729732513428,0.36996930837631226,1e-04,0.9570729732513428,0.9007993936538696,0.6372165083885193,0.9007993936538696
1161,0.9565296173095703,0.37057119607925415,1e-04,0.9565296173095703,0.9160610437393188,0.5614251494407654,0.9160610437393188
1162,0.9540843963623047,0.37475743889808655,1e-04,0.9540843963623047,0.914607584476471,0.5495802164077759,0.914607584476471
1163,0.9552617073059082,0.37001264095306396,1e-04,0.9552617073059082,0.9164243936538696,0.5559613108634949,0.9164243936538696
1164,0.953269362449646,0.374023973941803,1e-04,0.953269362449646,0.9178779125213623,0.5572564005851746,0.9178779125213623
1165,0.9573447108268738,0.36691543459892273,1e-04,0.9573447108268738,0.9160610437393188,0.5501032471656799,0.9160610437393188
1166,0.9587031602859497,0.36490553617477417,1e-04,0.9587031602859497,0.9113371968269348,0.5867061018943787,0.9113371968269348
1167,0.955623984336853,0.37203702330589294,1e-04,0.955623984336853,0.9156976938247681,0.5685175061225891,0.9156976938247681
1168,0.959608793258667,0.36557725071907043,1e-04,0.959608793258667,0.9186046719551086,0.5737065672874451,0.9186046719551086
1169,0.9558051228523254,0.3708658516407013,1e-04,0.9558051228523254,0.9204215407371521,0.548956573009491,0.9204215407371521
1170,0.9561673402786255,0.36725136637687683,1e-04,0.9561673402786255,0.9178779125213623,0.5617819428443909,0.9178779125213623
1171,0.9568012952804565,0.36989760398864746,1e-04,0.9568012952804565,0.9182412624359131,0.5516818165779114,0.9182412624359131
1172,0.9562579393386841,0.37208592891693115,1e-04,0.9562579393386841,0.9164243936538696,0.5574770569801331,0.9164243936538696
1173,0.9544466733932495,0.37394046783447266,1e-04,0.9544466733932495,0.9189680218696594,0.5649722218513489,0.9189680218696594
1174,0.9577069282531738,0.3651812970638275,1e-04,0.9577069282531738,0.9204215407371521,0.5405395030975342,0.9204215407371521
1175,0.9574352502822876,0.3685072958469391,1e-04,0.9574352502822876,0.9069767594337463,0.5941107273101807,0.9069767594337463
1176,0.9540843963623047,0.3694131374359131,1e-04,0.9540843963623047,0.9182412624359131,0.5652225017547607,0.9182412624359131
1177,0.9554428458213806,0.3697597086429596,1e-04,0.9554428458213806,0.9160610437393188,0.5729737281799316,0.9160610437393188
1178,0.9539938569068909,0.36928585171699524,1e-04,0.9539938569068909,0.9182412624359131,0.5552592873573303,0.9182412624359131
1179,0.9573447108268738,0.3661384880542755,1e-04,0.9573447108268738,0.9215116500854492,0.5517547726631165,0.9215116500854492
1180,0.9578880667686462,0.3651953935623169,1e-04,0.9578880667686462,0.9102470874786377,0.6020937561988831,0.9102470874786377
1181,0.9564390778541565,0.36602574586868286,1e-04,0.9564390778541565,0.9226017594337463,0.5423598885536194,0.9226017594337463
1182,0.9567107558250427,0.3727283477783203,1e-04,0.9567107558250427,0.9200581312179565,0.5319206118583679,0.9200581312179565
1183,0.954990029335022,0.3722112774848938,1e-04,0.954990029335022,0.9178779125213623,0.5605329275131226,0.9178779125213623
1184,0.953631579875946,0.37432488799095154,1e-04,0.953631579875946,0.9138808250427246,0.5643046498298645,0.9138808250427246
1185,0.9594276547431946,0.36385130882263184,1e-04,0.9594276547431946,0.9178779125213623,0.5533636808395386,0.9178779125213623
1186,0.9579786062240601,0.3632131516933441,1e-04,0.9579786062240601,0.9084302186965942,0.5983585715293884,0.9084302186965942
1187,0.956982433795929,0.36552703380584717,1e-04,0.956982433795929,0.9189680218696594,0.5585189461708069,0.9189680218696594
1188,0.9544466733932495,0.3779469430446625,1e-04,0.9544466733932495,0.9193313717842102,0.5628283023834229,0.9193313717842102
1189,0.9563484787940979,0.3669317662715912,1e-04,0.9563484787940979,0.9149709343910217,0.5565803050994873,0.9149709343910217
1190,0.956982433795929,0.3694329559803009,1e-04,0.956982433795929,0.9200581312179565,0.5603616237640381,0.9200581312179565
1191,0.9551711678504944,0.3720264136791229,1e-04,0.9551711678504944,0.9182412624359131,0.5647755265235901,0.9182412624359131
1192,0.9562579393386841,0.3666052520275116,1e-04,0.9562579393386841,0.9215116500854492,0.5532910823822021,0.9215116500854492
1193,0.959337055683136,0.36439985036849976,1e-04,0.959337055683136,0.917151153087616,0.559185802936554,0.917151153087616
1194,0.9600616097450256,0.36260277032852173,1e-04,0.9600616097450256,0.9226017594337463,0.5455524325370789,0.9226017594337463
1195,0.956982433795929,0.36759132146835327,1e-04,0.956982433795929,0.9164243936538696,0.5511665344238281,0.9164243936538696
1196,0.9583408832550049,0.36636263132095337,1e-04,0.9583408832550049,0.9131540656089783,0.5597658157348633,0.9131540656089783
1197,0.9551711678504944,0.36947858333587646,1e-04,0.9551711678504944,0.9182412624359131,0.5509670376777649,0.9182412624359131
1198,0.9564390778541565,0.36903172731399536,1e-04,0.9564390778541565,0.9204215407371521,0.5581313967704773,0.9204215407371521
1199,0.9620539546012878,0.35592344403266907,1e-04,0.9620539546012878,0.9167878031730652,0.5701463222503662,0.9167878031730652
1200,0.9579786062240601,0.36726582050323486,1e-04,0.9579786062240601,0.9124273061752319,0.5731261968612671,0.9124273061752319
1201,0.9600616097450256,0.36142802238464355,1e-04,0.9600616097450256,0.9131540656089783,0.567765474319458,0.9131540656089783
1202,0.9539938569068909,0.3713371753692627,1e-04,0.9539938569068909,0.9117006063461304,0.5694843530654907,0.9117006063461304
1203,0.9586125612258911,0.36495739221572876,1e-04,0.9586125612258911,0.9149709343910217,0.5918959975242615,0.9149709343910217
1204,0.9508241415023804,0.3752232789993286,1e-04,0.9508241415023804,0.9120639562606812,0.5827252864837646,0.9120639562606812
1205,0.9598804712295532,0.36132243275642395,1e-04,0.9598804712295532,0.9189680218696594,0.5724459886550903,0.9189680218696594
1206,0.956982433795929,0.3682205080986023,1e-04,0.956982433795929,0.9102470874786377,0.5843722820281982,0.9102470874786377
1207,0.95761638879776,0.36961299180984497,1e-04,0.95761638879776,0.9124273061752319,0.5711009502410889,0.9124273061752319
1208,0.9597898721694946,0.3635544776916504,1e-04,0.9597898721694946,0.9149709343910217,0.567751944065094,0.9149709343910217
1209,0.9567107558250427,0.3697836399078369,1e-04,0.9567107558250427,0.9124273061752319,0.595242440700531,0.9124273061752319
1210,0.9580692052841187,0.3653317391872406,1e-04,0.9580692052841187,0.9156976938247681,0.5655114054679871,0.9156976938247681
1211,0.9578880667686462,0.3634505569934845,1e-04,0.9578880667686462,0.9189680218696594,0.5524071455001831,0.9189680218696594
1212,0.9589748382568359,0.365878164768219,1e-04,0.9589748382568359,0.914607584476471,0.5701066851615906,0.914607584476471
1213,0.9591559767723083,0.36311930418014526,1e-04,0.9591559767723083,0.9153342843055725,0.581981360912323,0.9153342843055725
1214,0.9564390778541565,0.3674696385860443,1e-04,0.9564390778541565,0.9240552186965942,0.548819899559021,0.9240552186965942
1215,0.9568012952804565,0.3652425706386566,1e-04,0.9568012952804565,0.9149709343910217,0.5753785967826843,0.9149709343910217
1216,0.9586125612258911,0.3628459870815277,1e-04,0.9586125612258911,0.9186046719551086,0.5661901831626892,0.9186046719551086
1217,0.9582503437995911,0.3658657670021057,1e-04,0.9582503437995911,0.9215116500854492,0.5670427083969116,0.9215116500854492
1218,0.959337055683136,0.3626498281955719,1e-04,0.959337055683136,0.9182412624359131,0.5462695360183716,0.9182412624359131
1219,0.959971010684967,0.36013975739479065,1e-04,0.959971010684967,0.9204215407371521,0.568302571773529,0.9204215407371521
1220,0.9595181941986084,0.3599150478839874,1e-04,0.9595181941986084,0.9215116500854492,0.5558561086654663,0.9215116500854492
1221,0.9590653777122498,0.36210668087005615,1e-04,0.9590653777122498,0.9175145626068115,0.5732538104057312,0.9175145626068115
1222,0.9575257897377014,0.3632221817970276,1e-04,0.9575257897377014,0.9178779125213623,0.5770781636238098,0.9178779125213623
1223,0.9589748382568359,0.36201903223991394,1e-04,0.9589748382568359,0.9160610437393188,0.5745559334754944,0.9160610437393188
1224,0.9616917371749878,0.35893121361732483,1e-04,0.9616917371749878,0.9164243936538696,0.5750364065170288,0.9164243936538696
1225,0.9587936997413635,0.36098286509513855,1e-04,0.9587936997413635,0.9178779125213623,0.5753907561302185,0.9178779125213623
1226,0.9612389206886292,0.356411874294281,1e-04,0.9612389206886292,0.9127907156944275,0.5924403667449951,0.9127907156944275
1227,0.9547183513641357,0.36933833360671997,1e-04,0.9547183513641357,0.9215116500854492,0.5556403994560242,0.9215116500854492
1228,0.9609672427177429,0.3574444651603699,1e-04,0.9609672427177429,0.9164243936538696,0.5804420113563538,0.9164243936538696
1229,0.956982433795929,0.3636563718318939,1e-04,0.956982433795929,0.9215116500854492,0.5626890659332275,0.9215116500854492
1230,0.9575257897377014,0.3618854880332947,1e-04,0.9575257897377014,0.9156976938247681,0.6059269309043884,0.9156976938247681
1231,0.956982433795929,0.3637999892234802,1e-04,0.956982433795929,0.914607584476471,0.5765983462333679,0.914607584476471
1232,0.9590653777122498,0.359976202249527,1e-04,0.9590653777122498,0.9204215407371521,0.5699095726013184,0.9204215407371521
1233,0.9611483216285706,0.35978424549102783,1e-04,0.9611483216285706,0.914607584476471,0.5512999892234802,0.914607584476471
1234,0.9583408832550049,0.3650720417499542,1e-04,0.9583408832550049,0.9186046719551086,0.5491227507591248,0.9186046719551086
1235,0.9586125612258911,0.36309850215911865,1e-04,0.9586125612258911,0.9207848906517029,0.5492377281188965,0.9207848906517029
1236,0.9585220217704773,0.36491745710372925,1e-04,0.9585220217704773,0.9160610437393188,0.5571638345718384,0.9160610437393188
1237,0.9626879096031189,0.35674116015434265,1e-04,0.9626879096031189,0.9182412624359131,0.5529934167861938,0.9182412624359131
1238,0.9577975273132324,0.3644750118255615,1e-04,0.9577975273132324,0.9164243936538696,0.5799769759178162,0.9164243936538696
1239,0.9589748382568359,0.364653080701828,1e-04,0.9589748382568359,0.9200581312179565,0.5603916049003601,0.9200581312179565
1240,0.9592465162277222,0.35963547229766846,1e-04,0.9592465162277222,0.9164243936538696,0.5721162557601929,0.9164243936538696
1241,0.9594276547431946,0.35857030749320984,1e-04,0.9594276547431946,0.9189680218696594,0.55757075548172,0.9189680218696594
1242,0.9603332877159119,0.3600955307483673,1e-04,0.9603332877159119,0.9193313717842102,0.5648866891860962,0.9193313717842102
1243,0.9570729732513428,0.36365923285484314,1e-04,0.9570729732513428,0.9175145626068115,0.5583600997924805,0.9175145626068115
1244,0.9590653777122498,0.35917264223098755,1e-04,0.9590653777122498,0.9066133499145508,0.6093661189079285,0.9066133499145508
1245,0.9607861042022705,0.3535900413990021,1e-04,0.9607861042022705,0.9091569781303406,0.6156365871429443,0.9091569781303406
1246,0.9622350931167603,0.35484933853149414,1e-04,0.9622350931167603,0.9142441749572754,0.580744206905365,0.9142441749572754
1247,0.959337055683136,0.36030349135398865,1e-04,0.959337055683136,0.9127907156944275,0.5657380819320679,0.9127907156944275
1248,0.9605144262313843,0.3558502495288849,1e-04,0.9605144262313843,0.917151153087616,0.5811147689819336,0.917151153087616
1249,0.9588842391967773,0.3595135807991028,1e-04,0.9588842391967773,0.9226017594337463,0.5781976580619812,0.9226017594337463
1250,0.9591559767723083,0.36233821511268616,1e-04,0.9591559767723083,0.9175145626068115,0.5908963680267334,0.9175145626068115
1251,0.9584314227104187,0.36121779680252075,1e-04,0.9584314227104187,0.9175145626068115,0.5748846530914307,0.9175145626068115
1252,0.9609672427177429,0.3572247624397278,1e-04,0.9609672427177429,0.9178779125213623,0.5629621148109436,0.9178779125213623
1253,0.9610577821731567,0.3598802983760834,1e-04,0.9610577821731567,0.9149709343910217,0.5783160328865051,0.9149709343910217
1254,0.9618728756904602,0.3583364188671112,1e-04,0.9618728756904602,0.9196947813034058,0.5708601474761963,0.9196947813034058
1255,0.9603332877159119,0.3559113144874573,1e-04,0.9603332877159119,0.9186046719551086,0.5635892152786255,0.9186046719551086
1256,0.9568918943405151,0.35954082012176514,1e-04,0.9568918943405151,0.9215116500854492,0.5786322355270386,0.9215116500854492
1257,0.9572541117668152,0.36059147119522095,1e-04,0.9572541117668152,0.9207848906517029,0.5614497661590576,0.9207848906517029
1258,0.9575257897377014,0.3611811697483063,1e-04,0.9575257897377014,0.917151153087616,0.5467066764831543,0.917151153087616
1259,0.9595181941986084,0.35926634073257446,1e-04,0.9595181941986084,0.9142441749572754,0.5830554366111755,0.9142441749572754
1260,0.9601521492004395,0.35723569989204407,1e-04,0.9601521492004395,0.917151153087616,0.5563898086547852,0.917151153087616
1261,0.959971010684967,0.35814017057418823,1e-04,0.959971010684967,0.9175145626068115,0.5620105266571045,0.9175145626068115
1262,0.9606049656867981,0.3565565347671509,1e-04,0.9606049656867981,0.9200581312179565,0.557112991809845,0.9200581312179565
1263,0.9604238271713257,0.3601047992706299,1e-04,0.9604238271713257,0.9211482405662537,0.5555249452590942,0.9211482405662537
1264,0.9616917371749878,0.3573255240917206,1e-04,0.9616917371749878,0.910973846912384,0.5774951577186584,0.910973846912384
1265,0.9600616097450256,0.3567604422569275,1e-04,0.9600616097450256,0.9186046719551086,0.5750510692596436,0.9186046719551086
1266,0.9591559767723083,0.35342296957969666,1e-04,0.9591559767723083,0.9167878031730652,0.5741966962814331,0.9167878031730652
1267,0.9592465162277222,0.3600426912307739,1e-04,0.9592465162277222,0.9182412624359131,0.568217933177948,0.9182412624359131
1268,0.9555334448814392,0.36509382724761963,1e-04,0.9555334448814392,0.9156976938247681,0.5679949522018433,0.9156976938247681
1269,0.9580692052841187,0.3585882782936096,1e-04,0.9580692052841187,0.9196947813034058,0.5571337342262268,0.9196947813034058
1270,0.9604238271713257,0.35581591725349426,1e-04,0.9604238271713257,0.9193313717842102,0.5523693561553955,0.9193313717842102
1271,0.959337055683136,0.35971102118492126,1e-04,0.959337055683136,0.9131540656089783,0.5777810215950012,0.9131540656089783
1272,0.9583408832550049,0.35707399249076843,1e-04,0.9583408832550049,0.9149709343910217,0.5726827383041382,0.9149709343910217
1273,0.9596993327140808,0.3596562445163727,1e-04,0.9596993327140808,0.9211482405662537,0.5463398694992065,0.9211482405662537
1274,0.9617822766304016,0.3546939492225647,1e-04,0.9617822766304016,0.9167878031730652,0.5603007078170776,0.9167878031730652
1275,0.9635030031204224,0.34895873069763184,1e-04,0.9635030031204224,0.9131540656089783,0.5853111147880554,0.9131540656089783
1276,0.9612389206886292,0.3545844852924347,1e-04,0.9612389206886292,0.9193313717842102,0.550319254398346,0.9193313717842102
1277,0.9565296173095703,0.3659241795539856,1e-04,0.9565296173095703,0.9142441749572754,0.5886473655700684,0.9142441749572754
1278,0.9581597447395325,0.3595529794692993,1e-04,0.9581597447395325,0.9211482405662537,0.5534446835517883,0.9211482405662537
1279,0.961963415145874,0.35560688376426697,1e-04,0.961963415145874,0.9193313717842102,0.5530520081520081,0.9193313717842102
1280,0.9624162316322327,0.35577863454818726,1e-04,0.9624162316322327,0.9167878031730652,0.5629618167877197,0.9167878031730652
1281,0.9577975273132324,0.3596879541873932,1e-04,0.9577975273132324,0.917151153087616,0.562919557094574,0.917151153087616
1282,0.9604238271713257,0.3586511015892029,1e-04,0.9604238271713257,0.9142441749572754,0.5842710137367249,0.9142441749572754
1283,0.9637746810913086,0.35462141036987305,1e-04,0.9637746810913086,0.9149709343910217,0.5684007406234741,0.9149709343910217
1284,0.9579786062240601,0.3598886728286743,1e-04,0.9579786062240601,0.9211482405662537,0.5598222017288208,0.9211482405662537
1285,0.9607861042022705,0.3582853078842163,1e-04,0.9607861042022705,0.9229651093482971,0.5717276930809021,0.9229651093482971
1286,0.9618728756904602,0.3538933992385864,1e-04,0.9618728756904602,0.9167878031730652,0.5814759731292725,0.9167878031730652
1287,0.9601521492004395,0.3578472435474396,1e-04,0.9601521492004395,0.9178779125213623,0.5759788155555725,0.9178779125213623
1288,0.9634124040603638,0.3533199429512024,1e-04,0.9634124040603638,0.9244186282157898,0.5621578097343445,0.9244186282157898
1289,0.9625973701477051,0.35633912682533264,1e-04,0.9625973701477051,0.9222383499145508,0.567367434501648,0.9222383499145508
1290,0.9653142690658569,0.34704145789146423,1e-04,0.9653142690658569,0.9222383499145508,0.5677869319915771,0.9222383499145508
1291,0.9616917371749878,0.3525960147380829,1e-04,0.9616917371749878,0.9149709343910217,0.5611147880554199,0.9149709343910217
1292,0.9632313251495361,0.35323870182037354,1e-04,0.9632313251495361,0.9211482405662537,0.5572403073310852,0.9211482405662537
1293,0.9614200592041016,0.3502594232559204,1e-04,0.9614200592041016,0.9178779125213623,0.5705228447914124,0.9178779125213623
1294,0.9627785086631775,0.3470999002456665,1e-04,0.9627785086631775,0.9196947813034058,0.5715770125389099,0.9196947813034058
1295,0.9588842391967773,0.3579713702201843,1e-04,0.9588842391967773,0.9120639562606812,0.6106476187705994,0.9120639562606812
1296,0.9565296173095703,0.36193734407424927,1e-04,0.9565296173095703,0.9215116500854492,0.5709341764450073,0.9215116500854492
1297,0.9608766436576843,0.35651054978370667,1e-04,0.9608766436576843,0.9226017594337463,0.5489606857299805,0.9226017594337463
1298,0.9622350931167603,0.3531270921230316,1e-04,0.9622350931167603,0.9175145626068115,0.5588172674179077,0.9175145626068115
1299,0.9606955051422119,0.35273897647857666,1e-04,0.9606955051422119,0.9196947813034058,0.5827817916870117,0.9196947813034058
1300,0.9601521492004395,0.35452261567115784,1e-04,0.9601521492004395,0.9211482405662537,0.5720372200012207,0.9211482405662537
1301,0.9631407260894775,0.3486170768737793,1e-04,0.9631407260894775,0.9193313717842102,0.5774861574172974,0.9193313717842102
1302,0.9649519920349121,0.3446698784828186,1e-04,0.9649519920349121,0.9182412624359131,0.5971747040748596,0.9182412624359131
1303,0.9630501866340637,0.3531079888343811,1e-04,0.9630501866340637,0.9178779125213623,0.5923855900764465,0.9178779125213623
1304,0.9608766436576843,0.35365691781044006,1e-04,0.9608766436576843,0.9207848906517029,0.5570884943008423,0.9207848906517029
1305,0.96332186460495,0.3503290116786957,1e-04,0.96332186460495,0.9153342843055725,0.5740877389907837,0.9153342843055725
1306,0.9606049656867981,0.3526681959629059,1e-04,0.9606049656867981,0.9164243936538696,0.5695685744285583,0.9164243936538696
1307,0.9615105986595154,0.35369259119033813,1e-04,0.9615105986595154,0.9127907156944275,0.59611976146698,0.9127907156944275
1308,0.9622350931167603,0.35197338461875916,1e-04,0.9622350931167603,0.9113371968269348,0.5951037406921387,0.9113371968269348
1309,0.9631407260894775,0.34868288040161133,1e-04,0.9631407260894775,0.921875,0.5677101016044617,0.921875
1310,0.959608793258667,0.3562363386154175,1e-04,0.959608793258667,0.9233284592628479,0.5610584616661072,0.9233284592628479
1311,0.9635030031204224,0.35096579790115356,1e-04,0.9635030031204224,0.9196947813034058,0.558258056640625,0.9196947813034058
1312,0.9620539546012878,0.35181406140327454,1e-04,0.9620539546012878,0.9164243936538696,0.5718048810958862,0.9164243936538696
1313,0.9621445536613464,0.3488641083240509,1e-04,0.9621445536613464,0.9196947813034058,0.5819720029830933,0.9196947813034058
1314,0.9616917371749878,0.34945547580718994,1e-04,0.9616917371749878,0.9182412624359131,0.5728572607040405,0.9182412624359131
1315,0.9612389206886292,0.35323429107666016,1e-04,0.9612389206886292,0.921875,0.5689153671264648,0.921875
1316,0.9610577821731567,0.3528229892253876,1e-04,0.9610577821731567,0.9120639562606812,0.601422905921936,0.9120639562606812
1317,0.9615105986595154,0.3495561480522156,1e-04,0.9615105986595154,0.9200581312179565,0.5719631314277649,0.9200581312179565
1318,0.9597898721694946,0.3594542145729065,1e-04,0.9597898721694946,0.9255087375640869,0.5506705641746521,0.9255087375640869
1319,0.9625973701477051,0.35486286878585815,1e-04,0.9625973701477051,0.9207848906517029,0.572608470916748,0.9207848906517029
1320,0.9629595875740051,0.351291686296463,1e-04,0.9629595875740051,0.9156976938247681,0.588742196559906,0.9156976938247681
1321,0.9635030031204224,0.34637629985809326,1e-04,0.9635030031204224,0.9226017594337463,0.5606127977371216,0.9226017594337463
1322,0.9630501866340637,0.3491455018520355,1e-04,0.9630501866340637,0.926598846912384,0.5655866265296936,0.926598846912384
1323,0.9617822766304016,0.3529093861579895,1e-04,0.9617822766304016,0.921875,0.5630315542221069,0.921875
1324,0.9650425910949707,0.3492979109287262,1e-04,0.9650425910949707,0.9200581312179565,0.573786199092865,0.9200581312179565
1325,0.9625067710876465,0.34876635670661926,1e-04,0.9625067710876465,0.9167878031730652,0.5740100145339966,0.9167878031730652
1326,0.9628690481185913,0.35037627816200256,1e-04,0.9628690481185913,0.9164243936538696,0.593603789806366,0.9164243936538696
1327,0.9617822766304016,0.3511623442173004,1e-04,0.9617822766304016,0.917151153087616,0.5656355023384094,0.917151153087616
1328,0.9625067710876465,0.34964635968208313,1e-04,0.9625067710876465,0.9226017594337463,0.5639094710350037,0.9226017594337463
1329,0.9628690481185913,0.3503097891807556,1e-04,0.9628690481185913,0.9229651093482971,0.5666561722755432,0.9229651093482971
1330,0.9631407260894775,0.35186177492141724,1e-04,0.9631407260894775,0.9186046719551086,0.5780446529388428,0.9186046719551086
1331,0.9644086360931396,0.3469144403934479,1e-04,0.9644086360931396,0.9193313717842102,0.5601514577865601,0.9193313717842102
1332,0.961963415145874,0.34879395365715027,1e-04,0.961963415145874,0.90625,0.6215597987174988,0.90625
1333,0.9632313251495361,0.3488389551639557,1e-04,0.9632313251495361,0.917151153087616,0.5897806286811829,0.917151153087616
1334,0.9625067710876465,0.34795045852661133,1e-04,0.9625067710876465,0.9131540656089783,0.5708358883857727,0.9131540656089783
1335,0.9638652205467224,0.3468603491783142,1e-04,0.9638652205467224,0.9156976938247681,0.5803912281990051,0.9156976938247681
1336,0.9631407260894775,0.3500857949256897,1e-04,0.9631407260894775,0.917151153087616,0.5591679215431213,0.917151153087616
1337,0.9646803140640259,0.3452449142932892,1e-04,0.9646803140640259,0.9196947813034058,0.5573131442070007,0.9196947813034058
1338,0.9577069282531738,0.3628402054309845,1e-04,0.9577069282531738,0.9055232405662537,0.6122638583183289,0.9055232405662537
1339,0.9612389206886292,0.34976500272750854,1e-04,0.9612389206886292,0.921875,0.557666003704071,0.921875
1340,0.9623256921768188,0.3510145843029022,1e-04,0.9623256921768188,0.9233284592628479,0.5488903522491455,0.9233284592628479
1341,0.9622350931167603,0.35044559836387634,1e-04,0.9622350931167603,0.9138808250427246,0.5861555337905884,0.9138808250427246
1342,0.961963415145874,0.3495480716228485,1e-04,0.961963415145874,0.9131540656089783,0.5860643982887268,0.9131540656089783
1343,0.9598804712295532,0.35433608293533325,1e-04,0.9598804712295532,0.9204215407371521,0.5798846483230591,0.9204215407371521
1344,0.9610577821731567,0.35040146112442017,1e-04,0.9610577821731567,0.9156976938247681,0.5868173837661743,0.9156976938247681
1345,0.9635030031204224,0.35058680176734924,1e-04,0.9635030031204224,0.9186046719551086,0.5682716369628906,0.9186046719551086
1346,0.9629595875740051,0.3500767946243286,1e-04,0.9629595875740051,0.913517415523529,0.5836581587791443,0.913517415523529
1347,0.9648614525794983,0.34535619616508484,1e-04,0.9648614525794983,0.9175145626068115,0.5853144526481628,0.9175145626068115
1348,0.9641369581222534,0.34772270917892456,1e-04,0.9641369581222534,0.9186046719551086,0.5816319584846497,0.9186046719551086
1349,0.9637746810913086,0.34792518615722656,1e-04,0.9637746810913086,0.9186046719551086,0.5774338841438293,0.9186046719551086
1350,0.9638652205467224,0.34793663024902344,1e-04,0.9638652205467224,0.9124273061752319,0.6031456589698792,0.9124273061752319
1351,0.9658576250076294,0.34130239486694336,1e-04,0.9658576250076294,0.9164243936538696,0.5687225461006165,0.9164243936538696
1352,0.9664010405540466,0.3431012034416199,1e-04,0.9664010405540466,0.9167878031730652,0.5831958651542664,0.9167878031730652
1353,0.9641369581222534,0.3470091223716736,1e-04,0.9641369581222534,0.917151153087616,0.589767336845398,0.917151153087616
1354,0.9653142690658569,0.34405285120010376,1e-04,0.9653142690658569,0.9156976938247681,0.6026710271835327,0.9156976938247681
1355,0.9612389206886292,0.35131147503852844,1e-04,0.9612389206886292,0.9226017594337463,0.5572404265403748,0.9226017594337463
1356,0.9651331305503845,0.34654155373573303,1e-04,0.9651331305503845,0.9182412624359131,0.5733693242073059,0.9182412624359131
1357,0.9649519920349121,0.3443010449409485,1e-04,0.9649519920349121,0.9204215407371521,0.5479270219802856,0.9204215407371521
1358,0.9644991755485535,0.3438591957092285,1e-04,0.9644991755485535,0.9175145626068115,0.5717201232910156,0.9175145626068115
1359,0.9624162316322327,0.3448581099510193,1e-04,0.9624162316322327,0.9153342843055725,0.5794715285301208,0.9153342843055725
1360,0.9638652205467224,0.344337522983551,1e-04,0.9638652205467224,0.917151153087616,0.6041120290756226,0.917151153087616
1361,0.9651331305503845,0.34237077832221985,1e-04,0.9651331305503845,0.9087936282157898,0.613470733165741,0.9087936282157898
1362,0.9648614525794983,0.347047358751297,1e-04,0.9648614525794983,0.9142441749572754,0.5754581689834595,0.9142441749572754
1363,0.964318037033081,0.3490365743637085,1e-04,0.964318037033081,0.9193313717842102,0.5697481036186218,0.9193313717842102
1364,0.9668538570404053,0.34506329894065857,1e-04,0.9668538570404053,0.9211482405662537,0.5607543587684631,0.9211482405662537
1365,0.9637746810913086,0.3450733423233032,1e-04,0.9637746810913086,0.921875,0.5639746189117432,0.921875
1366,0.9650425910949707,0.34274178743362427,1e-04,0.9650425910949707,0.9211482405662537,0.565736711025238,0.9211482405662537
1367,0.9635935425758362,0.34699955582618713,1e-04,0.9635935425758362,0.9251453280448914,0.5508050918579102,0.9251453280448914
1368,0.9646803140640259,0.34912043809890747,1e-04,0.9646803140640259,0.9120639562606812,0.5905777215957642,0.9120639562606812
1369,0.9650425910949707,0.34152165055274963,1e-04,0.9650425910949707,0.9215116500854492,0.5725240707397461,0.9215116500854492
1370,0.9648614525794983,0.3457786738872528,1e-04,0.9648614525794983,0.9196947813034058,0.5794550180435181,0.9196947813034058
1371,0.9603332877159119,0.35428211092948914,1e-04,0.9603332877159119,0.9193313717842102,0.5667626261711121,0.9193313717842102
1372,0.9652236700057983,0.34324949979782104,1e-04,0.9652236700057983,0.9207848906517029,0.5936248898506165,0.9207848906517029
1373,0.961963415145874,0.3507661819458008,1e-04,0.961963415145874,0.9215116500854492,0.571653425693512,0.9215116500854492
1374,0.9630501866340637,0.34860971570014954,1e-04,0.9630501866340637,0.9196947813034058,0.554787814617157,0.9196947813034058
1375,0.9645897746086121,0.34729811549186707,1e-04,0.9645897746086121,0.9193313717842102,0.5718560814857483,0.9193313717842102
1376,0.9667632579803467,0.3416030704975128,1e-04,0.9667632579803467,0.9156976938247681,0.5579677224159241,0.9156976938247681
1377,0.9650425910949707,0.3433496654033661,1e-04,0.9650425910949707,0.8866279125213623,0.7254197597503662,0.8866279125213623
1378,0.9604238271713257,0.35534003376960754,1e-04,0.9604238271713257,0.9153342843055725,0.5971875190734863,0.9153342843055725
1379,0.9608766436576843,0.35218214988708496,1e-04,0.9608766436576843,0.913517415523529,0.5698583722114563,0.913517415523529
1380,0.9632313251495361,0.3455871045589447,1e-04,0.9632313251495361,0.914607584476471,0.5609800815582275,0.914607584476471
1381,0.9673066735267639,0.33992162346839905,1e-04,0.9673066735267639,0.917151153087616,0.5700209140777588,0.917151153087616
1382,0.9644086360931396,0.3437723219394684,1e-04,0.9644086360931396,0.9142441749572754,0.5901152491569519,0.9142441749572754
1383,0.9641369581222534,0.34554168581962585,1e-04,0.9641369581222534,0.9247819781303406,0.566642701625824,0.9247819781303406
1384,0.966310441493988,0.33980223536491394,1e-04,0.966310441493988,0.9182412624359131,0.5793594717979431,0.9182412624359131
1385,0.9635030031204224,0.34701475501060486,1e-04,0.9635030031204224,0.9189680218696594,0.5787281394004822,0.9189680218696594
1386,0.965676486492157,0.34248197078704834,1e-04,0.965676486492157,0.9160610437393188,0.5632388591766357,0.9160610437393188
1387,0.9650425910949707,0.3428521156311035,1e-04,0.9650425910949707,0.9229651093482971,0.5535337924957275,0.9229651093482971
1388,0.9655888676643372,0.341428279876709,1e-04,0.9655888676643372,0.9200581312179565,0.5609050989151001,0.9200581312179565
1389,0.9646803140640259,0.3457297384738922,1e-04,0.9646803140640259,0.9189680218696594,0.5508645176887512,0.9189680218696594
1390,0.9649519920349121,0.3436327278614044,1e-04,0.9649519920349121,0.9226017594337463,0.5680031180381775,0.9226017594337463
1391,0.9642274975776672,0.34621429443359375,1e-04,0.9642274975776672,0.9189680218696594,0.5529277920722961,0.9189680218696594
1392,0.9640463590621948,0.3414236009120941,1e-04,0.9640463590621948,0.9222383499145508,0.5628646016120911,0.9222383499145508
1393,0.9691179394721985,0.3331091105937958,1e-04,0.9691179394721985,0.9149709343910217,0.5689205527305603,0.9149709343910217
1394,0.9648614525794983,0.344841331243515,1e-04,0.9648614525794983,0.9156976938247681,0.5791250467300415,0.9156976938247681
1395,0.9618728756904602,0.3505774140357971,1e-04,0.9618728756904602,0.9160610437393188,0.5712484121322632,0.9160610437393188
1396,0.9635935425758362,0.3425000309944153,1e-04,0.9635935425758362,0.9233284592628479,0.5516588091850281,0.9233284592628479
1397,0.9648614525794983,0.34049373865127563,1e-04,0.9648614525794983,0.9258720874786377,0.5560019016265869,0.9258720874786377
1398,0.9637746810913086,0.34396737813949585,1e-04,0.9637746810913086,0.9229651093482971,0.5564905405044556,0.9229651093482971
1399,0.9614200592041016,0.34974345564842224,1e-04,0.9614200592041016,0.926598846912384,0.5562445521354675,0.926598846912384
1400,0.9627785086631775,0.34902408719062805,1e-04,0.9627785086631775,0.9240552186965942,0.5487067699432373,0.9240552186965942
1401,0.9674877524375916,0.3432207405567169,1e-04,0.9674877524375916,0.9200581312179565,0.5750940442085266,0.9200581312179565
1402,0.9647708535194397,0.3402020335197449,1e-04,0.9647708535194397,0.9258720874786377,0.5595704913139343,0.9258720874786377
1403,0.9661293029785156,0.3425006568431854,1e-04,0.9661293029785156,0.9240552186965942,0.5665742754936218,0.9240552186965942
1404,0.9661293029785156,0.3388204276561737,1e-04,0.9661293029785156,0.9186046719551086,0.5757187008857727,0.9186046719551086
1405,0.9644086360931396,0.3459775447845459,1e-04,0.9644086360931396,0.9142441749572754,0.6102025508880615,0.9142441749572754
1406,0.9674877524375916,0.3382143974304199,1e-04,0.9674877524375916,0.9200581312179565,0.5564150214195251,0.9200581312179565
1407,0.965948224067688,0.33928540349006653,1e-04,0.965948224067688,0.9167878031730652,0.582741916179657,0.9167878031730652
1408,0.9635030031204224,0.3433733582496643,1e-04,0.9635030031204224,0.9178779125213623,0.5616236329078674,0.9178779125213623
1409,0.967668890953064,0.3347797691822052,1e-04,0.967668890953064,0.9186046719551086,0.5493770241737366,0.9186046719551086
1410,0.9688462018966675,0.3344404995441437,1e-04,0.9688462018966675,0.9233284592628479,0.5568580031394958,0.9233284592628479
1411,0.9658576250076294,0.3402073085308075,1e-04,0.9658576250076294,0.9186046719551086,0.5679821968078613,0.9186046719551086
1412,0.965676486492157,0.33841806650161743,1e-04,0.965676486492157,0.9200581312179565,0.5614451766014099,0.9200581312179565
1413,0.9665821194648743,0.34088388085365295,1e-04,0.9665821194648743,0.9229651093482971,0.5412323474884033,0.9229651093482971
1414,0.9662199020385742,0.3367471396923065,1e-04,0.9662199020385742,0.9240552186965942,0.5546640753746033,0.9240552186965942
1415,0.965948224067688,0.33761414885520935,1e-04,0.965948224067688,0.9186046719551086,0.5615783333778381,0.9186046719551086
1416,0.9650425910949707,0.3414731025695801,1e-04,0.9650425910949707,0.9200581312179565,0.5694589614868164,0.9200581312179565
1417,0.9652236700057983,0.34174785017967224,1e-04,0.9652236700057983,0.9189680218696594,0.5620021820068359,0.9189680218696594
1418,0.9658576250076294,0.34295472502708435,1e-04,0.9658576250076294,0.9229651093482971,0.5646092295646667,0.9229651093482971
1419,0.9646803140640259,0.3417423665523529,1e-04,0.9646803140640259,0.921875,0.5666754841804504,0.921875
1420,0.9681217074394226,0.33590638637542725,1e-04,0.9681217074394226,0.921875,0.5695691704750061,0.921875
1421,0.9641369581222534,0.3447633981704712,1e-04,0.9641369581222534,0.9149709343910217,0.5783464908599854,0.9149709343910217
1422,0.9702046513557434,0.3303849995136261,1e-04,0.9702046513557434,0.917151153087616,0.5659421682357788,0.917151153087616
1423,0.9640463590621948,0.3419363498687744,1e-04,0.9640463590621948,0.921875,0.5667730569839478,0.921875
1424,0.965948224067688,0.3393493890762329,1e-04,0.965948224067688,0.9193313717842102,0.5573698282241821,0.9193313717842102
1425,0.9654048085212708,0.3417905271053314,1e-04,0.9654048085212708,0.9240552186965942,0.5617144107818604,0.9240552186965942
1426,0.9635935425758362,0.34241414070129395,1e-04,0.9635935425758362,0.9196947813034058,0.5573146939277649,0.9196947813034058
1427,0.9677594900131226,0.3361356556415558,1e-04,0.9677594900131226,0.9142441749572754,0.5963634252548218,0.9142441749572754
1428,0.964318037033081,0.34318938851356506,1e-04,0.964318037033081,0.9262354373931885,0.5595530867576599,0.9262354373931885
1429,0.9662199020385742,0.33410272002220154,1e-04,0.9662199020385742,0.9182412624359131,0.5786563754081726,0.9182412624359131
1430,0.9644991755485535,0.3414463698863983,1e-04,0.9644991755485535,0.9167878031730652,0.5978910326957703,0.9167878031730652
1431,0.9648614525794983,0.3387397527694702,1e-04,0.9648614525794983,0.9178779125213623,0.5817457437515259,0.9178779125213623
1432,0.9670349359512329,0.33620887994766235,1e-04,0.9670349359512329,0.9182412624359131,0.5631929636001587,0.9182412624359131
1433,0.9632313251495361,0.34667423367500305,1e-04,0.9632313251495361,0.921875,0.5855251550674438,0.921875
1434,0.9664010405540466,0.33897480368614197,1e-04,0.9664010405540466,0.9186046719551086,0.5852897763252258,0.9186046719551086
1435,0.965676486492157,0.34564054012298584,1e-04,0.965676486492157,0.9124273061752319,0.6108574867248535,0.9124273061752319
1436,0.9660387635231018,0.3382129967212677,1e-04,0.9660387635231018,0.9226017594337463,0.5771848559379578,0.9226017594337463
1437,0.9667632579803467,0.33963075280189514,1e-04,0.9667632579803467,0.921875,0.5595109462738037,0.921875
1438,0.9661293029785156,0.3402455747127533,1e-04,0.9661293029785156,0.9229651093482971,0.5694806575775146,0.9229651093482971
1439,0.9665821194648743,0.3359472155570984,1e-04,0.9665821194648743,0.9117006063461304,0.6070811152458191,0.9117006063461304
1440,0.9646803140640259,0.34075185656547546,1e-04,0.9646803140640259,0.9051598906517029,0.6219283938407898,0.9051598906517029
1441,0.9625973701477051,0.34542566537857056,1e-04,0.9625973701477051,0.9255087375640869,0.5573012232780457,0.9255087375640869
1442,0.9661293029785156,0.3364701569080353,1e-04,0.9661293029785156,0.9189680218696594,0.5689412951469421,0.9189680218696594
1443,0.9679405689239502,0.3363514542579651,1e-04,0.9679405689239502,0.9189680218696594,0.5837429165840149,0.9189680218696594
1444,0.9671255350112915,0.33809712529182434,1e-04,0.9671255350112915,0.921875,0.5853551626205444,0.921875
1445,0.9634124040603638,0.34186115860939026,1e-04,0.9634124040603638,0.9211482405662537,0.5768778324127197,0.9211482405662537
1446,0.9660387635231018,0.3389185667037964,1e-04,0.9660387635231018,0.910973846912384,0.5942405462265015,0.910973846912384
1447,0.9692990183830261,0.33634912967681885,1e-04,0.9692990183830261,0.9262354373931885,0.5564383864402771,0.9262354373931885
1448,0.968302845954895,0.33185774087905884,1e-04,0.968302845954895,0.9251453280448914,0.5741507411003113,0.9251453280448914
1449,0.963955819606781,0.3390256464481354,1e-04,0.963955819606781,0.9186046719551086,0.5658056735992432,0.9186046719551086
1450,0.96332186460495,0.34464287757873535,1e-04,0.96332186460495,0.9244186282157898,0.5585586428642273,0.9244186282157898
1451,0.9660387635231018,0.3377436697483063,1e-04,0.9660387635231018,0.9222383499145508,0.5654258131980896,0.9222383499145508
1452,0.9673066735267639,0.3345741331577301,1e-04,0.9673066735267639,0.9211482405662537,0.5648627281188965,0.9211482405662537
1453,0.9700235724449158,0.33326470851898193,1e-04,0.9700235724449158,0.9226017594337463,0.5637497305870056,0.9226017594337463
1454,0.9712008833885193,0.32679441571235657,1e-04,0.9712008833885193,0.9200581312179565,0.5730553865432739,0.9200581312179565
1455,0.9648614525794983,0.33966365456581116,1e-04,0.9648614525794983,0.9175145626068115,0.5675994753837585,0.9175145626068115
1456,0.9673972129821777,0.3354451358318329,1e-04,0.9673972129821777,0.9207848906517029,0.5594276785850525,0.9207848906517029
1457,0.9684839844703674,0.3283596634864807,1e-04,0.9684839844703674,0.9280523061752319,0.5627558827400208,0.9280523061752319
1458,0.9695707559585571,0.3322881758213043,1e-04,0.9695707559585571,0.9287790656089783,0.5565770864486694,0.9287790656089783
1459,0.9640463590621948,0.34443801641464233,1e-04,0.9640463590621948,0.9251453280448914,0.5553522109985352,0.9251453280448914
1460,0.9674877524375916,0.33560046553611755,1e-04,0.9674877524375916,0.929142415523529,0.5756467580795288,0.929142415523529
1461,0.967668890953064,0.33335962891578674,1e-04,0.967668890953064,0.9207848906517029,0.5878759622573853,0.9207848906517029
1462,0.9673972129821777,0.3316872715950012,1e-04,0.9673972129821777,0.9211482405662537,0.5652501583099365,0.9211482405662537
1463,0.9666727185249329,0.333685964345932,1e-04,0.9666727185249329,0.9222383499145508,0.5852513313293457,0.9222383499145508
1464,0.9648614525794983,0.3394070565700531,1e-04,0.9648614525794983,0.9244186282157898,0.5838661193847656,0.9244186282157898
1465,0.9675783514976501,0.33788517117500305,1e-04,0.9675783514976501,0.9160610437393188,0.5891323685646057,0.9160610437393188
1466,0.965676486492157,0.33301830291748047,1e-04,0.965676486492157,0.9240552186965942,0.561131477355957,0.9240552186965942
1467,0.9684839844703674,0.33304235339164734,1e-04,0.9684839844703674,0.9207848906517029,0.5748197436332703,0.9207848906517029
1468,0.9694801568984985,0.32939377427101135,1e-04,0.9694801568984985,0.9236918687820435,0.5688232779502869,0.9236918687820435
1469,0.967668890953064,0.3356545567512512,1e-04,0.967668890953064,0.9204215407371521,0.5651779174804688,0.9204215407371521
1470,0.9673972129821777,0.3349026143550873,1e-04,0.9673972129821777,0.9189680218696594,0.5913214087486267,0.9189680218696594
1471,0.9700235724449158,0.33256199955940247,1e-04,0.9700235724449158,0.9244186282157898,0.5699410438537598,0.9244186282157898
1472,0.9660387635231018,0.3372993469238281,1e-04,0.9660387635231018,0.9215116500854492,0.5761768221855164,0.9215116500854492
1473,0.9680311679840088,0.33348241448402405,1e-04,0.9680311679840088,0.9204215407371521,0.573291003704071,0.9204215407371521
1474,0.9662199020385742,0.3375549912452698,1e-04,0.9662199020385742,0.9276889562606812,0.5407775640487671,0.9276889562606812
1475,0.9673972129821777,0.3344198763370514,1e-04,0.9673972129821777,0.9215116500854492,0.568333089351654,0.9215116500854492
1476,0.9664915800094604,0.33772894740104675,1e-04,0.9664915800094604,0.9186046719551086,0.5703351497650146,0.9186046719551086
1477,0.9681217074394226,0.3333241939544678,1e-04,0.9681217074394226,0.9222383499145508,0.5699416399002075,0.9222383499145508
1478,0.9667632579803467,0.3351145386695862,1e-04,0.9667632579803467,0.9240552186965942,0.5685402750968933,0.9240552186965942
1479,0.9688462018966675,0.3322312533855438,1e-04,0.9688462018966675,0.9222383499145508,0.5714025497436523,0.9222383499145508
1480,0.9642274975776672,0.34083107113838196,1e-04,0.9642274975776672,0.9215116500854492,0.5583530068397522,0.9215116500854492
1481,0.9650425910949707,0.3391643166542053,1e-04,0.9650425910949707,0.9200581312179565,0.5483494400978088,0.9200581312179565
1482,0.9672160744667053,0.3340303301811218,1e-04,0.9672160744667053,0.9244186282157898,0.5587975978851318,0.9244186282157898
1483,0.9662199020385742,0.3347964584827423,1e-04,0.9662199020385742,0.9164243936538696,0.5842441916465759,0.9164243936538696
1484,0.9672160744667053,0.334170401096344,1e-04,0.9672160744667053,0.9215116500854492,0.5922978520393372,0.9215116500854492
1485,0.9667632579803467,0.33353859186172485,1e-04,0.9667632579803467,0.9284157156944275,0.5581946969032288,0.9284157156944275
1486,0.967668890953064,0.3349599540233612,1e-04,0.967668890953064,0.9251453280448914,0.5576382279396057,0.9251453280448914
1487,0.9708386063575745,0.33030620217323303,1e-04,0.9708386063575745,0.9229651093482971,0.5807631611824036,0.9229651093482971
1488,0.9677594900131226,0.3324872553348541,1e-04,0.9677594900131226,0.9204215407371521,0.5937997698783875,0.9204215407371521
1489,0.9654954075813293,0.3388579487800598,1e-04,0.9654954075813293,0.921875,0.5673913955688477,0.921875
1490,0.9667632579803467,0.3349442780017853,1e-04,0.9667632579803467,0.9258720874786377,0.5588787198066711,0.9258720874786377
1491,0.9693896174430847,0.32866063714027405,1e-04,0.9693896174430847,0.9269621968269348,0.5671442747116089,0.9269621968269348
1492,0.9673066735267639,0.3351587653160095,1e-04,0.9673066735267639,0.9233284592628479,0.5537117123603821,0.9233284592628479
1493,0.972649872303009,0.32257190346717834,1e-04,0.972649872303009,0.9262354373931885,0.5552436709403992,0.9262354373931885
1494,0.965948224067688,0.34048470854759216,1e-04,0.965948224067688,0.9087936282157898,0.5936760902404785,0.9087936282157898
1495,0.9708386063575745,0.3269209861755371,1e-04,0.9708386063575745,0.9193313717842102,0.5687537789344788,0.9193313717842102
1496,0.9705669283866882,0.3308011293411255,1e-04,0.9705669283866882,0.9211482405662537,0.5721040964126587,0.9211482405662537
1497,0.9701141119003296,0.32693904638290405,1e-04,0.9701141119003296,0.9258720874786377,0.5632847547531128,0.9258720874786377
1498,0.9675783514976501,0.3340616822242737,1e-04,0.9675783514976501,0.9244186282157898,0.5705820322036743,0.9244186282157898
1499,0.9664915800094604,0.33675065636634827,1e-04,0.9664915800094604,0.9236918687820435,0.5656780004501343,0.9236918687820435
1500,0.9681217074394226,0.33173128962516785,1e-04,0.9681217074394226,0.9229651093482971,0.568428099155426,0.9229651093482971
1501,0.9669443964958191,0.3357692360877991,1e-04,0.9669443964958191,0.9247819781303406,0.5614718794822693,0.9247819781303406
1502,0.965676486492157,0.33430275321006775,1e-04,0.965676486492157,0.9160610437393188,0.5829026103019714,0.9160610437393188
1503,0.9691179394721985,0.32937365770339966,1e-04,0.9691179394721985,0.9196947813034058,0.5882282853126526,0.9196947813034058
1504,0.9735555052757263,0.32503432035446167,1e-04,0.9735555052757263,0.9236918687820435,0.588614284992218,0.9236918687820435
1505,0.968302845954895,0.3332134187221527,1e-04,0.968302845954895,0.9247819781303406,0.5766584873199463,0.9247819781303406
1506,0.9703857898712158,0.327786386013031,1e-04,0.9703857898712158,0.9244186282157898,0.5957056283950806,0.9244186282157898
1507,0.9692084789276123,0.3323548138141632,1e-04,0.9692084789276123,0.9226017594337463,0.5716348886489868,0.9226017594337463
1508,0.9703857898712158,0.32946300506591797,1e-04,0.9703857898712158,0.926598846912384,0.5624667406082153,0.926598846912384
1509,0.968302845954895,0.3339126706123352,1e-04,0.968302845954895,0.9196947813034058,0.5919937491416931,0.9196947813034058
1510,0.9690273404121399,0.3322829604148865,1e-04,0.9690273404121399,0.9156976938247681,0.6103466749191284,0.9156976938247681
1511,0.9690273404121399,0.3290899395942688,1e-04,0.9690273404121399,0.921875,0.5738689303398132,0.921875
1512,0.969661295413971,0.3267318904399872,1e-04,0.969661295413971,0.9236918687820435,0.5755372643470764,0.9236918687820435
1513,0.9686651229858398,0.33192455768585205,1e-04,0.9686651229858398,0.9240552186965942,0.5660719275474548,0.9240552186965942
1514,0.9662199020385742,0.33425500988960266,1e-04,0.9662199020385742,0.9233284592628479,0.5471281409263611,0.9233284592628479
1515,0.9674877524375916,0.3333257734775543,1e-04,0.9674877524375916,0.9226017594337463,0.559640109539032,0.9226017594337463
1516,0.970657467842102,0.3258717954158783,1e-04,0.970657467842102,0.9280523061752319,0.5536658763885498,0.9280523061752319
1517,0.9686651229858398,0.3324591815471649,1e-04,0.9686651229858398,0.9196947813034058,0.572928249835968,0.9196947813034058
1518,0.9688462018966675,0.3300342261791229,1e-04,0.9688462018966675,0.9240552186965942,0.5579689145088196,0.9240552186965942
1519,0.9690273404121399,0.32664427161216736,1e-04,0.9690273404121399,0.9222383499145508,0.5790913701057434,0.9222383499145508
1520,0.969661295413971,0.32710376381874084,1e-04,0.969661295413971,0.9200581312179565,0.5803202986717224,0.9200581312179565
1521,0.9689368009567261,0.32743039727211,1e-04,0.9689368009567261,0.921875,0.5716650485992432,0.921875
1522,0.9723781943321228,0.32529550790786743,1e-04,0.9723781943321228,0.9196947813034058,0.5810815691947937,0.9196947813034058
1523,0.9664915800094604,0.3302675783634186,1e-04,0.9664915800094604,0.9182412624359131,0.5963158011436462,0.9182412624359131
1524,0.9687556624412537,0.3332709074020386,1e-04,0.9687556624412537,0.9295058250427246,0.5563410520553589,0.9295058250427246
1525,0.9683933854103088,0.3307368755340576,1e-04,0.9683933854103088,0.9247819781303406,0.5575366020202637,0.9247819781303406
1526,0.9689368009567261,0.3267197608947754,1e-04,0.9689368009567261,0.9236918687820435,0.5623664259910583,0.9236918687820435
1527,0.9721970558166504,0.32525745034217834,1e-04,0.9721970558166504,0.9215116500854492,0.5668486952781677,0.9215116500854492
1528,0.9711102843284607,0.32861000299453735,1e-04,0.9711102843284607,0.9204215407371521,0.5621739625930786,0.9204215407371521
1529,0.9711102843284607,0.326221764087677,1e-04,0.9711102843284607,0.9226017594337463,0.5636336803436279,0.9226017594337463
1530,0.972649872303009,0.32475367188453674,1e-04,0.972649872303009,0.9229651093482971,0.5857624411582947,0.9229651093482971
1531,0.9718348383903503,0.3233273923397064,1e-04,0.9718348383903503,0.9229651093482971,0.5700114369392395,0.9229651093482971
1532,0.9695707559585571,0.326972097158432,1e-04,0.9695707559585571,0.9233284592628479,0.5780810713768005,0.9233284592628479
1533,0.9688462018966675,0.3353944420814514,1e-04,0.9688462018966675,0.9207848906517029,0.5700193047523499,0.9207848906517029
1534,0.9721970558166504,0.3248440623283386,1e-04,0.9721970558166504,0.9240552186965942,0.5608440637588501,0.9240552186965942
1535,0.9697518348693848,0.32663190364837646,1e-04,0.9697518348693848,0.9236918687820435,0.5623698234558105,0.9236918687820435
1536,0.9684839844703674,0.33143293857574463,1e-04,0.9684839844703674,0.9236918687820435,0.565943717956543,0.9236918687820435
1537,0.9699329733848572,0.3285624086856842,1e-04,0.9699329733848572,0.9196947813034058,0.5722714066505432,0.9196947813034058
1538,0.9685745239257812,0.33100444078445435,1e-04,0.9685745239257812,0.9193313717842102,0.5743446946144104,0.9193313717842102
1539,0.9691179394721985,0.330314576625824,1e-04,0.9691179394721985,0.9222383499145508,0.5608386397361755,0.9222383499145508
1540,0.9690273404121399,0.327451229095459,1e-04,0.9690273404121399,0.9160610437393188,0.5623525381088257,0.9160610437393188
1541,0.9719253778457642,0.32213345170021057,1e-04,0.9719253778457642,0.9164243936538696,0.5871571898460388,0.9164243936538696
1542,0.9705669283866882,0.32476210594177246,1e-04,0.9705669283866882,0.9222383499145508,0.5697129964828491,0.9222383499145508
1543,0.969661295413971,0.32485517859458923,1e-04,0.969661295413971,0.9178779125213623,0.5761203169822693,0.9178779125213623
1544,0.9692084789276123,0.3269980251789093,1e-04,0.9692084789276123,0.9269621968269348,0.5644422769546509,0.9269621968269348
1545,0.9733743667602539,0.32400190830230713,1e-04,0.9733743667602539,0.9211482405662537,0.5780977010726929,0.9211482405662537
1546,0.9709292054176331,0.32658031582832336,1e-04,0.9709292054176331,0.9240552186965942,0.5695417523384094,0.9240552186965942
1547,0.969661295413971,0.3247734010219574,1e-04,0.969661295413971,0.9258720874786377,0.5666870474815369,0.9258720874786377
1548,0.9674877524375916,0.3299490213394165,1e-04,0.9674877524375916,0.9211482405662537,0.5775631070137024,0.9211482405662537
1549,0.9729215502738953,0.32451683282852173,1e-04,0.9729215502738953,0.9284157156944275,0.558241605758667,0.9284157156944275
1550,0.968302845954895,0.32807236909866333,1e-04,0.968302845954895,0.9233284592628479,0.5820679664611816,0.9233284592628479
1551,0.9714725613594055,0.3236377537250519,1e-04,0.9714725613594055,0.9229651093482971,0.5872323513031006,0.9229651093482971
1552,0.9694801568984985,0.33101311326026917,1e-04,0.9694801568984985,0.9233284592628479,0.5624162554740906,0.9233284592628479
1553,0.9692084789276123,0.32730624079704285,1e-04,0.9692084789276123,0.9233284592628479,0.5809614658355713,0.9233284592628479
1554,0.9698424339294434,0.3258900046348572,1e-04,0.9698424339294434,0.9215116500854492,0.5863268971443176,0.9215116500854492
1555,0.9646803140640259,0.33569687604904175,1e-04,0.9646803140640259,0.917151153087616,0.5864144563674927,0.917151153087616
1556,0.9730121493339539,0.3231993317604065,1e-04,0.9730121493339539,0.9298691749572754,0.5603663325309753,0.9298691749572754
1557,0.9703857898712158,0.32571813464164734,1e-04,0.9703857898712158,0.9207848906517029,0.5701586008071899,0.9207848906517029
1558,0.972015917301178,0.32107239961624146,1e-04,0.972015917301178,0.9196947813034058,0.6052794456481934,0.9196947813034058
1559,0.9723781943321228,0.3199549615383148,1e-04,0.9723781943321228,0.9287790656089783,0.5625737905502319,0.9287790656089783
1560,0.9667632579803467,0.33082419633865356,1e-04,0.9667632579803467,0.9229651093482971,0.5606012344360352,0.9229651093482971
1561,0.9692084789276123,0.3293664753437042,1e-04,0.9692084789276123,0.9186046719551086,0.5850765705108643,0.9186046719551086
1562,0.9700235724449158,0.3279135227203369,1e-04,0.9700235724449158,0.9240552186965942,0.5646661520004272,0.9240552186965942
1563,0.9684839844703674,0.33092254400253296,1e-04,0.9684839844703674,0.9196947813034058,0.5734195709228516,0.9196947813034058
1564,0.9666727185249329,0.3393225371837616,1e-04,0.9666727185249329,0.9196947813034058,0.5644875168800354,0.9196947813034058
1565,0.9713820219039917,0.3221708834171295,1e-04,0.9713820219039917,0.9240552186965942,0.562730073928833,0.9240552186965942
1566,0.9698424339294434,0.3282032608985901,1e-04,0.9698424339294434,0.9262354373931885,0.549886167049408,0.9262354373931885
1567,0.9708386063575745,0.3247537910938263,1e-04,0.9708386063575745,0.9255087375640869,0.5659107565879822,0.9255087375640869
1568,0.9705669283866882,0.32431894540786743,1e-04,0.9705669283866882,0.9244186282157898,0.5660408735275269,0.9244186282157898
1569,0.9705669283866882,0.33050626516342163,1e-04,0.9705669283866882,0.9193313717842102,0.5799333453178406,0.9193313717842102
1570,0.9693896174430847,0.32639437913894653,1e-04,0.9693896174430847,0.9091569781303406,0.618517279624939,0.9091569781303406
1571,0.9721970558166504,0.31774237751960754,1e-04,0.9721970558166504,0.9215116500854492,0.576268196105957,0.9215116500854492
1572,0.9712914228439331,0.3245607614517212,1e-04,0.9712914228439331,0.9258720874786377,0.5517295002937317,0.9258720874786377
1573,0.9712914228439331,0.3242502510547638,1e-04,0.9712914228439331,0.9186046719551086,0.5619989633560181,0.9186046719551086
1574,0.9705669283866882,0.32582807540893555,1e-04,0.9705669283866882,0.9124273061752319,0.6122857928276062,0.9124273061752319
1575,0.9710197448730469,0.3244072198867798,1e-04,0.9710197448730469,0.9226017594337463,0.5621989369392395,0.9226017594337463
1576,0.9684839844703674,0.3261599838733673,1e-04,0.9684839844703674,0.9200581312179565,0.561226487159729,0.9200581312179565
1577,0.9684839844703674,0.3295574188232422,1e-04,0.9684839844703674,0.9229651093482971,0.5564515590667725,0.9229651093482971
1578,0.9685745239257812,0.32600143551826477,1e-04,0.9685745239257812,0.9200581312179565,0.5774445533752441,0.9200581312179565
1579,0.9700235724449158,0.32602861523628235,1e-04,0.9700235724449158,0.9207848906517029,0.5761155486106873,0.9207848906517029
1580,0.9718348383903503,0.32033771276474,1e-04,0.9718348383903503,0.9204215407371521,0.5656937956809998,0.9204215407371521
1581,0.9721970558166504,0.32424503564834595,1e-04,0.9721970558166504,0.9215116500854492,0.5884852409362793,0.9215116500854492
1582,0.9707480669021606,0.32272103428840637,1e-04,0.9707480669021606,0.9189680218696594,0.5698180794715881,0.9189680218696594
1583,0.9684839844703674,0.32717862725257874,1e-04,0.9684839844703674,0.9222383499145508,0.5650046467781067,0.9222383499145508
1584,0.9712914228439331,0.32083767652511597,1e-04,0.9712914228439331,0.9182412624359131,0.6054055094718933,0.9182412624359131
1585,0.970295250415802,0.32564878463745117,1e-04,0.970295250415802,0.9189680218696594,0.5971909165382385,0.9189680218696594
1586,0.968302845954895,0.32862579822540283,1e-04,0.968302845954895,0.9240552186965942,0.5720949172973633,0.9240552186965942
1587,0.9692990183830261,0.3293339014053345,1e-04,0.9692990183830261,0.9204215407371521,0.5750893950462341,0.9204215407371521
1588,0.9698424339294434,0.3248944878578186,1e-04,0.9698424339294434,0.9233284592628479,0.5548587441444397,0.9233284592628479
1589,0.9707480669021606,0.3264525532722473,1e-04,0.9707480669021606,0.9215116500854492,0.5636415481567383,0.9215116500854492
1590,0.9719253778457642,0.3225584924221039,1e-04,0.9719253778457642,0.9226017594337463,0.5875969529151917,0.9226017594337463
1591,0.969661295413971,0.32264915108680725,1e-04,0.969661295413971,0.9226017594337463,0.5651624798774719,0.9226017594337463
1592,0.9727404713630676,0.31803229451179504,1e-04,0.9727404713630676,0.9193313717842102,0.5874952077865601,0.9193313717842102
1593,0.9723781943321228,0.3223169147968292,1e-04,0.9723781943321228,0.9247819781303406,0.575797975063324,0.9247819781303406
1594,0.9628690481185913,0.3387072682380676,1e-04,0.9628690481185913,0.9113371968269348,0.600707471370697,0.9113371968269348
1595,0.9704763889312744,0.3245120942592621,1e-04,0.9704763889312744,0.9196947813034058,0.5737060904502869,0.9196947813034058
1596,0.9690273404121399,0.32585299015045166,1e-04,0.9690273404121399,0.9222383499145508,0.5891323685646057,0.9222383499145508
1597,0.9721970558166504,0.32017481327056885,1e-04,0.9721970558166504,0.9080668687820435,0.640515148639679,0.9080668687820435
1598,0.9709292054176331,0.326741486787796,1e-04,0.9709292054176331,0.9153342843055725,0.5766637325286865,0.9153342843055725
1599,0.9703857898712158,0.3223133683204651,1e-04,0.9703857898712158,0.917151153087616,0.5839957594871521,0.917151153087616
1600,0.9707480669021606,0.32280203700065613,1e-04,0.9707480669021606,0.9178779125213623,0.5621069073677063,0.9178779125213623
1601,0.9737366437911987,0.31896305084228516,1e-04,0.9737366437911987,0.9211482405662537,0.5971994400024414,0.9211482405662537
1602,0.9712008833885193,0.32143232226371765,1e-04,0.9712008833885193,0.9164243936538696,0.6108752489089966,0.9164243936538696
1603,0.9662199020385742,0.33222922682762146,1e-04,0.9662199020385742,0.9251453280448914,0.5740565657615662,0.9251453280448914
1604,0.9714725613594055,0.32172855734825134,1e-04,0.9714725613594055,0.9226017594337463,0.5863223075866699,0.9226017594337463
1605,0.9691179394721985,0.3235297203063965,1e-04,0.9691179394721985,0.9200581312179565,0.5724693536758423,0.9200581312179565
1606,0.9715631008148193,0.3213713467121124,1e-04,0.9715631008148193,0.9211482405662537,0.5926122665405273,0.9211482405662537
1607,0.970657467842102,0.32301247119903564,1e-04,0.970657467842102,0.9156976938247681,0.5903898477554321,0.9156976938247681
1608,0.9712008833885193,0.3200383186340332,1e-04,0.9712008833885193,0.9244186282157898,0.5672098994255066,0.9244186282157898
1609,0.970657467842102,0.32314595580101013,1e-04,0.970657467842102,0.9022529125213623,0.6866487860679626,0.9022529125213623
1610,0.9694801568984985,0.3268870711326599,1e-04,0.9694801568984985,0.9244186282157898,0.5741984248161316,0.9244186282157898
1611,0.9699329733848572,0.3207031190395355,1e-04,0.9699329733848572,0.9215116500854492,0.5695315003395081,0.9215116500854492
1612,0.9713820219039917,0.3240024149417877,1e-04,0.9713820219039917,0.9160610437393188,0.6012517809867859,0.9160610437393188
1613,0.9717442393302917,0.3234623372554779,1e-04,0.9717442393302917,0.9164243936538696,0.5897387862205505,0.9164243936538696
1614,0.9692990183830261,0.32377421855926514,1e-04,0.9692990183830261,0.9138808250427246,0.6005251407623291,0.9138808250427246
1615,0.972015917301178,0.3195669651031494,1e-04,0.972015917301178,0.9229651093482971,0.5798577666282654,0.9229651093482971
1616,0.972015917301178,0.3185845613479614,1e-04,0.972015917301178,0.9189680218696594,0.5784729719161987,0.9189680218696594
1617,0.9736461043357849,0.3216840922832489,1e-04,0.9736461043357849,0.926598846912384,0.5484988689422607,0.926598846912384
1618,0.9709292054176331,0.3205679655075073,1e-04,0.9709292054176331,0.9200581312179565,0.561776876449585,0.9200581312179565
1619,0.9721065163612366,0.3183901011943817,1e-04,0.9721065163612366,0.9131540656089783,0.5737437009811401,0.9131540656089783
1620,0.9705669283866882,0.3228660821914673,1e-04,0.9705669283866882,0.9175145626068115,0.5867361426353455,0.9175145626068115
1621,0.9715631008148193,0.32189226150512695,1e-04,0.9715631008148193,0.921875,0.5925097465515137,0.921875
1622,0.9727404713630676,0.3181944191455841,1e-04,0.9727404713630676,0.9196947813034058,0.584261953830719,0.9196947813034058
1623,0.9719253778457642,0.3208175301551819,1e-04,0.9719253778457642,0.9211482405662537,0.58101886510849,0.9211482405662537
1624,0.970295250415802,0.32232269644737244,1e-04,0.970295250415802,0.9222383499145508,0.5850673317909241,0.9222383499145508
1625,0.9729215502738953,0.3198225200176239,1e-04,0.9729215502738953,0.9160610437393188,0.6098240613937378,0.9160610437393188
1626,0.9691179394721985,0.3255189061164856,1e-04,0.9691179394721985,0.9167878031730652,0.5590122938156128,0.9167878031730652
1627,0.9732838273048401,0.31845390796661377,1e-04,0.9732838273048401,0.9204215407371521,0.5903279185295105,0.9204215407371521
1628,0.9727404713630676,0.3173888623714447,1e-04,0.9727404713630676,0.9247819781303406,0.5874912142753601,0.9247819781303406
1629,0.9693896174430847,0.32382166385650635,1e-04,0.9693896174430847,0.9164243936538696,0.6015095114707947,0.9164243936538696
1630,0.9735555052757263,0.3164294958114624,1e-04,0.9735555052757263,0.914607584476471,0.5915053486824036,0.914607584476471
1631,0.9724687337875366,0.3157428205013275,1e-04,0.9724687337875366,0.9262354373931885,0.5806028842926025,0.9262354373931885
1632,0.9712008833885193,0.3224315941333771,1e-04,0.9712008833885193,0.9182412624359131,0.5897852778434753,0.9182412624359131
1633,0.9695707559585571,0.3248182535171509,1e-04,0.9695707559585571,0.9156976938247681,0.5778932571411133,0.9156976938247681
1634,0.9734649658203125,0.316478967666626,1e-04,0.9734649658203125,0.9211482405662537,0.5890254974365234,0.9211482405662537
1635,0.9753667712211609,0.31387215852737427,1e-04,0.9753667712211609,0.9236918687820435,0.5836130976676941,0.9236918687820435
1636,0.9712914228439331,0.3205256164073944,1e-04,0.9712914228439331,0.921875,0.6101076602935791,0.921875
1637,0.9727404713630676,0.3180122375488281,1e-04,0.9727404713630676,0.9215116500854492,0.5723442435264587,0.9215116500854492
1638,0.9695707559585571,0.3260059952735901,1e-04,0.9695707559585571,0.9149709343910217,0.5990641117095947,0.9149709343910217
1639,0.9728310108184814,0.31567618250846863,1e-04,0.9728310108184814,0.9236918687820435,0.5996191501617432,0.9236918687820435
1640,0.970657467842102,0.3204709589481354,1e-04,0.970657467842102,0.9229651093482971,0.5934922099113464,0.9229651093482971
1641,0.9707480669021606,0.3233543038368225,1e-04,0.9707480669021606,0.9149709343910217,0.5941497683525085,0.9149709343910217
1642,0.972649872303009,0.31553640961647034,1e-04,0.972649872303009,0.9193313717842102,0.6035565733909607,0.9193313717842102
1643,0.9711102843284607,0.32009974122047424,1e-04,0.9711102843284607,0.9226017594337463,0.5697008371353149,0.9226017594337463
1644,0.9742799997329712,0.3140198588371277,1e-04,0.9742799997329712,0.9229651093482971,0.58597332239151,0.9229651093482971
1645,0.9701141119003296,0.3230809271335602,1e-04,0.9701141119003296,0.9204215407371521,0.5783800482749939,0.9204215407371521
1646,0.9758195877075195,0.3152990937232971,1e-04,0.9758195877075195,0.9236918687820435,0.5721752047538757,0.9236918687820435
1647,0.970295250415802,0.3219047486782074,1e-04,0.970295250415802,0.9204215407371521,0.5849948525428772,0.9204215407371521
1648,0.9750045537948608,0.3143182396888733,1e-04,0.9750045537948608,0.917151153087616,0.5713859796524048,0.917151153087616
1649,0.972287654876709,0.31844767928123474,1e-04,0.972287654876709,0.9276889562606812,0.5484201908111572,0.9276889562606812
1650,0.9691179394721985,0.32580459117889404,1e-04,0.9691179394721985,0.9178779125213623,0.5769948959350586,0.9178779125213623
1651,0.9707480669021606,0.3232722878456116,1e-04,0.9707480669021606,0.9258720874786377,0.5616031289100647,0.9258720874786377
1652,0.9709292054176331,0.31952062249183655,1e-04,0.9709292054176331,0.9298691749572754,0.5738198757171631,0.9298691749572754
1653,0.9740989208221436,0.31600919365882874,1e-04,0.9740989208221436,0.9229651093482971,0.5599022507667542,0.9229651093482971
1654,0.9725593328475952,0.3187278211116791,1e-04,0.9725593328475952,0.9255087375640869,0.5547850131988525,0.9255087375640869
1655,0.972287654876709,0.31778019666671753,1e-04,0.972287654876709,0.9229651093482971,0.5673032402992249,0.9229651093482971
1656,0.9731932878494263,0.3183717727661133,1e-04,0.9731932878494263,0.9251453280448914,0.5683568716049194,0.9251453280448914
1657,0.9736461043357849,0.31536614894866943,1e-04,0.9736461043357849,0.9229651093482971,0.5718572735786438,0.9229651093482971
1658,0.9723781943321228,0.3177153170108795,1e-04,0.9723781943321228,0.9200581312179565,0.5864416360855103,0.9200581312179565
1659,0.9743705987930298,0.315095990896225,1e-04,0.9743705987930298,0.9247819781303406,0.5820767879486084,0.9247819781303406
1660,0.9692084789276123,0.3249111473560333,1e-04,0.9692084789276123,0.9196947813034058,0.5909691452980042,0.9196947813034058
1661,0.9731026887893677,0.31878653168678284,1e-04,0.9731026887893677,0.9251453280448914,0.5627642869949341,0.9251453280448914
1662,0.974642276763916,0.31267455220222473,1e-04,0.974642276763916,0.9233284592628479,0.5668401718139648,0.9233284592628479
1663,0.9756384491920471,0.3098621070384979,1e-04,0.9756384491920471,0.9080668687820435,0.6687226295471191,0.9080668687820435
1664,0.9745517373085022,0.315334290266037,1e-04,0.9745517373085022,0.9167878031730652,0.5959247350692749,0.9167878031730652
1665,0.9731026887893677,0.3146538734436035,1e-04,0.9731026887893677,0.9280523061752319,0.5908092856407166,0.9280523061752319
1666,0.9749139547348022,0.31337252259254456,1e-04,0.9749139547348022,0.9258720874786377,0.5860785841941833,0.9258720874786377
1667,0.9737366437911987,0.31501778960227966,1e-04,0.9737366437911987,0.9117006063461304,0.6108556985855103,0.9117006063461304
1668,0.9724687337875366,0.31509652733802795,1e-04,0.9724687337875366,0.9215116500854492,0.5814074277877808,0.9215116500854492
1669,0.9689368009567261,0.3245672285556793,1e-04,0.9689368009567261,0.9233284592628479,0.5889564156532288,0.9233284592628479
1670,0.9721065163612366,0.3155217468738556,1e-04,0.9721065163612366,0.9226017594337463,0.567768394947052,0.9226017594337463
1671,0.972015917301178,0.3161848485469818,1e-04,0.972015917301178,0.9207848906517029,0.6105839014053345,0.9207848906517029
1672,0.9737366437911987,0.31635287404060364,1e-04,0.9737366437911987,0.9222383499145508,0.5972726345062256,0.9222383499145508
1673,0.9724687337875366,0.3175567388534546,1e-04,0.9724687337875366,0.9251453280448914,0.6017179489135742,0.9251453280448914
1674,0.9701141119003296,0.3202338218688965,1e-04,0.9701141119003296,0.9229651093482971,0.5857071280479431,0.9229651093482971
1675,0.9737366437911987,0.3155679702758789,1e-04,0.9737366437911987,0.9222383499145508,0.6102244853973389,0.9222383499145508
1676,0.9724687337875366,0.3183979094028473,1e-04,0.9724687337875366,0.9193313717842102,0.5919929146766663,0.9193313717842102
1677,0.9712008833885193,0.31760963797569275,1e-04,0.9712008833885193,0.9156976938247681,0.6253958344459534,0.9156976938247681
1678,0.9741894602775574,0.31341078877449036,1e-04,0.9741894602775574,0.9215116500854492,0.5842844843864441,0.9215116500854492
1679,0.9736461043357849,0.31327515840530396,1e-04,0.9736461043357849,0.9229651093482971,0.5815513134002686,0.9229651093482971
1680,0.9745517373085022,0.3177560567855835,1e-04,0.9745517373085022,0.9127907156944275,0.6300047039985657,0.9127907156944275
1681,0.972649872303009,0.31648704409599304,1e-04,0.972649872303009,0.9233284592628479,0.5818984508514404,0.9233284592628479
1682,0.9723781943321228,0.31706705689430237,1e-04,0.9723781943321228,0.9215116500854492,0.5848848819732666,0.9215116500854492
1683,0.9749139547348022,0.3138054311275482,1e-04,0.9749139547348022,0.9226017594337463,0.587096631526947,0.9226017594337463
1684,0.9727404713630676,0.3161582052707672,1e-04,0.9727404713630676,0.9229651093482971,0.5763839483261108,0.9229651093482971
1685,0.9736461043357849,0.31542253494262695,1e-04,0.9736461043357849,0.9211482405662537,0.5747761726379395,0.9211482405662537
1686,0.9737366437911987,0.31244441866874695,1e-04,0.9737366437911987,0.9229651093482971,0.5878292918205261,0.9229651093482971
1687,0.9721065163612366,0.3189299702644348,1e-04,0.9721065163612366,0.9193313717842102,0.5876080393791199,0.9193313717842102
1688,0.9730121493339539,0.31128138303756714,1e-04,0.9730121493339539,0.9226017594337463,0.595137894153595,0.9226017594337463
1689,0.9731026887893677,0.31242820620536804,1e-04,0.9731026887893677,0.913517415523529,0.6190711855888367,0.913517415523529
1690,0.9770874977111816,0.30790776014328003,1e-04,0.9770874977111816,0.9247819781303406,0.6106658577919006,0.9247819781303406
1691,0.974008321762085,0.31312140822410583,1e-04,0.974008321762085,0.9178779125213623,0.605106770992279,0.9178779125213623
1692,0.9730121493339539,0.3137854039669037,1e-04,0.9730121493339539,0.9233284592628479,0.5937102437019348,0.9233284592628479
1693,0.9739177823066711,0.3141394853591919,1e-04,0.9739177823066711,0.9240552186965942,0.5926834344863892,0.9240552186965942
1694,0.9740989208221436,0.31331872940063477,1e-04,0.9740989208221436,0.9222383499145508,0.584865152835846,0.9222383499145508
1695,0.9690273404121399,0.32507389783859253,1e-04,0.9690273404121399,0.9196947813034058,0.608281135559082,0.9196947813034058
1696,0.9715631008148193,0.3209068179130554,1e-04,0.9715631008148193,0.9175145626068115,0.5954447984695435,0.9175145626068115
1697,0.9755479097366333,0.31198635697364807,1e-04,0.9755479097366333,0.9200581312179565,0.5974420309066772,0.9200581312179565
1698,0.9730121493339539,0.3122299909591675,1e-04,0.9730121493339539,0.9233284592628479,0.5867910385131836,0.9233284592628479
1699,0.9758195877075195,0.3111967146396637,1e-04,0.9758195877075195,0.9236918687820435,0.5794234871864319,0.9236918687820435
1700,0.9754573702812195,0.3102380335330963,1e-04,0.9754573702812195,0.9240552186965942,0.5842800736427307,0.9240552186965942
1701,0.9750950932502747,0.31433409452438354,1e-04,0.9750950932502747,0.9247819781303406,0.5966551303863525,0.9247819781303406
1702,0.972287654876709,0.3163595199584961,1e-04,0.972287654876709,0.9236918687820435,0.6041949391365051,0.9236918687820435
1703,0.9709292054176331,0.3184467852115631,1e-04,0.9709292054176331,0.9244186282157898,0.5896875858306885,0.9244186282157898
1704,0.9741894602775574,0.3130587339401245,1e-04,0.9741894602775574,0.921875,0.5988133549690247,0.921875
1705,0.9738271832466125,0.3117334544658661,1e-04,0.9738271832466125,0.9247819781303406,0.5814043283462524,0.9247819781303406
1706,0.9757290482521057,0.30915823578834534,1e-04,0.9757290482521057,0.9196947813034058,0.6382970809936523,0.9196947813034058
1707,0.9734649658203125,0.31587889790534973,1e-04,0.9734649658203125,0.9244186282157898,0.5828024744987488,0.9244186282157898
1708,0.9744611382484436,0.31031882762908936,1e-04,0.9744611382484436,0.921875,0.6120363473892212,0.921875
1709,0.9748234152793884,0.3123321235179901,1e-04,0.9748234152793884,0.9229651093482971,0.6082037687301636,0.9229651093482971
1710,0.9755479097366333,0.30809471011161804,1e-04,0.9755479097366333,0.9215116500854492,0.5855651497840881,0.9215116500854492
1711,0.9755479097366333,0.30985236167907715,1e-04,0.9755479097366333,0.9211482405662537,0.5933175683021545,0.9211482405662537
1712,0.9753667712211609,0.3134123682975769,1e-04,0.9753667712211609,0.9295058250427246,0.5766569375991821,0.9295058250427246
1713,0.9724687337875366,0.3134961426258087,1e-04,0.9724687337875366,0.9211482405662537,0.564835786819458,0.9211482405662537
1714,0.9738271832466125,0.3138306438922882,1e-04,0.9738271832466125,0.9273256063461304,0.5718271732330322,0.9273256063461304
1715,0.9780836701393127,0.3044414818286896,1e-04,0.9780836701393127,0.9102470874786377,0.6634806990623474,0.9102470874786377
1716,0.9719253778457642,0.3155941367149353,1e-04,0.9719253778457642,0.9247819781303406,0.5939861536026001,0.9247819781303406
1717,0.9715631008148193,0.3150550127029419,1e-04,0.9715631008148193,0.9262354373931885,0.5689173936843872,0.9262354373931885
1718,0.9756384491920471,0.3090125024318695,1e-04,0.9756384491920471,0.9229651093482971,0.573315441608429,0.9229651093482971
1719,0.9745517373085022,0.3126976191997528,1e-04,0.9745517373085022,0.9095203280448914,0.660590410232544,0.9095203280448914
1720,0.9712008833885193,0.31670942902565,1e-04,0.9712008833885193,0.9240552186965942,0.5795897245407104,0.9240552186965942
1721,0.9721065163612366,0.3183070719242096,1e-04,0.9721065163612366,0.9236918687820435,0.5608938932418823,0.9236918687820435
1722,0.9774497151374817,0.3049282431602478,1e-04,0.9774497151374817,0.9262354373931885,0.5948793888092041,0.9262354373931885
1723,0.972649872303009,0.3150807023048401,1e-04,0.972649872303009,0.9255087375640869,0.5803298354148865,0.9255087375640869
1724,0.9750045537948608,0.31131884455680847,1e-04,0.9750045537948608,0.9182412624359131,0.6065321564674377,0.9182412624359131
1725,0.9753667712211609,0.30979838967323303,1e-04,0.9753667712211609,0.9273256063461304,0.5729276537895203,0.9273256063461304
1726,0.9744611382484436,0.3114874064922333,1e-04,0.9744611382484436,0.9229651093482971,0.5876460671424866,0.9229651093482971
1727,0.9716536998748779,0.31684616208076477,1e-04,0.9716536998748779,0.9276889562606812,0.5586242079734802,0.9276889562606812
1728,0.9771780371665955,0.3065405786037445,1e-04,0.9771780371665955,0.9236918687820435,0.5837675333023071,0.9236918687820435
1729,0.9737366437911987,0.31339943408966064,1e-04,0.9737366437911987,0.9313226938247681,0.5593301057815552,0.9313226938247681
1730,0.9733743667602539,0.3125513195991516,1e-04,0.9733743667602539,0.9233284592628479,0.5722566246986389,0.9233284592628479
1731,0.9757290482521057,0.3132902681827545,1e-04,0.9757290482521057,0.9262354373931885,0.5669655203819275,0.9262354373931885
1732,0.9741894602775574,0.31197524070739746,1e-04,0.9741894602775574,0.9222383499145508,0.5871762633323669,0.9222383499145508
1733,0.9747328162193298,0.3110044300556183,1e-04,0.9747328162193298,0.9258720874786377,0.5666958689689636,0.9258720874786377
1734,0.9744611382484436,0.31016725301742554,1e-04,0.9744611382484436,0.9229651093482971,0.575739324092865,0.9229651093482971
1735,0.9758850932121277,0.30701544880867004,1e-04,0.9758850932121277,0.9200581312179565,0.5869136452674866,0.9200581312179565
1736,0.9750045537948608,0.3113773763179779,1e-04,0.9750045537948608,0.9233284592628479,0.5778661966323853,0.9233284592628479
1737,0.9730121493339539,0.31463199853897095,1e-04,0.9730121493339539,0.926598846912384,0.5605367422103882,0.926598846912384
1738,0.9755479097366333,0.306247740983963,1e-04,0.9755479097366333,0.9215116500854492,0.590810239315033,0.9215116500854492
1739,0.9757290482521057,0.30700141191482544,1e-04,0.9757290482521057,0.9222383499145508,0.5929415225982666,0.9222383499145508
1740,0.9761818647384644,0.3084644079208374,1e-04,0.9761818647384644,0.9226017594337463,0.588929295539856,0.9226017594337463
1741,0.9736461043357849,0.31411299109458923,1e-04,0.9736461043357849,0.9207848906517029,0.5933588147163391,0.9207848906517029
1742,0.9760007262229919,0.3093874454498291,1e-04,0.9760007262229919,0.9215116500854492,0.578879714012146,0.9215116500854492
1743,0.9735555052757263,0.3107921779155731,1e-04,0.9735555052757263,0.9247819781303406,0.5638415217399597,0.9247819781303406
1744,0.9702046513557434,0.3169422447681427,1e-04,0.9702046513557434,0.9222383499145508,0.5677893757820129,0.9222383499145508
1745,0.9724687337875366,0.31468167901039124,1e-04,0.9724687337875366,0.9215116500854492,0.5696970820426941,0.9215116500854492
1746,0.9734649658203125,0.31081533432006836,1e-04,0.9734649658203125,0.9149709343910217,0.5982121825218201,0.9149709343910217
1747,0.9761818647384644,0.30967897176742554,1e-04,0.9761818647384644,0.921875,0.571034848690033,0.921875
1748,0.9773591756820679,0.3043973743915558,1e-04,0.9773591756820679,0.9229651093482971,0.5814248323440552,0.9229651093482971
1749,0.9713820219039917,0.3127705752849579,1e-04,0.9713820219039917,0.9207848906517029,0.6144184470176697,0.9207848906517029
1750,0.9719253778457642,0.3168301582336426,1e-04,0.9719253778457642,0.917151153087616,0.5856857299804688,0.917151153087616
1751,0.9732838273048401,0.3120078444480896,1e-04,0.9732838273048401,0.9233284592628479,0.5876521468162537,0.9233284592628479
1752,0.9702046513557434,0.31775209307670593,1e-04,0.9702046513557434,0.9251453280448914,0.5860912203788757,0.9251453280448914
1753,0.9759101867675781,0.3069906234741211,1e-04,0.9759101867675781,0.9207848906517029,0.5905106663703918,0.9207848906517029
1754,0.9723781943321228,0.3125119209289551,1e-04,0.9723781943321228,0.9189680218696594,0.5974301695823669,0.9189680218696594
1755,0.9764535427093506,0.30636969208717346,1e-04,0.9764535427093506,0.9204215407371521,0.6047489643096924,0.9204215407371521
1756,0.9741894602775574,0.3125224709510803,1e-04,0.9741894602775574,0.9207848906517029,0.5835869908332825,0.9207848906517029
1757,0.9781742691993713,0.306119829416275,1e-04,0.9781742691993713,0.9233284592628479,0.5987383723258972,0.9233284592628479
1758,0.9741894602775574,0.3091154396533966,1e-04,0.9741894602775574,0.9207848906517029,0.5982118844985962,0.9207848906517029
1759,0.9750950932502747,0.3079623579978943,1e-04,0.9750950932502747,0.9229651093482971,0.5780893564224243,0.9229651093482971
1760,0.9732838273048401,0.3121231496334076,1e-04,0.9732838273048401,0.9258720874786377,0.579828679561615,0.9258720874786377
1761,0.9760007262229919,0.3109472393989563,1e-04,0.9760007262229919,0.9226017594337463,0.5864619016647339,0.9226017594337463
1762,0.9739177823066711,0.31005987524986267,1e-04,0.9739177823066711,0.9236918687820435,0.5919879674911499,0.9236918687820435
1763,0.9750045537948608,0.3062463402748108,1e-04,0.9750045537948608,0.9229651093482971,0.6067085266113281,0.9229651093482971
1764,0.9750950932502747,0.3090837597846985,1e-04,0.9750950932502747,0.9247819781303406,0.5794151425361633,0.9247819781303406
1765,0.9723781943321228,0.31619980931282043,1e-04,0.9723781943321228,0.9273256063461304,0.572186291217804,0.9273256063461304
1766,0.9750045537948608,0.30814677476882935,1e-04,0.9750045537948608,0.9247819781303406,0.5793308615684509,0.9247819781303406
1767,0.9767252206802368,0.30360960960388184,1e-04,0.9767252206802368,0.9160610437393188,0.6357542276382446,0.9160610437393188
1768,0.9698424339294434,0.3165953457355499,1e-04,0.9698424339294434,0.9262354373931885,0.5725358724594116,0.9262354373931885
1769,0.9751856327056885,0.3084550201892853,1e-04,0.9751856327056885,0.926598846912384,0.5740074515342712,0.926598846912384
1770,0.9736461043357849,0.3096691966056824,1e-04,0.9736461043357849,0.9262354373931885,0.5835167765617371,0.9262354373931885
1771,0.9735555052757263,0.3127116560935974,1e-04,0.9735555052757263,0.9178779125213623,0.5971973538398743,0.9178779125213623
1772,0.9760007262229919,0.3085666000843048,1e-04,0.9760007262229919,0.9247819781303406,0.586993932723999,0.9247819781303406
1773,0.9745517373085022,0.3102067708969116,1e-04,0.9745517373085022,0.9255087375640869,0.5750247836112976,0.9255087375640869
1774,0.9744611382484436,0.31170424818992615,1e-04,0.9744611382484436,0.9244186282157898,0.5698971748352051,0.9244186282157898
1775,0.9753667712211609,0.3055623471736908,1e-04,0.9753667712211609,0.9211482405662537,0.5996132493019104,0.9211482405662537
1776,0.9737366437911987,0.31044289469718933,1e-04,0.9737366437911987,0.9247819781303406,0.5921179056167603,0.9247819781303406
1777,0.9717442393302917,0.31382861733436584,1e-04,0.9717442393302917,0.9295058250427246,0.570985734462738,0.9295058250427246
1778,0.9730121493339539,0.3116739094257355,1e-04,0.9730121493339539,0.9182412624359131,0.6099480390548706,0.9182412624359131
1779,0.9762724041938782,0.30454370379447937,1e-04,0.9762724041938782,0.9251453280448914,0.6088729500770569,0.9251453280448914
1780,0.9752762317657471,0.3084307909011841,1e-04,0.9752762317657471,0.9226017594337463,0.5974598526954651,0.9226017594337463
1781,0.9763630032539368,0.3041757047176361,1e-04,0.9763630032539368,0.9244186282157898,0.5882686376571655,0.9244186282157898
1782,0.9733743667602539,0.3106182813644409,1e-04,0.9733743667602539,0.921875,0.5808073878288269,0.921875
1783,0.9734649658203125,0.31214699149131775,1e-04,0.9734649658203125,0.9284157156944275,0.5702705383300781,0.9284157156944275
1784,0.9760007262229919,0.3051580786705017,1e-04,0.9760007262229919,0.9204215407371521,0.5931856632232666,0.9204215407371521
1785,0.9744611382484436,0.3073790371417999,1e-04,0.9744611382484436,0.9247819781303406,0.5843172073364258,0.9247819781303406
1786,0.9760007262229919,0.30784931778907776,1e-04,0.9760007262229919,0.9258720874786377,0.5687627792358398,0.9258720874786377
1787,0.9759101867675781,0.3073834180831909,1e-04,0.9759101867675781,0.9240552186965942,0.5853375792503357,0.9240552186965942
1788,0.9734649658203125,0.3095459043979645,1e-04,0.9734649658203125,0.9247819781303406,0.5963238477706909,0.9247819781303406
1789,0.9740989208221436,0.30977070331573486,1e-04,0.9740989208221436,0.9269621968269348,0.6028162240982056,0.9269621968269348
1790,0.9765440821647644,0.3048471510410309,1e-04,0.9765440821647644,0.9164243936538696,0.6326718330383301,0.9164243936538696
1791,0.9727404713630676,0.31235256791114807,1e-04,0.9727404713630676,0.9182412624359131,0.5934286117553711,0.9182412624359131
1792,0.9750045537948608,0.30598464608192444,1e-04,0.9750045537948608,0.9247819781303406,0.621666431427002,0.9247819781303406
1793,0.9756384491920471,0.3063008487224579,1e-04,0.9756384491920471,0.9273256063461304,0.5978821516036987,0.9273256063461304
1794,0.976634681224823,0.30331894755363464,1e-04,0.976634681224823,0.9215116500854492,0.6073930859565735,0.9215116500854492
1795,0.9728310108184814,0.311967134475708,1e-04,0.9728310108184814,0.917151153087616,0.5709764361381531,0.917151153087616
1796,0.9731026887893677,0.31432729959487915,1e-04,0.9731026887893677,0.9262354373931885,0.5842816829681396,0.9262354373931885
1797,0.974642276763916,0.3061186969280243,1e-04,0.974642276763916,0.9247819781303406,0.588395357131958,0.9247819781303406
1798,0.9768158197402954,0.3061719834804535,1e-04,0.9768158197402954,0.9207848906517029,0.59293133020401,0.9207848906517029
1799,0.9767252206802368,0.30732643604278564,1e-04,0.9767252206802368,0.9207848906517029,0.6057021617889404,0.9207848906517029
1800,0.9768158197402954,0.30351096391677856,1e-04,0.9768158197402954,0.9226017594337463,0.580802321434021,0.9226017594337463
1801,0.9754573702812195,0.3052256107330322,1e-04,0.9754573702812195,0.9251453280448914,0.5945190191268921,0.9251453280448914
1802,0.9752762317657471,0.3083797097206116,1e-04,0.9752762317657471,0.921875,0.5894476175308228,0.921875
1803,0.9768158197402954,0.3038300573825836,1e-04,0.9768158197402954,0.9240552186965942,0.5898315906524658,0.9240552186965942
1804,0.974642276763916,0.306461364030838,1e-04,0.974642276763916,0.9240552186965942,0.58391934633255,0.9240552186965942
1805,0.9776308536529541,0.3047593832015991,1e-04,0.9776308536529541,0.9178779125213623,0.6255467534065247,0.9178779125213623
1806,0.9744611382484436,0.3039792478084564,1e-04,0.9744611382484436,0.9196947813034058,0.6113615036010742,0.9196947813034058
1807,0.9760912656784058,0.3059048056602478,1e-04,0.9760912656784058,0.9262354373931885,0.6047747135162354,0.9262354373931885
1808,0.9753667712211609,0.3082716763019562,1e-04,0.9753667712211609,0.9255087375640869,0.6030128598213196,0.9255087375640869
1809,0.9727404713630676,0.3127177953720093,1e-04,0.9727404713630676,0.9229651093482971,0.5837415456771851,0.9229651093482971
1810,0.9767252206802368,0.30257880687713623,1e-04,0.9767252206802368,0.9233284592628479,0.5869054198265076,0.9233284592628479
1811,0.9754573702812195,0.3074583113193512,1e-04,0.9754573702812195,0.9193313717842102,0.6185823678970337,0.9193313717842102
1812,0.9729215502738953,0.31266698241233826,1e-04,0.9729215502738953,0.9269621968269348,0.5844129920005798,0.9269621968269348
1813,0.9751856327056885,0.3091617226600647,1e-04,0.9751856327056885,0.9251453280448914,0.591991662979126,0.9251453280448914
1814,0.9749139547348022,0.30981701612472534,1e-04,0.9749139547348022,0.9269621968269348,0.5761409401893616,0.9269621968269348
1815,0.9747328162193298,0.3054409921169281,1e-04,0.9747328162193298,0.930232584476471,0.5878779292106628,0.930232584476471
1816,0.9755479097366333,0.30242669582366943,1e-04,0.9755479097366333,0.9284157156944275,0.5764204263687134,0.9284157156944275
1817,0.9765440821647644,0.30291762948036194,1e-04,0.9765440821647644,0.930232584476471,0.5790738463401794,0.930232584476471
1818,0.9769063591957092,0.30356302857398987,1e-04,0.9769063591957092,0.9240552186965942,0.5793579816818237,0.9240552186965942
1819,0.9761818647384644,0.3073272705078125,1e-04,0.9761818647384644,0.9204215407371521,0.5927271842956543,0.9204215407371521
1820,0.9760912656784058,0.3041936159133911,1e-04,0.9760912656784058,0.9269621968269348,0.5843155980110168,0.9269621968269348
1821,0.9738271832466125,0.31073272228240967,1e-04,0.9738271832466125,0.9240552186965942,0.5607661008834839,0.9240552186965942
1822,0.9745517373085022,0.30723273754119873,1e-04,0.9745517373085022,0.9255087375640869,0.589124858379364,0.9255087375640869
1823,0.976634681224823,0.3038454055786133,1e-04,0.976634681224823,0.9262354373931885,0.5969893336296082,0.9262354373931885
1824,0.9763630032539368,0.30586788058280945,1e-04,0.9763630032539368,0.9182412624359131,0.5992777943611145,0.9182412624359131
1825,0.9751856327056885,0.3066025674343109,1e-04,0.9751856327056885,0.9160610437393188,0.6349195241928101,0.9160610437393188
1826,0.9763630032539368,0.3024832010269165,1e-04,0.9763630032539368,0.9295058250427246,0.5842370390892029,0.9295058250427246
1827,0.9753667712211609,0.3062881529331207,1e-04,0.9753667712211609,0.9258720874786377,0.599469780921936,0.9258720874786377
1828,0.9750950932502747,0.3086540400981903,1e-04,0.9750950932502747,0.9247819781303406,0.5757827758789062,0.9247819781303406
1829,0.9755479097366333,0.30457746982574463,1e-04,0.9755479097366333,0.9240552186965942,0.6031869053840637,0.9240552186965942
1830,0.9769063591957092,0.2994360029697418,1e-04,0.9769063591957092,0.9200581312179565,0.5773845314979553,0.9200581312179565
1831,0.9737366437911987,0.30890363454818726,1e-04,0.9737366437911987,0.9226017594337463,0.5802439451217651,0.9226017594337463
1832,0.9785364866256714,0.30298957228660583,1e-04,0.9785364866256714,0.9251453280448914,0.5837988257408142,0.9251453280448914
1833,0.9717442393302917,0.3115171790122986,1e-04,0.9717442393302917,0.9222383499145508,0.6105383634567261,0.9222383499145508
1834,0.9750950932502747,0.30583450198173523,1e-04,0.9750950932502747,0.9247819781303406,0.5906853079795837,0.9247819781303406
1835,0.9753667712211609,0.30968478322029114,1e-04,0.9753667712211609,0.9251453280448914,0.5889199376106262,0.9251453280448914
1836,0.9758195877075195,0.30343884229660034,1e-04,0.9758195877075195,0.9215116500854492,0.6123688817024231,0.9215116500854492
1837,0.9748234152793884,0.3046267330646515,1e-04,0.9748234152793884,0.9207848906517029,0.6226557493209839,0.9207848906517029
1838,0.9764535427093506,0.30261141061782837,1e-04,0.9764535427093506,0.9215116500854492,0.6035757064819336,0.9215116500854492
1839,0.9775403141975403,0.3002072870731354,1e-04,0.9775403141975403,0.9262354373931885,0.5876570343971252,0.9262354373931885
1840,0.976634681224823,0.3049468398094177,1e-04,0.976634681224823,0.9251453280448914,0.5944837927818298,0.9251453280448914
1841,0.9742799997329712,0.3079557716846466,1e-04,0.9742799997329712,0.9247819781303406,0.5905207991600037,0.9247819781303406
1842,0.9743705987930298,0.30788031220436096,1e-04,0.9743705987930298,0.9240552186965942,0.5784059762954712,0.9240552186965942
1843,0.9744611382484436,0.30526718497276306,1e-04,0.9744611382484436,0.9215116500854492,0.5715168118476868,0.9215116500854492
1844,0.9734649658203125,0.30950480699539185,1e-04,0.9734649658203125,0.926598846912384,0.5756680965423584,0.926598846912384
1845,0.9765440821647644,0.3033994138240814,1e-04,0.9765440821647644,0.9251453280448914,0.5933929085731506,0.9251453280448914
1846,0.9754573702812195,0.3029060363769531,1e-04,0.9754573702812195,0.917151153087616,0.6136474013328552,0.917151153087616
1847,0.974008321762085,0.30986273288726807,1e-04,0.974008321762085,0.9247819781303406,0.5849658846855164,0.9247819781303406
1848,0.9765440821647644,0.30052316188812256,1e-04,0.9765440821647644,0.9273256063461304,0.5989776253700256,0.9273256063461304
1849,0.978355348110199,0.29757559299468994,1e-04,0.978355348110199,0.9244186282157898,0.6102963089942932,0.9244186282157898
1850,0.9747328162193298,0.30668917298316956,1e-04,0.9747328162193298,0.9240552186965942,0.5768909454345703,0.9240552186965942
1851,0.9754573702812195,0.3038981556892395,1e-04,0.9754573702812195,0.921875,0.5952997207641602,0.921875
1852,0.9784459471702576,0.3018588423728943,1e-04,0.9784459471702576,0.9233284592628479,0.6063596606254578,0.9233284592628479
1853,0.9771780371665955,0.30055490136146545,1e-04,0.9771780371665955,0.9255087375640869,0.5803503394126892,0.9255087375640869
1854,0.9760007262229919,0.3074835240840912,1e-04,0.9760007262229919,0.9207848906517029,0.5791000127792358,0.9207848906517029
1855,0.9757290482521057,0.30703702569007874,1e-04,0.9757290482521057,0.9226017594337463,0.5895316004753113,0.9226017594337463
1856,0.976634681224823,0.3037942349910736,1e-04,0.976634681224823,0.9247819781303406,0.5990586280822754,0.9247819781303406
1857,0.9752762317657471,0.30765843391418457,1e-04,0.9752762317657471,0.9284157156944275,0.5757030248641968,0.9284157156944275
1858,0.9762724041938782,0.29953229427337646,1e-04,0.9762724041938782,0.9215116500854492,0.5896501541137695,0.9215116500854492
1859,0.976996898651123,0.30409467220306396,1e-04,0.976996898651123,0.9138808250427246,0.6227224469184875,0.9138808250427246
1860,0.9751856327056885,0.3033736050128937,1e-04,0.9751856327056885,0.9255087375640869,0.5991402864456177,0.9255087375640869
1861,0.9763630032539368,0.3007470965385437,1e-04,0.9763630032539368,0.9233284592628479,0.5963327884674072,0.9233284592628479
1862,0.9750950932502747,0.30713528394699097,1e-04,0.9750950932502747,0.9258720874786377,0.5837116837501526,0.9258720874786377
1863,0.9736461043357849,0.3066527247428894,1e-04,0.9736461043357849,0.9233284592628479,0.574004590511322,0.9233284592628479
1864,0.9760912656784058,0.30574747920036316,1e-04,0.9760912656784058,0.9207848906517029,0.572533369064331,0.9207848906517029
1865,0.9788081645965576,0.298745334148407,1e-04,0.9788081645965576,0.9233284592628479,0.5966079235076904,0.9233284592628479
1866,0.9751856327056885,0.3057786524295807,1e-04,0.9751856327056885,0.9226017594337463,0.5834224820137024,0.9226017594337463
1867,0.9777214527130127,0.3010163903236389,1e-04,0.9777214527130127,0.9215116500854492,0.6153587102890015,0.9215116500854492
1868,0.9734649658203125,0.3083631694316864,1e-04,0.9734649658203125,0.9215116500854492,0.5899953842163086,0.9215116500854492
1869,0.9775403141975403,0.2996273636817932,1e-04,0.9775403141975403,0.9222383499145508,0.596168041229248,0.9222383499145508
1870,0.977268636226654,0.30068981647491455,1e-04,0.977268636226654,0.9233284592628479,0.5884881615638733,0.9233284592628479
1871,0.9779931306838989,0.2998480498790741,1e-04,0.9779931306838989,0.9200581312179565,0.6065231561660767,0.9200581312179565
1872,0.9770874977111816,0.30415308475494385,1e-04,0.9770874977111816,0.9251453280448914,0.5804144144058228,0.9251453280448914
1873,0.9773591756820679,0.3000136613845825,1e-04,0.9773591756820679,0.9200581312179565,0.6017520427703857,0.9200581312179565
1874,0.9741894602775574,0.30730465054512024,1e-04,0.9741894602775574,0.9160610437393188,0.5974702835083008,0.9160610437393188
1875,0.9774497151374817,0.29976898431777954,1e-04,0.9774497151374817,0.9226017594337463,0.5801319479942322,0.9226017594337463
1876,0.9740989208221436,0.306617796421051,1e-04,0.9740989208221436,0.9211482405662537,0.6054372787475586,0.9211482405662537
1877,0.9762724041938782,0.3028477132320404,1e-04,0.9762724041938782,0.9149709343910217,0.6202812790870667,0.9149709343910217
1878,0.9773591756820679,0.3011941909790039,1e-04,0.9773591756820679,0.9262354373931885,0.5877190232276917,0.9262354373931885
1879,0.9770874977111816,0.30007001757621765,1e-04,0.9770874977111816,0.9215116500854492,0.5801184177398682,0.9215116500854492
1880,0.9764535427093506,0.3036678731441498,1e-04,0.9764535427093506,0.9200581312179565,0.5896848440170288,0.9200581312179565
1881,0.9779931306838989,0.3001907169818878,1e-04,0.9779931306838989,0.9247819781303406,0.5974745750427246,0.9247819781303406
1882,0.9755479097366333,0.30538517236709595,1e-04,0.9755479097366333,0.9226017594337463,0.6040829420089722,0.9226017594337463
1883,0.9742799997329712,0.30420559644699097,1e-04,0.9742799997329712,0.9204215407371521,0.5954924821853638,0.9204215407371521
1884,0.9758195877075195,0.3034910559654236,1e-04,0.9758195877075195,0.9247819781303406,0.5669692158699036,0.9247819781303406
1885,0.9764535427093506,0.3022838830947876,1e-04,0.9764535427093506,0.9164243936538696,0.5857484340667725,0.9164243936538696
1886,0.9749139547348022,0.306427538394928,1e-04,0.9749139547348022,0.921875,0.5898273587226868,0.921875
1887,0.976996898651123,0.30204883217811584,1e-04,0.976996898651123,0.9226017594337463,0.5912159085273743,0.9226017594337463
1888,0.9763630032539368,0.3033989667892456,1e-04,0.9763630032539368,0.9233284592628479,0.5648741722106934,0.9233284592628479
1889,0.9767252206802368,0.30236369371414185,1e-04,0.9767252206802368,0.9251453280448914,0.562067449092865,0.9251453280448914
1890,0.9749139547348022,0.3017810583114624,1e-04,0.9749139547348022,0.9215116500854492,0.5837944746017456,0.9215116500854492
1891,0.978355348110199,0.2990168333053589,1e-04,0.978355348110199,0.9204215407371521,0.5694275498390198,0.9204215407371521
1892,0.9761818647384644,0.3022146224975586,1e-04,0.9761818647384644,0.9295058250427246,0.5731000304222107,0.9295058250427246
1893,0.9764535427093506,0.30059847235679626,1e-04,0.9764535427093506,0.921875,0.5855236649513245,0.921875
1894,0.9758195877075195,0.2974836826324463,1e-04,0.9758195877075195,0.9182412624359131,0.6060746312141418,0.9182412624359131
1895,0.9785364866256714,0.2984887659549713,1e-04,0.9785364866256714,0.9186046719551086,0.6116382479667664,0.9186046719551086
1896,0.976634681224823,0.30156564712524414,1e-04,0.976634681224823,0.9247819781303406,0.6271442770957947,0.9247819781303406
1897,0.976634681224823,0.30194562673568726,1e-04,0.976634681224823,0.9287790656089783,0.6069374680519104,0.9287790656089783
1898,0.976634681224823,0.3013419508934021,1e-04,0.976634681224823,0.921875,0.5914429426193237,0.921875
1899,0.9773591756820679,0.298304945230484,1e-04,0.9773591756820679,0.9211482405662537,0.6270857453346252,0.9211482405662537
1900,0.9774497151374817,0.29825347661972046,1e-04,0.9774497151374817,0.9196947813034058,0.6119694113731384,0.9196947813034058
1901,0.9765440821647644,0.29822608828544617,1e-04,0.9765440821647644,0.926598846912384,0.6342199444770813,0.926598846912384
1902,0.972649872303009,0.3069784939289093,1e-04,0.972649872303009,0.9226017594337463,0.5834499597549438,0.9226017594337463
1903,0.9752762317657471,0.30167561769485474,1e-04,0.9752762317657471,0.9156976938247681,0.606890857219696,0.9156976938247681
1904,0.9792609810829163,0.29927748441696167,1e-04,0.9792609810829163,0.9175145626068115,0.573829710483551,0.9175145626068115
1905,0.9795327186584473,0.296773761510849,1e-04,0.9795327186584473,0.9240552186965942,0.6083724498748779,0.9240552186965942
1906,0.9765440821647644,0.30157333612442017,1e-04,0.9765440821647644,0.9262354373931885,0.5860702991485596,0.9262354373931885
1907,0.9777214527130127,0.29759564995765686,1e-04,0.9777214527130127,0.9276889562606812,0.5869414806365967,0.9276889562606812
1908,0.9800760746002197,0.29675015807151794,1e-04,0.9800760746002197,0.9262354373931885,0.5806717276573181,0.9262354373931885
1909,0.9795327186584473,0.2960606515407562,1e-04,0.9795327186584473,0.9258720874786377,0.5971722602844238,0.9258720874786377
1910,0.9770874977111816,0.30099043250083923,1e-04,0.9770874977111816,0.9178779125213623,0.6068950891494751,0.9178779125213623
1911,0.9758195877075195,0.29909414052963257,1e-04,0.9758195877075195,0.9258720874786377,0.5706143379211426,0.9258720874786377
1912,0.9796232581138611,0.2966662049293518,1e-04,0.9796232581138611,0.9262354373931885,0.6044726371765137,0.9262354373931885
1913,0.976634681224823,0.30014848709106445,1e-04,0.976634681224823,0.9273256063461304,0.6057292222976685,0.9273256063461304
1914,0.977268636226654,0.2995918393135071,1e-04,0.977268636226654,0.9262354373931885,0.5920695662498474,0.9262354373931885
1915,0.977268636226654,0.2971426546573639,1e-04,0.977268636226654,0.9200581312179565,0.5806213617324829,0.9200581312179565
1916,0.9777214527130127,0.29730814695358276,1e-04,0.9777214527130127,0.9236918687820435,0.5648677945137024,0.9236918687820435
1917,0.976996898651123,0.3000045418739319,1e-04,0.976996898651123,0.9244186282157898,0.5779410004615784,0.9244186282157898
1918,0.9767252206802368,0.29841551184654236,1e-04,0.9767252206802368,0.9276889562606812,0.587446928024292,0.9276889562606812
1919,0.9767252206802368,0.3030335307121277,1e-04,0.9767252206802368,0.9269621968269348,0.5829095840454102,0.9269621968269348
1920,0.9768158197402954,0.3009386658668518,1e-04,0.9768158197402954,0.9226017594337463,0.577424168586731,0.9226017594337463
1921,0.9788987636566162,0.2946905493736267,1e-04,0.9788987636566162,0.921875,0.5997212529182434,0.921875
1922,0.9797137975692749,0.2955789566040039,1e-04,0.9797137975692749,0.9233284592628479,0.6094948649406433,0.9233284592628479
1923,0.976996898651123,0.2987959086894989,1e-04,0.976996898651123,0.914607584476471,0.6286165714263916,0.914607584476471
1924,0.976996898651123,0.2986936569213867,1e-04,0.976996898651123,0.9215116500854492,0.5772194862365723,0.9215116500854492
1925,0.976634681224823,0.297748327255249,1e-04,0.976634681224823,0.9196947813034058,0.6024565696716309,0.9196947813034058
1926,0.9752762317657471,0.30230003595352173,1e-04,0.9752762317657471,0.9164243936538696,0.6283549666404724,0.9164243936538696
1927,0.9778119921684265,0.2958099842071533,1e-04,0.9778119921684265,0.9149709343910217,0.6484551429748535,0.9149709343910217
1928,0.9775403141975403,0.29809075593948364,1e-04,0.9775403141975403,0.9233284592628479,0.6031770706176758,0.9233284592628479
1929,0.9760007262229919,0.29817822575569153,1e-04,0.9760007262229919,0.9244186282157898,0.5917345881462097,0.9244186282157898
1930,0.9776308536529541,0.29681363701820374,1e-04,0.9776308536529541,0.9200581312179565,0.6324262022972107,0.9200581312179565
1931,0.9784459471702576,0.29688695073127747,1e-04,0.9784459471702576,0.9240552186965942,0.582675576210022,0.9240552186965942
1932,0.97898930311203,0.29633522033691406,1e-04,0.97898930311203,0.9215116500854492,0.6205916404724121,0.9215116500854492
1933,0.978355348110199,0.2983248233795166,1e-04,0.978355348110199,0.9226017594337463,0.6149476766586304,0.9226017594337463
1934,0.978355348110199,0.2951233386993408,1e-04,0.978355348110199,0.9196947813034058,0.6100131273269653,0.9196947813034058
1935,0.9790799021720886,0.294208288192749,1e-04,0.9790799021720886,0.9244186282157898,0.6169672608375549,0.9244186282157898
1936,0.976996898651123,0.2974795699119568,1e-04,0.976996898651123,0.9233284592628479,0.6096006631851196,0.9233284592628479
1937,0.9758195877075195,0.302061527967453,1e-04,0.9758195877075195,0.9211482405662537,0.608410120010376,0.9211482405662537
1938,0.9777214527130127,0.29791370034217834,1e-04,0.9777214527130127,0.9240552186965942,0.6155812740325928,0.9240552186965942
1939,0.9804383516311646,0.29273733496665955,1e-04,0.9804383516311646,0.9247819781303406,0.5993573665618896,0.9247819781303406
1940,0.9768158197402954,0.2962811291217804,1e-04,0.9768158197402954,0.9160610437393188,0.6367084980010986,0.9160610437393188
1941,0.9788987636566162,0.29578232765197754,1e-04,0.9788987636566162,0.921875,0.6036907434463501,0.921875
1942,0.9757290482521057,0.30474573373794556,1e-04,0.9757290482521057,0.9276889562606812,0.5827485918998718,0.9276889562606812
1943,0.9785364866256714,0.2959578335285187,1e-04,0.9785364866256714,0.9200581312179565,0.6152092814445496,0.9200581312179565
1944,0.977268636226654,0.299007385969162,1e-04,0.977268636226654,0.9276889562606812,0.5586177110671997,0.9276889562606812
1945,0.97898930311203,0.2970096170902252,1e-04,0.97898930311203,0.9258720874786377,0.5680342316627502,0.9258720874786377
1946,0.9782648086547852,0.2962229251861572,1e-04,0.9782648086547852,0.9247819781303406,0.5820505023002625,0.9247819781303406
1947,0.9767252206802368,0.2974970042705536,1e-04,0.9767252206802368,0.9226017594337463,0.5974956154823303,0.9226017594337463
1948,0.9807100296020508,0.291681706905365,1e-04,0.9807100296020508,0.9226017594337463,0.6098251938819885,0.9226017594337463
1949,0.9747328162193298,0.298740029335022,1e-04,0.9747328162193298,0.9229651093482971,0.5887745022773743,0.9229651093482971
1950,0.9732838273048401,0.303163081407547,1e-04,0.9732838273048401,0.9269621968269348,0.5691307187080383,0.9269621968269348
1951,0.9756384491920471,0.29840677976608276,1e-04,0.9756384491920471,0.9240552186965942,0.577255368232727,0.9240552186965942
1952,0.9792609810829163,0.2918747067451477,1e-04,0.9792609810829163,0.9247819781303406,0.5765284299850464,0.9247819781303406
1953,0.9777214527130127,0.2980756461620331,1e-04,0.9777214527130127,0.9229651093482971,0.6133739352226257,0.9229651093482971
1954,0.9777214527130127,0.29675665497779846,1e-04,0.9777214527130127,0.9233284592628479,0.5749778151512146,0.9233284592628479
1955,0.97898930311203,0.2951072156429291,1e-04,0.97898930311203,0.9233284592628479,0.5802333354949951,0.9233284592628479
1956,0.9763630032539368,0.29881951212882996,1e-04,0.9763630032539368,0.9207848906517029,0.5818000435829163,0.9207848906517029
1957,0.9762724041938782,0.30003970861434937,1e-04,0.9762724041938782,0.9251453280448914,0.5890884399414062,0.9251453280448914
1958,0.9777214527130127,0.2957671582698822,1e-04,0.9777214527130127,0.9222383499145508,0.6005209684371948,0.9222383499145508
1959,0.9790799021720886,0.2951969802379608,1e-04,0.9790799021720886,0.9276889562606812,0.5950661301612854,0.9276889562606812
1960,0.9787176251411438,0.29624414443969727,1e-04,0.9787176251411438,0.921875,0.586493968963623,0.921875
1961,0.9751856327056885,0.3017224073410034,1e-04,0.9751856327056885,0.926598846912384,0.5737371444702148,0.926598846912384
1962,0.9767252206802368,0.2960294485092163,1e-04,0.9767252206802368,0.9284157156944275,0.5764642953872681,0.9284157156944275
1963,0.9773591756820679,0.29600149393081665,1e-04,0.9773591756820679,0.926598846912384,0.5868433713912964,0.926598846912384
1964,0.97898930311203,0.2930556535720825,1e-04,0.97898930311203,0.9229651093482971,0.5851425528526306,0.9229651093482971
1965,0.9773591756820679,0.2985699772834778,1e-04,0.9773591756820679,0.9255087375640869,0.5966245532035828,0.9255087375640869
1966,0.9770874977111816,0.29614078998565674,1e-04,0.9770874977111816,0.9156976938247681,0.6234812140464783,0.9156976938247681
1967,0.978355348110199,0.29481711983680725,1e-04,0.978355348110199,0.9251453280448914,0.6011486649513245,0.9251453280448914
1968,0.9765440821647644,0.2968381345272064,1e-04,0.9765440821647644,0.9251453280448914,0.5823642611503601,0.9251453280448914
1969,0.9769063591957092,0.29824867844581604,1e-04,0.9769063591957092,0.9222383499145508,0.5837866067886353,0.9222383499145508
1970,0.9797137975692749,0.29138073325157166,1e-04,0.9797137975692749,0.9200581312179565,0.6313101053237915,0.9200581312179565
1971,0.9751856327056885,0.30276626348495483,1e-04,0.9751856327056885,0.9276889562606812,0.5967183113098145,0.9276889562606812
1972,0.9798043966293335,0.29466646909713745,1e-04,0.9798043966293335,0.9251453280448914,0.5763709545135498,0.9251453280448914
1973,0.9781742691993713,0.29384151101112366,1e-04,0.9781742691993713,0.9287790656089783,0.6022867560386658,0.9287790656089783
1974,0.9775403141975403,0.2980252504348755,1e-04,0.9775403141975403,0.9295058250427246,0.565821647644043,0.9295058250427246
1975,0.974008321762085,0.30243217945098877,1e-04,0.974008321762085,0.9251453280448914,0.5804196000099182,0.9251453280448914
1976,0.9796232581138611,0.29357701539993286,1e-04,0.9796232581138611,0.9186046719551086,0.5995078682899475,0.9186046719551086
1977,0.9785364866256714,0.2966611385345459,1e-04,0.9785364866256714,0.9240552186965942,0.5881039500236511,0.9240552186965942
1978,0.9784459471702576,0.2962608337402344,1e-04,0.9784459471702576,0.926598846912384,0.5796745419502258,0.926598846912384
1979,0.9781742691993713,0.2955794632434845,1e-04,0.9781742691993713,0.9262354373931885,0.5742881298065186,0.9262354373931885
1980,0.9756384491920471,0.3012731373310089,1e-04,0.9756384491920471,0.9255087375640869,0.5885500907897949,0.9255087375640869
1981,0.9791704416275024,0.29365894198417664,1e-04,0.9791704416275024,0.9200581312179565,0.627698540687561,0.9200581312179565
1982,0.9774497151374817,0.2999885678291321,1e-04,0.9774497151374817,0.9229651093482971,0.6201518177986145,0.9229651093482971
1983,0.9779931306838989,0.2927120625972748,1e-04,0.9779931306838989,0.9255087375640869,0.5984508395195007,0.9255087375640869
1984,0.9802572131156921,0.2942202389240265,1e-04,0.9802572131156921,0.9233284592628479,0.6274577975273132,0.9233284592628479
1985,0.97898930311203,0.2935005724430084,1e-04,0.97898930311203,0.9215116500854492,0.6132305264472961,0.9215116500854492
1986,0.9788987636566162,0.29588907957077026,1e-04,0.9788987636566162,0.9196947813034058,0.5855312347412109,0.9196947813034058
1987,0.9781742691993713,0.2937133312225342,1e-04,0.9781742691993713,0.9276889562606812,0.5887210965156555,0.9276889562606812
1988,0.9791704416275024,0.29254889488220215,1e-04,0.9791704416275024,0.9222383499145508,0.5931053757667542,0.9222383499145508
1989,0.9805288910865784,0.29124531149864197,1e-04,0.9805288910865784,0.9229651093482971,0.5829226970672607,0.9229651093482971
1990,0.9768158197402954,0.29909002780914307,1e-04,0.9768158197402954,0.9244186282157898,0.6045606136322021,0.9244186282157898
1991,0.9785364866256714,0.2963405251502991,1e-04,0.9785364866256714,0.9138808250427246,0.6409602761268616,0.9138808250427246
1992,0.9776308536529541,0.29772600531578064,1e-04,0.9776308536529541,0.9236918687820435,0.6025940775871277,0.9236918687820435
1993,0.9794421195983887,0.2921973168849945,1e-04,0.9794421195983887,0.9222383499145508,0.58145672082901,0.9222383499145508
1994,0.9767252206802368,0.2962215840816498,1e-04,0.9767252206802368,0.9222383499145508,0.6277490258216858,0.9222383499145508
1995,0.9760912656784058,0.2994273602962494,1e-04,0.9760912656784058,0.9215116500854492,0.6033007502555847,0.9215116500854492
1996,0.9777214527130127,0.2950360178947449,1e-04,0.9777214527130127,0.9244186282157898,0.5861850380897522,0.9244186282157898
1997,0.9778119921684265,0.2947554588317871,1e-04,0.9778119921684265,0.9258720874786377,0.5874600410461426,0.9258720874786377
1998,0.97862708568573,0.29485800862312317,1e-04,0.97862708568573,0.9247819781303406,0.5819968581199646,0.9247819781303406
1999,0.9773591756820679,0.29448598623275757,1e-04,0.9773591756820679,0.9273256063461304,0.59322589635849,0.9273256063461304
2000,0.9787176251411438,0.29374250769615173,1e-04,0.9787176251411438,0.9273256063461304,0.5816848874092102,0.9273256063461304
2001,0.978355348110199,0.2936643660068512,1e-04,0.978355348110199,0.9313226938247681,0.5612658858299255,0.9313226938247681
2002,0.9817062020301819,0.28809601068496704,1e-04,0.9817062020301819,0.9276889562606812,0.5849870443344116,0.9276889562606812
2003,0.9797137975692749,0.29258254170417786,1e-04,0.9797137975692749,0.9276889562606812,0.5904696583747864,0.9276889562606812
2004,0.9777214527130127,0.29587236046791077,1e-04,0.9777214527130127,0.9287790656089783,0.5784085988998413,0.9287790656089783
2005,0.97898930311203,0.2905607223510742,1e-04,0.97898930311203,0.9247819781303406,0.6193620562553406,0.9247819781303406
2006,0.9750950932502747,0.30135852098464966,1e-04,0.9750950932502747,0.9244186282157898,0.5962640047073364,0.9244186282157898
2007,0.9788987636566162,0.29329121112823486,1e-04,0.9788987636566162,0.9269621968269348,0.5926955938339233,0.9269621968269348
2008,0.9790799021720886,0.29577410221099854,1e-04,0.9790799021720886,0.9262354373931885,0.5795887112617493,0.9262354373931885
2009,0.9770874977111816,0.2991511821746826,1e-04,0.9770874977111816,0.9335029125213623,0.5676902532577515,0.9335029125213623
2010,0.9770874977111816,0.295926570892334,1e-04,0.9770874977111816,0.9273256063461304,0.5679942965507507,0.9273256063461304
2011,0.9784459471702576,0.29265832901000977,1e-04,0.9784459471702576,0.9295058250427246,0.5880829691886902,0.9295058250427246
2012,0.9800760746002197,0.29147806763648987,1e-04,0.9800760746002197,0.930232584476471,0.583972692489624,0.930232584476471
2013,0.976996898651123,0.2978643476963043,1e-04,0.976996898651123,0.9138808250427246,0.6543756723403931,0.9138808250427246
2014,0.9810722470283508,0.289488822221756,1e-04,0.9810722470283508,0.9284157156944275,0.5854780673980713,0.9284157156944275
2015,0.9795327186584473,0.29127925634384155,1e-04,0.9795327186584473,0.9280523061752319,0.5780330300331116,0.9280523061752319
2016,0.9760912656784058,0.2959197759628296,1e-04,0.9760912656784058,0.9255087375640869,0.6045916080474854,0.9255087375640869
2017,0.9797137975692749,0.28977781534194946,1e-04,0.9797137975692749,0.9251453280448914,0.6191095113754272,0.9251453280448914
2018,0.9769063591957092,0.2951580882072449,1e-04,0.9769063591957092,0.9305959343910217,0.5683832764625549,0.9305959343910217
2019,0.9801666140556335,0.29011085629463196,1e-04,0.9801666140556335,0.929142415523529,0.5911624431610107,0.929142415523529
2020,0.978355348110199,0.29429468512535095,1e-04,0.978355348110199,0.9273256063461304,0.5749765038490295,0.9273256063461304
2021,0.9804383516311646,0.28722378611564636,1e-04,0.9804383516311646,0.9204215407371521,0.6214130520820618,0.9204215407371521
2022,0.9777214527130127,0.29395246505737305,1e-04,0.9777214527130127,0.9233284592628479,0.603319525718689,0.9233284592628479
2023,0.9776308536529541,0.2950308918952942,1e-04,0.9776308536529541,0.9287790656089783,0.575345516204834,0.9287790656089783
2024,0.9784459471702576,0.2931216061115265,1e-04,0.9784459471702576,0.9262354373931885,0.6378850936889648,0.9262354373931885
2025,0.9779931306838989,0.29613733291625977,1e-04,0.9779931306838989,0.926598846912384,0.5797798037528992,0.926598846912384
2026,0.9774497151374817,0.29391875863075256,1e-04,0.9774497151374817,0.9229651093482971,0.5979101061820984,0.9229651093482971
2027,0.9806194305419922,0.2923644781112671,1e-04,0.9806194305419922,0.9262354373931885,0.5889581441879272,0.9262354373931885
2028,0.9763630032539368,0.2995953857898712,1e-04,0.9763630032539368,0.9258720874786377,0.5761838555335999,0.9258720874786377
2029,0.9792609810829163,0.2978694438934326,1e-04,0.9792609810829163,0.9236918687820435,0.6097564101219177,0.9236918687820435
2030,0.9776308536529541,0.2947887182235718,1e-04,0.9776308536529541,0.9287790656089783,0.5818551182746887,0.9287790656089783
2031,0.9760007262229919,0.2991359531879425,1e-04,0.9760007262229919,0.9255087375640869,0.6017034649848938,0.9255087375640869
2032,0.9780836701393127,0.29479825496673584,1e-04,0.9780836701393127,0.930232584476471,0.5939264297485352,0.930232584476471
2033,0.9800760746002197,0.2898944020271301,1e-04,0.9800760746002197,0.9236918687820435,0.6149731874465942,0.9236918687820435
2034,0.9805288910865784,0.290042519569397,1e-04,0.9805288910865784,0.9269621968269348,0.5874175429344177,0.9269621968269348
2035,0.9815250635147095,0.28751182556152344,1e-04,0.9815250635147095,0.9287790656089783,0.5978258848190308,0.9287790656089783
2036,0.9794421195983887,0.2931198179721832,1e-04,0.9794421195983887,0.926598846912384,0.5918747782707214,0.926598846912384
2037,0.9776308536529541,0.2945496141910553,1e-04,0.9776308536529541,0.9262354373931885,0.6126176714897156,0.9262354373931885
2038,0.9792609810829163,0.29090842604637146,1e-04,0.9792609810829163,0.9207848906517029,0.6003354787826538,0.9207848906517029
2039,0.9797137975692749,0.29318922758102417,1e-04,0.9797137975692749,0.9226017594337463,0.6160975098609924,0.9226017594337463
2040,0.9808911681175232,0.2878653407096863,1e-04,0.9808911681175232,0.9298691749572754,0.5884778499603271,0.9298691749572754
2041,0.9817968010902405,0.2866361141204834,1e-04,0.9817968010902405,0.926598846912384,0.6033104062080383,0.926598846912384
2042,0.9804383516311646,0.28739458322525024,1e-04,0.9804383516311646,0.9287790656089783,0.6136569380760193,0.9287790656089783
2043,0.9749139547348022,0.29853224754333496,1e-04,0.9749139547348022,0.9262354373931885,0.5999414324760437,0.9262354373931885
2044,0.978355348110199,0.2899065315723419,1e-04,0.978355348110199,0.9247819781303406,0.6258703470230103,0.9247819781303406
2045,0.9785364866256714,0.29497623443603516,1e-04,0.9785364866256714,0.9280523061752319,0.6017398834228516,0.9280523061752319
2046,0.9810722470283508,0.2869211733341217,1e-04,0.9810722470283508,0.9320493936538696,0.5928175449371338,0.9320493936538696
2047,0.97898930311203,0.29293444752693176,1e-04,0.97898930311203,0.9222383499145508,0.5883387923240662,0.9222383499145508
2048,0.9805288910865784,0.2865772545337677,1e-04,0.9805288910865784,0.9211482405662537,0.6128727197647095,0.9211482405662537
2049,0.9779025316238403,0.2928887903690338,1e-04,0.9779025316238403,0.9273256063461304,0.5925814509391785,0.9273256063461304
2050,0.9795327186584473,0.28886041045188904,1e-04,0.9795327186584473,0.926598846912384,0.6076685190200806,0.926598846912384
2051,0.9790799021720886,0.28903287649154663,1e-04,0.9790799021720886,0.9211482405662537,0.6278854012489319,0.9211482405662537
2052,0.9798949360847473,0.2878691554069519,1e-04,0.9798949360847473,0.9251453280448914,0.6251009702682495,0.9251453280448914
2053,0.9806194305419922,0.29072603583335876,1e-04,0.9806194305419922,0.9258720874786377,0.5942760109901428,0.9258720874786377
2054,0.9785364866256714,0.29136836528778076,1e-04,0.9785364866256714,0.9236918687820435,0.6089099049568176,0.9236918687820435
2055,0.9782648086547852,0.2915249168872833,1e-04,0.9782648086547852,0.9193313717842102,0.6404809355735779,0.9193313717842102
2056,0.97898930311203,0.2922411561012268,1e-04,0.97898930311203,0.9236918687820435,0.601475179195404,0.9236918687820435
2057,0.9782648086547852,0.2914262115955353,1e-04,0.9782648086547852,0.9182412624359131,0.6084833145141602,0.9182412624359131
2058,0.978355348110199,0.2907143831253052,1e-04,0.978355348110199,0.9236918687820435,0.6262683868408203,0.9236918687820435
2059,0.9794421195983887,0.2873607873916626,1e-04,0.9794421195983887,0.9240552186965942,0.5913884043693542,0.9240552186965942
2060,0.97898930311203,0.2922688126564026,1e-04,0.97898930311203,0.9215116500854492,0.5925504565238953,0.9215116500854492
2061,0.9785364866256714,0.2935432195663452,1e-04,0.9785364866256714,0.9255087375640869,0.5661247372627258,0.9255087375640869
2062,0.980347752571106,0.28722283244132996,1e-04,0.980347752571106,0.917151153087616,0.6111130714416504,0.917151153087616
2063,0.9812533855438232,0.2854301631450653,1e-04,0.9812533855438232,0.9258720874786377,0.5647332668304443,0.9258720874786377
2064,0.9771780371665955,0.29095491766929626,1e-04,0.9771780371665955,0.9262354373931885,0.6089428067207336,0.9262354373931885
2065,0.9781742691993713,0.28896352648735046,1e-04,0.9781742691993713,0.932776153087616,0.5851073861122131,0.932776153087616
2066,0.9791704416275024,0.29215532541275024,1e-04,0.9791704416275024,0.9244186282157898,0.6124029159545898,0.9244186282157898
2067,0.9792609810829163,0.2885403335094452,1e-04,0.9792609810829163,0.9269621968269348,0.5913113355636597,0.9269621968269348
2068,0.9805288910865784,0.2880832552909851,1e-04,0.9805288910865784,0.926598846912384,0.5846921801567078,0.926598846912384
2069,0.9788081645965576,0.29238781332969666,1e-04,0.9788081645965576,0.9276889562606812,0.5938095450401306,0.9276889562606812
2070,0.9795327186584473,0.2915991246700287,1e-04,0.9795327186584473,0.9196947813034058,0.6000731587409973,0.9196947813034058
2071,0.9795327186584473,0.2885713577270508,1e-04,0.9795327186584473,0.9204215407371521,0.6146902441978455,0.9204215407371521
2072,0.9795327186584473,0.28826993703842163,1e-04,0.9795327186584473,0.9295058250427246,0.5859935879707336,0.9295058250427246
2073,0.9791704416275024,0.29041174054145813,1e-04,0.9791704416275024,0.9284157156944275,0.583743691444397,0.9284157156944275
2074,0.9787176251411438,0.2898823916912079,1e-04,0.9787176251411438,0.9273256063461304,0.5856267213821411,0.9273256063461304
2075,0.9812533855438232,0.28616535663604736,1e-04,0.9812533855438232,0.926598846912384,0.5971680283546448,0.926598846912384
2076,0.9802572131156921,0.28690820932388306,1e-04,0.9802572131156921,0.9244186282157898,0.5677897930145264,0.9244186282157898
2077,0.9804383516311646,0.28870829939842224,1e-04,0.9804383516311646,0.9247819781303406,0.5882478356361389,0.9247819781303406
2078,0.9792609810829163,0.29180845618247986,1e-04,0.9792609810829163,0.9262354373931885,0.5702736973762512,0.9262354373931885
2079,0.9793515801429749,0.28926774859428406,1e-04,0.9793515801429749,0.9273256063461304,0.5870110392570496,0.9273256063461304
2080,0.9800760746002197,0.2896212339401245,1e-04,0.9800760746002197,0.9309592843055725,0.5665772557258606,0.9309592843055725
2081,0.9795327186584473,0.28981029987335205,1e-04,0.9795327186584473,0.926598846912384,0.6104498505592346,0.926598846912384
2082,0.9782333970069885,0.2907640337944031,1e-04,0.9782333970069885,0.9240552186965942,0.5958377718925476,0.9240552186965942
2083,0.9798949360847473,0.28711235523223877,1e-04,0.9798949360847473,0.9244186282157898,0.5833908915519714,0.9244186282157898
2084,0.9799855351448059,0.2865741550922394,1e-04,0.9799855351448059,0.9251453280448914,0.5885158777236938,0.9251453280448914
2085,0.9782648086547852,0.28915923833847046,1e-04,0.9782648086547852,0.921875,0.5932798385620117,0.921875
2086,0.9775403141975403,0.2917367219924927,1e-04,0.9775403141975403,0.9276889562606812,0.5732842087745667,0.9276889562606812
2087,0.9804383516311646,0.2866138219833374,1e-04,0.9804383516311646,0.921875,0.5872467756271362,0.921875
2088,0.9787176251411438,0.2911785840988159,1e-04,0.9787176251411438,0.9276889562606812,0.6028198599815369,0.9276889562606812
2089,0.9807100296020508,0.2850375771522522,1e-04,0.9807100296020508,0.9276889562606812,0.5866386294364929,0.9276889562606812
2090,0.9802572131156921,0.28908318281173706,1e-04,0.9802572131156921,0.9262354373931885,0.5670945644378662,0.9262354373931885
2091,0.9811628460884094,0.28339141607284546,1e-04,0.9811628460884094,0.9258720874786377,0.5933030843734741,0.9258720874786377
2092,0.9815250635147095,0.2826511561870575,1e-04,0.9815250635147095,0.9331395626068115,0.5654698610305786,0.9331395626068115
2093,0.9815250635147095,0.2851014733314514,1e-04,0.9815250635147095,0.9251453280448914,0.5963054895401001,0.9251453280448914
2094,0.9782648086547852,0.28996455669403076,1e-04,0.9782648086547852,0.9258720874786377,0.58128422498703,0.9258720874786377
2095,0.9798043966293335,0.2878316342830658,1e-04,0.9798043966293335,0.9276889562606812,0.569945216178894,0.9276889562606812
2096,0.9812533855438232,0.28684931993484497,1e-04,0.9812533855438232,0.9240552186965942,0.5710269808769226,0.9240552186965942
2097,0.9782648086547852,0.2910197675228119,1e-04,0.9782648086547852,0.9280523061752319,0.5978936553001404,0.9280523061752319
2098,0.9811628460884094,0.2870829999446869,1e-04,0.9811628460884094,0.9251453280448914,0.5926972031593323,0.9251453280448914
2099,0.9795327186584473,0.2905002236366272,1e-04,0.9795327186584473,0.9229651093482971,0.6033580899238586,0.9229651093482971
2100,0.9826118350028992,0.2819490432739258,1e-04,0.9826118350028992,0.9196947813034058,0.5952814817428589,0.9196947813034058
2101,0.9788081645965576,0.2909211814403534,1e-04,0.9788081645965576,0.921875,0.6174857020378113,0.921875
2102,0.9806194305419922,0.2862333357334137,1e-04,0.9806194305419922,0.9233284592628479,0.6005107164382935,0.9233284592628479
2103,0.980347752571106,0.28570616245269775,1e-04,0.980347752571106,0.9276889562606812,0.5963581204414368,0.9276889562606812
2104,0.9798949360847473,0.29097506403923035,1e-04,0.9798949360847473,0.9200581312179565,0.5956727266311646,0.9200581312179565
2105,0.9818873405456543,0.28432345390319824,1e-04,0.9818873405456543,0.9215116500854492,0.6193689107894897,0.9215116500854492
2106,0.9794421195983887,0.28690987825393677,1e-04,0.9794421195983887,0.9186046719551086,0.6204155087471008,0.9186046719551086
2107,0.978355348110199,0.29075127840042114,1e-04,0.978355348110199,0.9229651093482971,0.584435760974884,0.9229651093482971
2108,0.9790799021720886,0.2867242693901062,1e-04,0.9790799021720886,0.9280523061752319,0.6071678996086121,0.9280523061752319
2109,0.9812533855438232,0.28441834449768066,1e-04,0.9812533855438232,0.9295058250427246,0.5847755670547485,0.9295058250427246
2110,0.9820684790611267,0.2819843590259552,1e-04,0.9820684790611267,0.9186046719551086,0.6227783560752869,0.9186046719551086
2111,0.9794421195983887,0.28820058703422546,1e-04,0.9794421195983887,0.926598846912384,0.5767784714698792,0.926598846912384
2112,0.9799855351448059,0.28612521290779114,1e-04,0.9799855351448059,0.9244186282157898,0.6034536957740784,0.9244186282157898
2113,0.9782648086547852,0.2876329720020294,1e-04,0.9782648086547852,0.9305959343910217,0.5935173630714417,0.9305959343910217
2114,0.9804383516311646,0.286805659532547,1e-04,0.9804383516311646,0.9236918687820435,0.6000820398330688,0.9236918687820435
2115,0.9793515801429749,0.28930941224098206,1e-04,0.9793515801429749,0.926598846912384,0.5998583436012268,0.926598846912384
2116,0.9802572131156921,0.2872394025325775,1e-04,0.9802572131156921,0.9236918687820435,0.5872424840927124,0.9236918687820435
2117,0.9797137975692749,0.2879183888435364,1e-04,0.9797137975692749,0.9258720874786377,0.5954799056053162,0.9258720874786377
2118,0.980347752571106,0.2835423946380615,1e-04,0.980347752571106,0.926598846912384,0.6004602313041687,0.926598846912384
2119,0.9801666140556335,0.286196231842041,1e-04,0.9801666140556335,0.9255087375640869,0.5855465531349182,0.9255087375640869
2120,0.9798043966293335,0.2859436273574829,1e-04,0.9798043966293335,0.9233284592628479,0.6013107895851135,0.9233284592628479
2121,0.9794421195983887,0.289855420589447,1e-04,0.9794421195983887,0.926598846912384,0.5884734392166138,0.926598846912384
2122,0.9806194305419922,0.2862478196620941,1e-04,0.9806194305419922,0.9262354373931885,0.5691604018211365,0.9262354373931885
2123,0.9799855351448059,0.28646978735923767,1e-04,0.9799855351448059,0.9262354373931885,0.5866388082504272,0.9262354373931885
2124,0.9821590185165405,0.2814508080482483,1e-04,0.9821590185165405,0.9262354373931885,0.6110029816627502,0.9262354373931885
2125,0.9775403141975403,0.2890910506248474,1e-04,0.9775403141975403,0.926598846912384,0.5773442387580872,0.926598846912384
2126,0.9797137975692749,0.28984731435775757,1e-04,0.9797137975692749,0.926598846912384,0.5867922306060791,0.926598846912384
2127,0.9801666140556335,0.28683605790138245,1e-04,0.9801666140556335,0.9280523061752319,0.5749980807304382,0.9280523061752319
2128,0.9797137975692749,0.287929892539978,1e-04,0.9797137975692749,0.9222383499145508,0.5906864404678345,0.9222383499145508
2129,0.9798043966293335,0.2886725068092346,1e-04,0.9798043966293335,0.9222383499145508,0.6033334732055664,0.9222383499145508
2130,0.9811628460884094,0.28696611523628235,1e-04,0.9811628460884094,0.9251453280448914,0.5841030478477478,0.9251453280448914
2131,0.9817062020301819,0.28514811396598816,1e-04,0.9817062020301819,0.9207848906517029,0.5927007794380188,0.9207848906517029
2132,0.9804383516311646,0.28663939237594604,1e-04,0.9804383516311646,0.9251453280448914,0.6007401943206787,0.9251453280448914
2133,0.9813439846038818,0.2835173010826111,1e-04,0.9813439846038818,0.9186046719551086,0.6339502930641174,0.9186046719551086
2134,0.9818873405456543,0.282979279756546,1e-04,0.9818873405456543,0.9258720874786377,0.5992971062660217,0.9258720874786377
2135,0.9805288910865784,0.287217378616333,1e-04,0.9805288910865784,0.932776153087616,0.5844700932502747,0.932776153087616
2136,0.9805288910865784,0.2891371548175812,1e-04,0.9805288910865784,0.9262354373931885,0.588598906993866,0.9262354373931885
2137,0.9832457900047302,0.27907606959342957,1e-04,0.9832457900047302,0.9167878031730652,0.6591370105743408,0.9167878031730652
2138,0.9805288910865784,0.2872508466243744,1e-04,0.9805288910865784,0.9262354373931885,0.570309042930603,0.9262354373931885
2139,0.9791704416275024,0.28774452209472656,1e-04,0.9791704416275024,0.9211482405662537,0.6340362429618835,0.9211482405662537
2140,0.9793515801429749,0.2879881262779236,1e-04,0.9793515801429749,0.9127907156944275,0.6789736151695251,0.9127907156944275
2141,0.9806194305419922,0.2861756384372711,1e-04,0.9806194305419922,0.9287790656089783,0.5794568061828613,0.9287790656089783
2142,0.976996898651123,0.2932669520378113,1e-04,0.976996898651123,0.9193313717842102,0.6007068753242493,0.9193313717842102
2143,0.9794421195983887,0.2879325747489929,1e-04,0.9794421195983887,0.9240552186965942,0.6027143001556396,0.9240552186965942
2144,0.9800760746002197,0.2866954803466797,1e-04,0.9800760746002197,0.9269621968269348,0.5757866501808167,0.9269621968269348
2145,0.977268636226654,0.2888345420360565,1e-04,0.977268636226654,0.9258720874786377,0.5784798860549927,0.9258720874786377
2146,0.9812533855438232,0.2830386757850647,1e-04,0.9812533855438232,0.9240552186965942,0.578152060508728,0.9240552186965942
2147,0.9819778800010681,0.28159812092781067,1e-04,0.9819778800010681,0.9193313717842102,0.6068599224090576,0.9193313717842102
2148,0.9816156625747681,0.2827916443347931,1e-04,0.9816156625747681,0.9247819781303406,0.5858592987060547,0.9247819781303406
2149,0.9787176251411438,0.28895094990730286,1e-04,0.9787176251411438,0.9226017594337463,0.6089305877685547,0.9226017594337463
2150,0.9771780371665955,0.28968939185142517,1e-04,0.9771780371665955,0.9262354373931885,0.5722780227661133,0.9262354373931885
2151,0.9801666140556335,0.28533032536506653,1e-04,0.9801666140556335,0.913517415523529,0.662145733833313,0.913517415523529
2152,0.9802572131156921,0.2871231138706207,1e-04,0.9802572131156921,0.9240552186965942,0.5933228135108948,0.9240552186965942
2153,0.9824306964874268,0.2816942632198334,1e-04,0.9824306964874268,0.9280523061752319,0.5949696898460388,0.9280523061752319
2154,0.980347752571106,0.2865878939628601,1e-04,0.980347752571106,0.9280523061752319,0.5910106301307678,0.9280523061752319
2155,0.9799855351448059,0.2851736843585968,1e-04,0.9799855351448059,0.9240552186965942,0.5867984294891357,0.9240552186965942
2156,0.980981707572937,0.28377312421798706,1e-04,0.980981707572937,0.9207848906517029,0.5977293252944946,0.9207848906517029
2157,0.9811628460884094,0.2825271487236023,1e-04,0.9811628460884094,0.9196947813034058,0.6136499643325806,0.9196947813034058
2158,0.9806194305419922,0.2890320122241974,1e-04,0.9806194305419922,0.9236918687820435,0.5993126034736633,0.9236918687820435
2159,0.980981707572937,0.2828234136104584,1e-04,0.980981707572937,0.9251453280448914,0.6042547821998596,0.9251453280448914
2160,0.9818873405456543,0.2834905982017517,1e-04,0.9818873405456543,0.9229651093482971,0.6003535985946655,0.9229651093482971
2161,0.9799855351448059,0.28486135601997375,1e-04,0.9799855351448059,0.926598846912384,0.5836201310157776,0.926598846912384
2162,0.9798949360847473,0.28681719303131104,1e-04,0.9798949360847473,0.921875,0.6145219802856445,0.921875
2163,0.9798043966293335,0.2859513461589813,1e-04,0.9798043966293335,0.9273256063461304,0.5938770174980164,0.9273256063461304
2164,0.9798949360847473,0.2859019935131073,1e-04,0.9798949360847473,0.9247819781303406,0.5850157141685486,0.9247819781303406
2165,0.9821590185165405,0.28059473633766174,1e-04,0.9821590185165405,0.9204215407371521,0.616725504398346,0.9204215407371521
2166,0.9818873405456543,0.28258949518203735,1e-04,0.9818873405456543,0.9226017594337463,0.5927194952964783,0.9226017594337463
2167,0.9813439846038818,0.2842558026313782,1e-04,0.9813439846038818,0.9273256063461304,0.5741173028945923,0.9273256063461304
2168,0.9775403141975403,0.2898239493370056,1e-04,0.9775403141975403,0.9251453280448914,0.5921931266784668,0.9251453280448914
2169,0.9788081645965576,0.2867605686187744,1e-04,0.9788081645965576,0.9251453280448914,0.5840025544166565,0.9251453280448914
2170,0.9823401570320129,0.2834824323654175,1e-04,0.9823401570320129,0.9251453280448914,0.5991948843002319,0.9251453280448914
2171,0.9781742691993713,0.2888922691345215,1e-04,0.9781742691993713,0.9244186282157898,0.589629054069519,0.9244186282157898
2172,0.9807100296020508,0.2845446765422821,1e-04,0.9807100296020508,0.9255087375640869,0.5829989314079285,0.9255087375640869
2173,0.9827024340629578,0.27944013476371765,1e-04,0.9827024340629578,0.926598846912384,0.5894902944564819,0.926598846912384
2174,0.9818873405456543,0.28227895498275757,1e-04,0.9818873405456543,0.9240552186965942,0.609611988067627,0.9240552186965942
2175,0.9820684790611267,0.28307878971099854,1e-04,0.9820684790611267,0.921875,0.6001811027526855,0.921875
2176,0.9808005690574646,0.2844567596912384,1e-04,0.9808005690574646,0.9255087375640869,0.5826997756958008,0.9255087375640869
2177,0.9808911681175232,0.28262659907341003,1e-04,0.9808911681175232,0.9247819781303406,0.6120848655700684,0.9247819781303406
2178,0.9800760746002197,0.28341609239578247,1e-04,0.9800760746002197,0.9211482405662537,0.6016373634338379,0.9211482405662537
2179,0.9813439846038818,0.28329700231552124,1e-04,0.9813439846038818,0.9276889562606812,0.6004409193992615,0.9276889562606812
2180,0.9804383516311646,0.2863646149635315,1e-04,0.9804383516311646,0.9247819781303406,0.5806487798690796,0.9247819781303406
2181,0.9805288910865784,0.28463953733444214,1e-04,0.9805288910865784,0.9305959343910217,0.5872517824172974,0.9305959343910217
2182,0.9830646514892578,0.27872681617736816,1e-04,0.9830646514892578,0.9276889562606812,0.5937119126319885,0.9276889562606812
2183,0.9808005690574646,0.28318241238594055,1e-04,0.9808005690574646,0.9255087375640869,0.5913588404655457,0.9255087375640869
2184,0.9815250635147095,0.2804678678512573,1e-04,0.9815250635147095,0.9273256063461304,0.5948938727378845,0.9273256063461304
2185,0.9808005690574646,0.2831103801727295,1e-04,0.9808005690574646,0.926598846912384,0.5973256826400757,0.926598846912384
2186,0.980347752571106,0.28312572836875916,1e-04,0.980347752571106,0.9247819781303406,0.6164097189903259,0.9247819781303406
2187,0.9821590185165405,0.2827553153038025,1e-04,0.9821590185165405,0.9222383499145508,0.6025335788726807,0.9222383499145508
2188,0.9797137975692749,0.2839423418045044,1e-04,0.9797137975692749,0.9233284592628479,0.5942625999450684,0.9233284592628479
2189,0.9816156625747681,0.2796943485736847,1e-04,0.9816156625747681,0.9251453280448914,0.5840028524398804,0.9251453280448914
2190,0.9797137975692749,0.28376784920692444,1e-04,0.9797137975692749,0.9298691749572754,0.5953658223152161,0.9298691749572754
2191,0.9762724041938782,0.29102903604507446,1e-04,0.9762724041938782,0.9298691749572754,0.5672098398208618,0.9298691749572754
2192,0.9808005690574646,0.2887299656867981,1e-04,0.9808005690574646,0.9273256063461304,0.5965405702590942,0.9273256063461304
2193,0.9808911681175232,0.2804912328720093,1e-04,0.9808911681175232,0.9273256063461304,0.583981454372406,0.9273256063461304
2194,0.9798043966293335,0.283643513917923,1e-04,0.9798043966293335,0.9280523061752319,0.5820364356040955,0.9280523061752319
2195,0.9827024340629578,0.279287725687027,1e-04,0.9827024340629578,0.9226017594337463,0.612964928150177,0.9226017594337463
2196,0.9798949360847473,0.28511470556259155,1e-04,0.9798949360847473,0.9258720874786377,0.5655241012573242,0.9258720874786377
2197,0.9818873405456543,0.280047208070755,1e-04,0.9818873405456543,0.9305959343910217,0.5882925987243652,0.9305959343910217
2198,0.9799855351448059,0.28331390023231506,1e-04,0.9799855351448059,0.9251453280448914,0.6029444932937622,0.9251453280448914
2199,0.9818873405456543,0.279938280582428,1e-04,0.9818873405456543,0.9240552186965942,0.5816172957420349,0.9240552186965942
2200,0.9815250635147095,0.2816613018512726,1e-04,0.9815250635147095,0.9251453280448914,0.6135252714157104,0.9251453280448914
2201,0.9788081645965576,0.285384863615036,1e-04,0.9788081645965576,0.9280523061752319,0.5717017650604248,0.9280523061752319
2202,0.9771780371665955,0.2899025082588196,1e-04,0.9771780371665955,0.9280523061752319,0.5653834939002991,0.9280523061752319
2203,0.9844231009483337,0.2763267159461975,1e-04,0.9844231009483337,0.9255087375640869,0.5831290483474731,0.9255087375640869
2204,0.9800760746002197,0.28268861770629883,1e-04,0.9800760746002197,0.9273256063461304,0.5858291983604431,0.9273256063461304
2205,0.9799855351448059,0.28551843762397766,1e-04,0.9799855351448059,0.9247819781303406,0.6095302700996399,0.9247819781303406
2206,0.9805288910865784,0.28287121653556824,1e-04,0.9805288910865784,0.9262354373931885,0.5952816605567932,0.9262354373931885
2207,0.980347752571106,0.2839663624763489,1e-04,0.980347752571106,0.9276889562606812,0.5861824154853821,0.9276889562606812
2208,0.9814345240592957,0.2820483446121216,1e-04,0.9814345240592957,0.9276889562606812,0.5783743262290955,0.9276889562606812
2209,0.9821590185165405,0.28009068965911865,1e-04,0.9821590185165405,0.9287790656089783,0.5923128724098206,0.9287790656089783
2210,0.9828835129737854,0.28020933270454407,1e-04,0.9828835129737854,0.9251453280448914,0.5809727311134338,0.9251453280448914
2211,0.9798949360847473,0.2842245101928711,1e-04,0.9798949360847473,0.9204215407371521,0.6175028085708618,0.9204215407371521
2212,0.9808911681175232,0.28402796387672424,1e-04,0.9808911681175232,0.9240552186965942,0.5856795310974121,0.9240552186965942
2213,0.9822496175765991,0.27867284417152405,1e-04,0.9822496175765991,0.9269621968269348,0.5897624492645264,0.9269621968269348
2214,0.9818873405456543,0.28378593921661377,1e-04,0.9818873405456543,0.9284157156944275,0.5993561148643494,0.9284157156944275
2215,0.9799855351448059,0.28545647859573364,1e-04,0.9799855351448059,0.9247819781303406,0.6005064845085144,0.9247819781303406
2216,0.9821590185165405,0.2812662422657013,1e-04,0.9821590185165405,0.9262354373931885,0.5776309370994568,0.9262354373931885
2217,0.9820684790611267,0.28040826320648193,1e-04,0.9820684790611267,0.9298691749572754,0.593320906162262,0.9298691749572754
2218,0.9825212955474854,0.2742830812931061,1e-04,0.9825212955474854,0.9255087375640869,0.5980896353721619,0.9255087375640869
2219,0.9794421195983887,0.28294482827186584,1e-04,0.9794421195983887,0.9298691749572754,0.5945169925689697,0.9298691749572754
2220,0.9812533855438232,0.2793780267238617,1e-04,0.9812533855438232,0.930232584476471,0.6034585237503052,0.930232584476471
2221,0.9817968010902405,0.28008192777633667,1e-04,0.9817968010902405,0.9236918687820435,0.6146249771118164,0.9236918687820435
2222,0.9817062020301819,0.2802105247974396,1e-04,0.9817062020301819,0.9262354373931885,0.5781524777412415,0.9262354373931885
2223,0.9798043966293335,0.28444838523864746,1e-04,0.9798043966293335,0.9244186282157898,0.5892467498779297,0.9244186282157898
2224,0.9843325614929199,0.278137743473053,1e-04,0.9843325614929199,0.9269621968269348,0.5899492502212524,0.9269621968269348
2225,0.9798043966293335,0.2829791009426117,1e-04,0.9798043966293335,0.9262354373931885,0.5974571704864502,0.9262354373931885
2226,0.9801666140556335,0.28243064880371094,1e-04,0.9801666140556335,0.9298691749572754,0.5842207074165344,0.9298691749572754
2227,0.9847853779792786,0.27331018447875977,1e-04,0.9847853779792786,0.9313226938247681,0.5909532904624939,0.9313226938247681
2228,0.9838797450065613,0.2790762782096863,1e-04,0.9838797450065613,0.929142415523529,0.5972613096237183,0.929142415523529
2229,0.978355348110199,0.2830086946487427,1e-04,0.978355348110199,0.9309592843055725,0.5815832614898682,0.9309592843055725
2230,0.9838797450065613,0.27762559056282043,1e-04,0.9838797450065613,0.9236918687820435,0.6058858036994934,0.9236918687820435
2231,0.9787176251411438,0.28528329730033875,1e-04,0.9787176251411438,0.9247819781303406,0.5873252749443054,0.9247819781303406
2232,0.9827929735183716,0.27530449628829956,1e-04,0.9827929735183716,0.9255087375640869,0.5901966691017151,0.9255087375640869
2233,0.9817968010902405,0.28226780891418457,1e-04,0.9817968010902405,0.9247819781303406,0.5717238783836365,0.9247819781303406
2234,0.9819778800010681,0.2788613736629486,1e-04,0.9819778800010681,0.9222383499145508,0.6070104241371155,0.9222383499145508
2235,0.9819778800010681,0.2801297605037689,1e-04,0.9819778800010681,0.9276889562606812,0.5891934633255005,0.9276889562606812
2236,0.9802572131156921,0.28332191705703735,1e-04,0.9802572131156921,0.9222383499145508,0.6183311343193054,0.9222383499145508
2237,0.9802572131156921,0.28185585141181946,1e-04,0.9802572131156921,0.9258720874786377,0.5906341671943665,0.9258720874786377
2238,0.9821590185165405,0.2783486545085907,1e-04,0.9821590185165405,0.9211482405662537,0.6052891612052917,0.9211482405662537
2239,0.9804383516311646,0.28361618518829346,1e-04,0.9804383516311646,0.926598846912384,0.6008359789848328,0.926598846912384
2240,0.9800760746002197,0.2830631732940674,1e-04,0.9800760746002197,0.9229651093482971,0.6000144481658936,0.9229651093482971
2241,0.9814345240592957,0.27901414036750793,1e-04,0.9814345240592957,0.9200581312179565,0.6069802641868591,0.9200581312179565
2242,0.9796232581138611,0.2858484387397766,1e-04,0.9796232581138611,0.926598846912384,0.6069680452346802,0.926598846912384
2243,0.9792609810829163,0.28187692165374756,1e-04,0.9792609810829163,0.9247819781303406,0.6030153036117554,0.9247819781303406
2244,0.9830646514892578,0.2748573124408722,1e-04,0.9830646514892578,0.9156976938247681,0.6412258744239807,0.9156976938247681
2245,0.9814345240592957,0.28052207827568054,1e-04,0.9814345240592957,0.9247819781303406,0.6003615856170654,0.9247819781303406
2246,0.9796232581138611,0.2847311496734619,1e-04,0.9796232581138611,0.9215116500854492,0.6153382658958435,0.9215116500854492
2247,0.9807100296020508,0.2830609977245331,1e-04,0.9807100296020508,0.9287790656089783,0.5587601065635681,0.9287790656089783
2248,0.9811628460884094,0.28403452038764954,1e-04,0.9811628460884094,0.9269621968269348,0.5870419144630432,0.9269621968269348
2249,0.9819778800010681,0.27708953619003296,1e-04,0.9819778800010681,0.9273256063461304,0.5777163505554199,0.9273256063461304
2250,0.9808911681175232,0.2813784182071686,1e-04,0.9808911681175232,0.9240552186965942,0.6048411130905151,0.9240552186965942
2251,0.9808911681175232,0.2804284691810608,1e-04,0.9808911681175232,0.9236918687820435,0.604367733001709,0.9236918687820435
2252,0.9801666140556335,0.2826436161994934,1e-04,0.9801666140556335,0.9262354373931885,0.5607037544250488,0.9262354373931885
2253,0.9830646514892578,0.278301477432251,1e-04,0.9830646514892578,0.9222383499145508,0.605771005153656,0.9222383499145508
2254,0.9831552505493164,0.2796470522880554,1e-04,0.9831552505493164,0.9335029125213623,0.5551965832710266,0.9335029125213623
2255,0.9834269285202026,0.2767532765865326,1e-04,0.9834269285202026,0.9269621968269348,0.6009124517440796,0.9269621968269348
2256,0.9827024340629578,0.2784348428249359,1e-04,0.9827024340629578,0.9255087375640869,0.6034157276153564,0.9255087375640869
2257,0.9801666140556335,0.28247982263565063,1e-04,0.9801666140556335,0.9255087375640869,0.6025775671005249,0.9255087375640869
2258,0.9836986064910889,0.2752096652984619,1e-04,0.9836986064910889,0.9200581312179565,0.6162288188934326,0.9200581312179565
2259,0.9810722470283508,0.2823362648487091,1e-04,0.9810722470283508,0.926598846912384,0.5682185888290405,0.926598846912384
2260,0.9828835129737854,0.27876168489456177,1e-04,0.9828835129737854,0.926598846912384,0.5958043932914734,0.926598846912384
2261,0.9819778800010681,0.27787336707115173,1e-04,0.9819778800010681,0.9298691749572754,0.5928934812545776,0.9298691749572754
2262,0.9799855351448059,0.2809569537639618,1e-04,0.9799855351448059,0.9233284592628479,0.5947202444076538,0.9233284592628479
2263,0.9780836701393127,0.2878262996673584,1e-04,0.9780836701393127,0.9233284592628479,0.593489408493042,0.9233284592628479
2264,0.9813439846038818,0.27923956513404846,1e-04,0.9813439846038818,0.9280523061752319,0.570723295211792,0.9280523061752319
2265,0.9828835129737854,0.27662718296051025,1e-04,0.9828835129737854,0.9236918687820435,0.6174584031105042,0.9236918687820435
2266,0.9798949360847473,0.28234437108039856,1e-04,0.9798949360847473,0.9244186282157898,0.5953280329704285,0.9244186282157898
2267,0.9793515801429749,0.2860031723976135,1e-04,0.9793515801429749,0.9233284592628479,0.5996795296669006,0.9233284592628479
2268,0.9813439846038818,0.280392050743103,1e-04,0.9813439846038818,0.9258720874786377,0.5912140607833862,0.9258720874786377
2269,0.9830646514892578,0.27637550234794617,1e-04,0.9830646514892578,0.9233284592628479,0.6049957871437073,0.9233284592628479
2270,0.9821590185165405,0.278935968875885,1e-04,0.9821590185165405,0.9280523061752319,0.5821309089660645,0.9280523061752319
2271,0.9824306964874268,0.2774975299835205,1e-04,0.9824306964874268,0.926598846912384,0.5935421586036682,0.926598846912384
2272,0.980981707572937,0.2798923850059509,1e-04,0.980981707572937,0.9226017594337463,0.6305379271507263,0.9226017594337463
2273,0.9812533855438232,0.2815069258213043,1e-04,0.9812533855438232,0.9305959343910217,0.5976457595825195,0.9305959343910217
2274,0.9807100296020508,0.28238189220428467,1e-04,0.9807100296020508,0.9273256063461304,0.5727532505989075,0.9273256063461304
2275,0.9810722470283508,0.2793763279914856,1e-04,0.9810722470283508,0.9255087375640869,0.5748728513717651,0.9255087375640869
2276,0.9834269285202026,0.27581313252449036,1e-04,0.9834269285202026,0.9309592843055725,0.5930642485618591,0.9309592843055725
2277,0.9834269285202026,0.2730192244052887,1e-04,0.9834269285202026,0.9240552186965942,0.6333931088447571,0.9240552186965942
2278,0.9795327186584473,0.2837928831577301,1e-04,0.9795327186584473,0.9226017594337463,0.5927008986473083,0.9226017594337463
2279,0.9828835129737854,0.2764495015144348,1e-04,0.9828835129737854,0.9229651093482971,0.6068764328956604,0.9229651093482971
2280,0.9827024340629578,0.2751147449016571,1e-04,0.9827024340629578,0.9204215407371521,0.6337263584136963,0.9204215407371521
2281,0.9821590185165405,0.27679288387298584,1e-04,0.9821590185165405,0.9313226938247681,0.5848663449287415,0.9313226938247681
2282,0.9824306964874268,0.2762834131717682,1e-04,0.9824306964874268,0.9211482405662537,0.5863275527954102,0.9211482405662537
2283,0.9816156625747681,0.2771296501159668,1e-04,0.9816156625747681,0.9305959343910217,0.5931633710861206,0.9305959343910217
2284,0.9824306964874268,0.2766188979148865,1e-04,0.9824306964874268,0.9251453280448914,0.5760445594787598,0.9251453280448914
2285,0.9795327186584473,0.28344666957855225,1e-04,0.9795327186584473,0.9287790656089783,0.5823821425437927,0.9287790656089783
2286,0.982974112033844,0.27572956681251526,1e-04,0.982974112033844,0.9240552186965942,0.6069246530532837,0.9240552186965942
2287,0.9801666140556335,0.28254684805870056,1e-04,0.9801666140556335,0.9251453280448914,0.5993157029151917,0.9251453280448914
2288,0.9843325614929199,0.2723195552825928,1e-04,0.9843325614929199,0.9316860437393188,0.5967034101486206,0.9316860437393188
2289,0.9824306964874268,0.2768339216709137,1e-04,0.9824306964874268,0.9255087375640869,0.6125138401985168,0.9255087375640869
2290,0.9810722470283508,0.27805295586586,1e-04,0.9810722470283508,0.9182412624359131,0.6463554501533508,0.9182412624359131
2291,0.9824306964874268,0.2771618068218231,1e-04,0.9824306964874268,0.9273256063461304,0.6099464893341064,0.9273256063461304
2292,0.9810722470283508,0.2784433364868164,1e-04,0.9810722470283508,0.9262354373931885,0.5945120453834534,0.9262354373931885
2293,0.9798043966293335,0.28425332903862,1e-04,0.9798043966293335,0.9233284592628479,0.6013185381889343,0.9233284592628479
2294,0.9817062020301819,0.27790307998657227,1e-04,0.9817062020301819,0.9236918687820435,0.6051731705665588,0.9236918687820435
2295,0.9826118350028992,0.2747427821159363,1e-04,0.9826118350028992,0.932776153087616,0.5840399861335754,0.932776153087616
2296,0.9815250635147095,0.27862420678138733,1e-04,0.9815250635147095,0.9309592843055725,0.5709524154663086,0.9309592843055725
2297,0.9827929735183716,0.27712541818618774,1e-04,0.9827929735183716,0.9258720874786377,0.5993689894676208,0.9258720874786377
2298,0.9834269285202026,0.2752727270126343,1e-04,0.9834269285202026,0.926598846912384,0.5885735154151917,0.926598846912384
2299,0.980981707572937,0.2784777581691742,1e-04,0.980981707572937,0.926598846912384,0.5852071642875671,0.926598846912384
2300,0.9798949360847473,0.2779446840286255,1e-04,0.9798949360847473,0.929142415523529,0.5810133218765259,0.929142415523529
2301,0.9811628460884094,0.2772420346736908,1e-04,0.9811628460884094,0.9284157156944275,0.5817227959632874,0.9284157156944275
2302,0.9822496175765991,0.2788386344909668,1e-04,0.9822496175765991,0.9262354373931885,0.607266366481781,0.9262354373931885
2303,0.9813439846038818,0.2806079387664795,1e-04,0.9813439846038818,0.9240552186965942,0.574112594127655,0.9240552186965942
2304,0.9816156625747681,0.2751253843307495,1e-04,0.9816156625747681,0.9269621968269348,0.5979621410369873,0.9269621968269348
2305,0.9811628460884094,0.27947619557380676,1e-04,0.9811628460884094,0.9207848906517029,0.6175669431686401,0.9207848906517029
2306,0.982974112033844,0.2749333083629608,1e-04,0.982974112033844,0.9276889562606812,0.6005807518959045,0.9276889562606812
2307,0.9821590185165405,0.2775098979473114,1e-04,0.9821590185165405,0.9226017594337463,0.5915225744247437,0.9226017594337463
2308,0.980347752571106,0.27978646755218506,1e-04,0.980347752571106,0.9251453280448914,0.592646598815918,0.9251453280448914
2309,0.9808005690574646,0.28074896335601807,1e-04,0.9808005690574646,0.9262354373931885,0.5999160408973694,0.9262354373931885
2310,0.9826118350028992,0.27785906195640564,1e-04,0.9826118350028992,0.9269621968269348,0.586881160736084,0.9269621968269348
2311,0.985328733921051,0.27073943614959717,1e-04,0.985328733921051,0.926598846912384,0.5945133566856384,0.926598846912384
2312,0.9796232581138611,0.28232768177986145,1e-04,0.9796232581138611,0.9305959343910217,0.579843282699585,0.9305959343910217
2313,0.9818873405456543,0.2789640426635742,1e-04,0.9818873405456543,0.9258720874786377,0.5869791507720947,0.9258720874786377
2314,0.9826118350028992,0.27700912952423096,1e-04,0.9826118350028992,0.9258720874786377,0.6008781790733337,0.9258720874786377
2315,0.9816156625747681,0.2763240933418274,1e-04,0.9816156625747681,0.9269621968269348,0.6036026477813721,0.9269621968269348
2316,0.9828835129737854,0.27365368604660034,1e-04,0.9828835129737854,0.9247819781303406,0.5898414850234985,0.9247819781303406
2317,0.9822496175765991,0.276172935962677,1e-04,0.9822496175765991,0.921875,0.6114441156387329,0.921875
2318,0.9816156625747681,0.2775824964046478,1e-04,0.9816156625747681,0.9247819781303406,0.5933793187141418,0.9247819781303406
2319,0.9832457900047302,0.27343568205833435,1e-04,0.9832457900047302,0.9276889562606812,0.6001905202865601,0.9276889562606812
2320,0.9826118350028992,0.2755461037158966,1e-04,0.9826118350028992,0.9258720874786377,0.6103032827377319,0.9258720874786377
2321,0.983608067035675,0.2721438407897949,1e-04,0.983608067035675,0.9298691749572754,0.6032001376152039,0.9298691749572754
2322,0.9838797450065613,0.2720591425895691,1e-04,0.9838797450065613,0.9269621968269348,0.6117918491363525,0.9269621968269348
2323,0.9816156625747681,0.27813008427619934,1e-04,0.9816156625747681,0.9262354373931885,0.6302350759506226,0.9262354373931885
2324,0.9825212955474854,0.2745753526687622,1e-04,0.9825212955474854,0.9215116500854492,0.6239181160926819,0.9215116500854492
2325,0.9798949360847473,0.27959123253822327,1e-04,0.9798949360847473,0.926598846912384,0.6151803135871887,0.926598846912384
2326,0.9837891459465027,0.2729811370372772,1e-04,0.9837891459465027,0.9269621968269348,0.6108848452568054,0.9269621968269348
2327,0.9811628460884094,0.2797872722148895,1e-04,0.9811628460884094,0.9262354373931885,0.603690505027771,0.9262354373931885
2328,0.9826118350028992,0.27728983759880066,1e-04,0.9826118350028992,0.9244186282157898,0.6210491061210632,0.9244186282157898
2329,0.982974112033844,0.27495601773262024,1e-04,0.982974112033844,0.9269621968269348,0.5810830593109131,0.9269621968269348
2330,0.9827024340629578,0.272580623626709,1e-04,0.9827024340629578,0.9229651093482971,0.6057571768760681,0.9229651093482971
2331,0.9831552505493164,0.2737116813659668,1e-04,0.9831552505493164,0.9262354373931885,0.594485342502594,0.9262354373931885
2332,0.9812533855438232,0.2761567234992981,1e-04,0.9812533855438232,0.9309592843055725,0.5819270014762878,0.9309592843055725
2333,0.9805288910865784,0.2812669277191162,1e-04,0.9805288910865784,0.9247819781303406,0.5934420228004456,0.9247819781303406
2334,0.9832457900047302,0.27414336800575256,1e-04,0.9832457900047302,0.9251453280448914,0.5701332092285156,0.9251453280448914
2335,0.9807100296020508,0.2775830626487732,1e-04,0.9807100296020508,0.9255087375640869,0.6334754824638367,0.9255087375640869
2336,0.9818873405456543,0.27870333194732666,1e-04,0.9818873405456543,0.921875,0.5923049449920654,0.921875
2337,0.983608067035675,0.27606505155563354,1e-04,0.983608067035675,0.926598846912384,0.6040459871292114,0.926598846912384
2338,0.9810722470283508,0.2796950936317444,1e-04,0.9810722470283508,0.9222383499145508,0.6142140626907349,0.9222383499145508
2339,0.9812533855438232,0.27690228819847107,1e-04,0.9812533855438232,0.9273256063461304,0.597309410572052,0.9273256063461304
2340,0.9817968010902405,0.27489593625068665,1e-04,0.9817968010902405,0.9298691749572754,0.5968811511993408,0.9298691749572754
2341,0.9824306964874268,0.27879855036735535,1e-04,0.9824306964874268,0.9258720874786377,0.6272863745689392,0.9258720874786377
2342,0.9817062020301819,0.2735517621040344,1e-04,0.9817062020301819,0.9262354373931885,0.5933864712715149,0.9262354373931885
2343,0.9837891459465027,0.2740165591239929,1e-04,0.9837891459465027,0.9258720874786377,0.6014476418495178,0.9258720874786377
2344,0.9836986064910889,0.27402716875076294,1e-04,0.9836986064910889,0.9258720874786377,0.6075062155723572,0.9258720874786377
2345,0.9814345240592957,0.2738436758518219,1e-04,0.9814345240592957,0.9255087375640869,0.5948978662490845,0.9255087375640869
2346,0.9844231009483337,0.2734871208667755,1e-04,0.9844231009483337,0.9236918687820435,0.5909950733184814,0.9236918687820435
2347,0.9817968010902405,0.2751976549625397,1e-04,0.9817968010902405,0.9229651093482971,0.6071056723594666,0.9229651093482971
2348,0.9835174679756165,0.27256882190704346,1e-04,0.9835174679756165,0.9295058250427246,0.6010187864303589,0.9295058250427246
2349,0.9827929735183716,0.27364468574523926,1e-04,0.9827929735183716,0.930232584476471,0.5990215539932251,0.930232584476471
2350,0.9827024340629578,0.2763051986694336,1e-04,0.9827024340629578,0.9309592843055725,0.6148672103881836,0.9309592843055725
2351,0.9831552505493164,0.2714489698410034,1e-04,0.9831552505493164,0.9295058250427246,0.5996904373168945,0.9295058250427246
2352,0.9821590185165405,0.2752208411693573,1e-04,0.9821590185165405,0.9287790656089783,0.5971755385398865,0.9287790656089783
2353,0.9841514229774475,0.2748248875141144,1e-04,0.9841514229774475,0.9262354373931885,0.6009975671768188,0.9262354373931885
2354,0.983336329460144,0.2751384675502777,1e-04,0.983336329460144,0.9247819781303406,0.6286137104034424,0.9247819781303406
2355,0.9826118350028992,0.2760668396949768,1e-04,0.9826118350028992,0.926598846912384,0.6159824132919312,0.926598846912384
2356,0.9827024340629578,0.27064356207847595,1e-04,0.9827024340629578,0.9313226938247681,0.5748957991600037,0.9313226938247681
2357,0.9804383516311646,0.2780672609806061,1e-04,0.9804383516311646,0.921875,0.623925507068634,0.921875
2358,0.9822496175765991,0.2742089033126831,1e-04,0.9822496175765991,0.9287790656089783,0.6015095710754395,0.9287790656089783
2359,0.9843325614929199,0.2739388644695282,1e-04,0.9843325614929199,0.9204215407371521,0.63321453332901,0.9204215407371521
2360,0.9815250635147095,0.2745116353034973,1e-04,0.9815250635147095,0.9287790656089783,0.6036221385002136,0.9287790656089783
2361,0.9836986064910889,0.27269911766052246,1e-04,0.9836986064910889,0.929142415523529,0.5994195342063904,0.929142415523529
2362,0.982974112033844,0.2731059491634369,1e-04,0.982974112033844,0.929142415523529,0.5880932807922363,0.929142415523529
2363,0.9817062020301819,0.27861741185188293,1e-04,0.9817062020301819,0.9258720874786377,0.5906996130943298,0.9258720874786377
2364,0.9837891459465027,0.2700601816177368,1e-04,0.9837891459465027,0.9273256063461304,0.6054351925849915,0.9273256063461304
2365,0.9854193329811096,0.2692680358886719,1e-04,0.9854193329811096,0.9295058250427246,0.6111453771591187,0.9295058250427246
2366,0.9823401570320129,0.2753453850746155,1e-04,0.9823401570320129,0.9284157156944275,0.6022072434425354,0.9284157156944275
2367,0.9842419624328613,0.26954391598701477,1e-04,0.9842419624328613,0.9309592843055725,0.6147604584693909,0.9309592843055725
2368,0.983608067035675,0.270504355430603,1e-04,0.983608067035675,0.9313226938247681,0.6037175059318542,0.9313226938247681
2369,0.9836986064910889,0.2706070840358734,1e-04,0.9836986064910889,0.9316860437393188,0.6237264275550842,0.9316860437393188
2370,0.9844231009483337,0.2735408842563629,1e-04,0.9844231009483337,0.9255087375640869,0.6326074004173279,0.9255087375640869
2371,0.9839702844619751,0.2688441872596741,1e-04,0.9839702844619751,0.9280523061752319,0.643993616104126,0.9280523061752319
2372,0.9814345240592957,0.275105744600296,1e-04,0.9814345240592957,0.9287790656089783,0.6043663620948792,0.9287790656089783
2373,0.9825212955474854,0.27535203099250793,1e-04,0.9825212955474854,0.9284157156944275,0.629901111125946,0.9284157156944275
2374,0.9805288910865784,0.27429866790771484,1e-04,0.9805288910865784,0.921875,0.6390966773033142,0.921875
2375,0.9818873405456543,0.27537837624549866,1e-04,0.9818873405456543,0.926598846912384,0.6309135556221008,0.926598846912384
2376,0.983608067035675,0.272715300321579,1e-04,0.983608067035675,0.929142415523529,0.5996130704879761,0.929142415523529
2377,0.9798043966293335,0.2801978588104248,1e-04,0.9798043966293335,0.9313226938247681,0.5791738629341125,0.9313226938247681
2378,0.9822496175765991,0.2731066644191742,1e-04,0.9822496175765991,0.9287790656089783,0.6037426590919495,0.9287790656089783
2379,0.982974112033844,0.27224934101104736,1e-04,0.982974112033844,0.9276889562606812,0.5936751365661621,0.9276889562606812
2380,0.9824306964874268,0.27500253915786743,1e-04,0.9824306964874268,0.9240552186965942,0.6234008073806763,0.9240552186965942
2381,0.9815250635147095,0.27321574091911316,1e-04,0.9815250635147095,0.9280523061752319,0.6299943327903748,0.9280523061752319
2382,0.9820684790611267,0.2743217945098877,1e-04,0.9820684790611267,0.9236918687820435,0.6153596639633179,0.9236918687820435
2383,0.9843325614929199,0.27238574624061584,1e-04,0.9843325614929199,0.9222383499145508,0.6174516677856445,0.9222383499145508
2384,0.9817062020301819,0.275844007730484,1e-04,0.9817062020301819,0.9258720874786377,0.5993978381156921,0.9258720874786377
2385,0.9810722470283508,0.2757486402988434,1e-04,0.9810722470283508,0.9244186282157898,0.5984700322151184,0.9244186282157898
2386,0.9822496175765991,0.2731567323207855,1e-04,0.9822496175765991,0.9251453280448914,0.6352247595787048,0.9251453280448914
2387,0.9827024340629578,0.2747005522251129,1e-04,0.9827024340629578,0.9313226938247681,0.5862228274345398,0.9313226938247681
2388,0.983336329460144,0.27159667015075684,1e-04,0.983336329460144,0.9295058250427246,0.6111236214637756,0.9295058250427246
2389,0.9828835129737854,0.2741304636001587,1e-04,0.9828835129737854,0.9320493936538696,0.5764609575271606,0.9320493936538696
2390,0.9817968010902405,0.27500930428504944,1e-04,0.9817968010902405,0.9251453280448914,0.5875036120414734,0.9251453280448914
2391,0.9819778800010681,0.27718645334243774,1e-04,0.9819778800010681,0.926598846912384,0.6075882315635681,0.926598846912384
2392,0.9839702844619751,0.2707257568836212,1e-04,0.9839702844619751,0.9295058250427246,0.5921967029571533,0.9295058250427246
2393,0.9825212955474854,0.2723182439804077,1e-04,0.9825212955474854,0.9284157156944275,0.5798329710960388,0.9284157156944275
2394,0.9840608835220337,0.27301231026649475,1e-04,0.9840608835220337,0.9273256063461304,0.6169735193252563,0.9273256063461304
2395,0.9824306964874268,0.27598047256469727,1e-04,0.9824306964874268,0.9262354373931885,0.5885055065155029,0.9262354373931885
2396,0.9817062020301819,0.27497780323028564,1e-04,0.9817062020301819,0.9258720874786377,0.5976178050041199,0.9258720874786377
2397,0.9818873405456543,0.27827683091163635,1e-04,0.9818873405456543,0.9226017594337463,0.6070786118507385,0.9226017594337463
2398,0.9814345240592957,0.27476492524147034,1e-04,0.9814345240592957,0.9305959343910217,0.5843236446380615,0.9305959343910217
2399,0.9828835129737854,0.27337217330932617,1e-04,0.9828835129737854,0.9309592843055725,0.5752167105674744,0.9309592843055725
2400,0.983608067035675,0.2712392508983612,1e-04,0.983608067035675,0.9255087375640869,0.6117854714393616,0.9255087375640869
2401,0.9821590185165405,0.27439576387405396,1e-04,0.9821590185165405,0.9247819781303406,0.6152628660202026,0.9247819781303406
2402,0.9819778800010681,0.27423936128616333,1e-04,0.9819778800010681,0.9295058250427246,0.6124891638755798,0.9295058250427246
2403,0.9831552505493164,0.27051201462745667,1e-04,0.9831552505493164,0.9305959343910217,0.5986452102661133,0.9305959343910217
2404,0.9819778800010681,0.2725515365600586,1e-04,0.9819778800010681,0.929142415523529,0.577092170715332,0.929142415523529
2405,0.9814345240592957,0.27338677644729614,1e-04,0.9814345240592957,0.9284157156944275,0.5962941646575928,0.9284157156944275
2406,0.9840608835220337,0.2714722156524658,1e-04,0.9840608835220337,0.9280523061752319,0.6083534359931946,0.9280523061752319
2407,0.9846042394638062,0.2695991098880768,1e-04,0.9846042394638062,0.9215116500854492,0.6105948686599731,0.9215116500854492
2408,0.9820684790611267,0.27440762519836426,1e-04,0.9820684790611267,0.921875,0.5975032448768616,0.921875
2409,0.9826118350028992,0.27494752407073975,1e-04,0.9826118350028992,0.9233284592628479,0.6369328498840332,0.9233284592628479
2410,0.9834269285202026,0.27236470580101013,1e-04,0.9834269285202026,0.9175145626068115,0.632231593132019,0.9175145626068115
2411,0.9806194305419922,0.27702686190605164,1e-04,0.9806194305419922,0.9298691749572754,0.6030464172363281,0.9298691749572754
2412,0.9828835129737854,0.27141886949539185,1e-04,0.9828835129737854,0.9305959343910217,0.5724766254425049,0.9305959343910217
2413,0.9851475954055786,0.2690919041633606,1e-04,0.9851475954055786,0.9229651093482971,0.6094282865524292,0.9229651093482971
2414,0.9812533855438232,0.2742331326007843,1e-04,0.9812533855438232,0.9284157156944275,0.5754389762878418,0.9284157156944275
2415,0.9840608835220337,0.2699664831161499,1e-04,0.9840608835220337,0.9324128031730652,0.5924259424209595,0.9324128031730652
2416,0.9855098724365234,0.26915332674980164,1e-04,0.9855098724365234,0.9160610437393188,0.6998330950737,0.9160610437393188
2417,0.9819778800010681,0.2764708399772644,1e-04,0.9819778800010681,0.9280523061752319,0.6019731163978577,0.9280523061752319
2418,0.9831552505493164,0.2714637815952301,1e-04,0.9831552505493164,0.9269621968269348,0.6114863157272339,0.9269621968269348
2419,0.9820684790611267,0.2726489305496216,1e-04,0.9820684790611267,0.9255087375640869,0.5946595668792725,0.9255087375640869
2420,0.9845137000083923,0.26909464597702026,1e-04,0.9845137000083923,0.9247819781303406,0.5959188938140869,0.9247819781303406
2421,0.9840608835220337,0.2714840769767761,1e-04,0.9840608835220337,0.929142415523529,0.5877627730369568,0.929142415523529
2422,0.98469477891922,0.26838696002960205,1e-04,0.98469477891922,0.9324128031730652,0.5870949625968933,0.9324128031730652
2423,0.9819778800010681,0.2722844183444977,1e-04,0.9819778800010681,0.9309592843055725,0.5684465169906616,0.9309592843055725
2424,0.9835174679756165,0.27128833532333374,1e-04,0.9835174679756165,0.926598846912384,0.5935603380203247,0.926598846912384
2425,0.9824306964874268,0.2718042731285095,1e-04,0.9824306964874268,0.9258720874786377,0.5915005803108215,0.9258720874786377
2426,0.9846042394638062,0.2672988176345825,1e-04,0.9846042394638062,0.9186046719551086,0.5971590280532837,0.9186046719551086
2427,0.9831552505493164,0.26969242095947266,1e-04,0.9831552505493164,0.9236918687820435,0.5974267721176147,0.9236918687820435
2428,0.9832457900047302,0.2694395184516907,1e-04,0.9832457900047302,0.9175145626068115,0.6710583567619324,0.9175145626068115
2429,0.9827492833137512,0.273534893989563,1e-04,0.9827492833137512,0.9280523061752319,0.5885539650917053,0.9280523061752319
2430,0.9817968010902405,0.2744337320327759,1e-04,0.9817968010902405,0.9309592843055725,0.606286346912384,0.9309592843055725
2431,0.9812533855438232,0.2768191993236542,1e-04,0.9812533855438232,0.926598846912384,0.5777548551559448,0.926598846912384
2432,0.9846042394638062,0.26897063851356506,1e-04,0.9846042394638062,0.9273256063461304,0.5813086032867432,0.9273256063461304
2433,0.9843325614929199,0.26794588565826416,1e-04,0.9843325614929199,0.9273256063461304,0.5998817682266235,0.9273256063461304
2434,0.9832457900047302,0.2717856764793396,1e-04,0.9832457900047302,0.9251453280448914,0.6407005190849304,0.9251453280448914
2435,0.9817968010902405,0.27265143394470215,1e-04,0.9817968010902405,0.9251453280448914,0.616256058216095,0.9251453280448914
2436,0.9824306964874268,0.27234187722206116,1e-04,0.9824306964874268,0.9247819781303406,0.5948237776756287,0.9247819781303406
2437,0.9827929735183716,0.2739776372909546,1e-04,0.9827929735183716,0.930232584476471,0.5886419415473938,0.930232584476471
2438,0.982974112033844,0.2690202593803406,1e-04,0.982974112033844,0.9280523061752319,0.6001762747764587,0.9280523061752319
2439,0.9817062020301819,0.2760561406612396,1e-04,0.9817062020301819,0.9287790656089783,0.577041745185852,0.9287790656089783
2440,0.9820684790611267,0.2743653655052185,1e-04,0.9820684790611267,0.9226017594337463,0.5809585452079773,0.9226017594337463
2441,0.983336329460144,0.26977548003196716,1e-04,0.983336329460144,0.9244186282157898,0.5771734118461609,0.9244186282157898
2442,0.9820684790611267,0.27233418822288513,1e-04,0.9820684790611267,0.9251453280448914,0.5752748250961304,0.9251453280448914
2443,0.9824306964874268,0.27166450023651123,1e-04,0.9824306964874268,0.929142415523529,0.5824378132820129,0.929142415523529
2444,0.9798949360847473,0.2761821150779724,1e-04,0.9798949360847473,0.9280523061752319,0.5803447961807251,0.9280523061752319
2445,0.983336329460144,0.2687872052192688,1e-04,0.983336329460144,0.9284157156944275,0.5919321179389954,0.9284157156944275
2446,0.9813439846038818,0.2718423902988434,1e-04,0.9813439846038818,0.9280523061752319,0.5881637930870056,0.9280523061752319
2447,0.9832457900047302,0.26952993869781494,1e-04,0.9832457900047302,0.9280523061752319,0.5940736532211304,0.9280523061752319
2448,0.9825212955474854,0.2719094753265381,1e-04,0.9825212955474854,0.9331395626068115,0.5679076313972473,0.9331395626068115
2449,0.982974112033844,0.27060946822166443,1e-04,0.982974112033844,0.9262354373931885,0.5941432118415833,0.9262354373931885
2450,0.9845137000083923,0.26837119460105896,1e-04,0.9845137000083923,0.9226017594337463,0.6083195805549622,0.9226017594337463
2451,0.9838797450065613,0.2685644328594208,1e-04,0.9838797450065613,0.9247819781303406,0.6106023788452148,0.9247819781303406
2452,0.9821590185165405,0.27180787920951843,1e-04,0.9821590185165405,0.9229651093482971,0.6146641373634338,0.9229651093482971
2453,0.983336329460144,0.27057647705078125,1e-04,0.983336329460144,0.9273256063461304,0.6032489538192749,0.9273256063461304
2454,0.9828835129737854,0.26955467462539673,1e-04,0.9828835129737854,0.9273256063461304,0.5821152329444885,0.9273256063461304
2455,0.9842419624328613,0.2677253484725952,1e-04,0.9842419624328613,0.9247819781303406,0.5886955857276917,0.9247819781303406
2456,0.9844231009483337,0.26490142941474915,1e-04,0.9844231009483337,0.9236918687820435,0.5977500081062317,0.9236918687820435
2457,0.9842419624328613,0.2661699652671814,1e-04,0.9842419624328613,0.9273256063461304,0.5992600321769714,0.9273256063461304
2458,0.9839702844619751,0.2697121500968933,1e-04,0.9839702844619751,0.9251453280448914,0.6046039462089539,0.9251453280448914
2459,0.9820684790611267,0.27444782853126526,1e-04,0.9820684790611267,0.9244186282157898,0.6021854877471924,0.9244186282157898
2460,0.9806194305419922,0.27357855439186096,1e-04,0.9806194305419922,0.9295058250427246,0.5854873061180115,0.9295058250427246
2461,0.9846042394638062,0.26755863428115845,1e-04,0.9846042394638062,0.9320493936538696,0.5651350021362305,0.9320493936538696
2462,0.9840608835220337,0.2679523825645447,1e-04,0.9840608835220337,0.9324128031730652,0.5949140191078186,0.9324128031730652
2463,0.9843325614929199,0.27047955989837646,1e-04,0.9843325614929199,0.9276889562606812,0.574789822101593,0.9276889562606812
2464,0.9820684790611267,0.27109095454216003,1e-04,0.9820684790611267,0.926598846912384,0.5742817521095276,0.926598846912384
2465,0.983336329460144,0.2697513699531555,1e-04,0.983336329460144,0.9236918687820435,0.6072627305984497,0.9236918687820435
2466,0.9822496175765991,0.2741798162460327,1e-04,0.9822496175765991,0.9295058250427246,0.567757248878479,0.9295058250427246
2467,0.982974112033844,0.2693996727466583,1e-04,0.982974112033844,0.9316860437393188,0.5670881867408752,0.9316860437393188
2468,0.9827024340629578,0.27113085985183716,1e-04,0.9827024340629578,0.9324128031730652,0.5767998099327087,0.9324128031730652
2469,0.9843325614929199,0.26896223425865173,1e-04,0.9843325614929199,0.9284157156944275,0.5899929404258728,0.9284157156944275
2470,0.9834269285202026,0.2693231403827667,1e-04,0.9834269285202026,0.921875,0.6349900960922241,0.921875
2471,0.9825212955474854,0.27051666378974915,1e-04,0.9825212955474854,0.9269621968269348,0.5903865098953247,0.9269621968269348
2472,0.9845137000083923,0.26699721813201904,1e-04,0.9845137000083923,0.929142415523529,0.592302680015564,0.929142415523529
2473,0.9835174679756165,0.2712348997592926,1e-04,0.9835174679756165,0.9244186282157898,0.5917127132415771,0.9244186282157898
2474,0.9826118350028992,0.2681857943534851,1e-04,0.9826118350028992,0.9305959343910217,0.5924383401870728,0.9305959343910217
2475,0.9818873405456543,0.2709883451461792,1e-04,0.9818873405456543,0.9258720874786377,0.5947831869125366,0.9258720874786377
2476,0.9832457900047302,0.27040228247642517,1e-04,0.9832457900047302,0.929142415523529,0.5823474526405334,0.929142415523529
2477,0.9828835129737854,0.2697341740131378,1e-04,0.9828835129737854,0.9280523061752319,0.5791037678718567,0.9280523061752319
2478,0.984966516494751,0.268369197845459,1e-04,0.984966516494751,0.9273256063461304,0.5720817446708679,0.9273256063461304
2479,0.9842419624328613,0.2648348808288574,1e-04,0.9842419624328613,0.9251453280448914,0.5974661111831665,0.9251453280448914
2480,0.9834269285202026,0.2700343132019043,1e-04,0.9834269285202026,0.9233284592628479,0.5775123238563538,0.9233284592628479
2481,0.98469477891922,0.26836147904396057,1e-04,0.98469477891922,0.9215116500854492,0.5728683471679688,0.9215116500854492
2482,0.9843325614929199,0.267972469329834,1e-04,0.9843325614929199,0.9233284592628479,0.5924132466316223,0.9233284592628479
2483,0.9843325614929199,0.26883625984191895,1e-04,0.9843325614929199,0.9273256063461304,0.5852294564247131,0.9273256063461304
2484,0.9834269285202026,0.26911264657974243,1e-04,0.9834269285202026,0.9316860437393188,0.5905695557594299,0.9316860437393188
2485,0.9831552505493164,0.26799696683883667,1e-04,0.9831552505493164,0.9262354373931885,0.5949447751045227,0.9262354373931885
2486,0.9828835129737854,0.27128300070762634,1e-04,0.9828835129737854,0.9284157156944275,0.5807768702507019,0.9284157156944275
2487,0.985328733921051,0.2655825614929199,1e-04,0.985328733921051,0.9276889562606812,0.5996202230453491,0.9276889562606812
2488,0.984966516494751,0.2654579281806946,1e-04,0.984966516494751,0.9204215407371521,0.6085479855537415,0.9204215407371521
2489,0.9825212955474854,0.2693136930465698,1e-04,0.9825212955474854,0.929142415523529,0.5766083598136902,0.929142415523529
2490,0.9834269285202026,0.27132996916770935,1e-04,0.9834269285202026,0.9273256063461304,0.5808424949645996,0.9273256063461304
2491,0.9851475954055786,0.26593470573425293,1e-04,0.9851475954055786,0.9229651093482971,0.615376353263855,0.9229651093482971
2492,0.9845137000083923,0.26569846272468567,1e-04,0.9845137000083923,0.9287790656089783,0.5769917964935303,0.9287790656089783
2493,0.9859626889228821,0.2642277181148529,1e-04,0.9859626889228821,0.9273256063461304,0.6068528890609741,0.9273256063461304
2494,0.9826118350028992,0.27119243144989014,1e-04,0.9826118350028992,0.930232584476471,0.5659567713737488,0.930232584476471
2495,0.9798949360847473,0.27451974153518677,1e-04,0.9798949360847473,0.9320493936538696,0.5729694366455078,0.9320493936538696
2496,0.9844231009483337,0.26683810353279114,1e-04,0.9844231009483337,0.9247819781303406,0.595583438873291,0.9247819781303406
2497,0.9838797450065613,0.2709825038909912,1e-04,0.9838797450065613,0.9298691749572754,0.5699862837791443,0.9298691749572754
2498,0.9838797450065613,0.2667669653892517,1e-04,0.9838797450065613,0.929142415523529,0.5674843192100525,0.929142415523529
2499,0.9839702844619751,0.2665531039237976,1e-04,0.9839702844619751,0.9255087375640869,0.5880781412124634,0.9255087375640869
2500,0.9856910109519958,0.2640099823474884,1e-04,0.9856910109519958,0.9305959343910217,0.5869937539100647,0.9305959343910217
2501,0.9832457900047302,0.2669360637664795,1e-04,0.9832457900047302,0.9335029125213623,0.5701910257339478,0.9335029125213623
2502,0.9863249659538269,0.26386600732803345,1e-04,0.9863249659538269,0.9280523061752319,0.589587390422821,0.9280523061752319
2503,0.9838797450065613,0.2698519229888916,1e-04,0.9838797450065613,0.9284157156944275,0.5869070291519165,0.9284157156944275
2504,0.9819778800010681,0.2687678337097168,1e-04,0.9819778800010681,0.9273256063461304,0.5996784567832947,0.9273256063461304
2505,0.9830646514892578,0.26889222860336304,1e-04,0.9830646514892578,0.9233284592628479,0.5873024463653564,0.9233284592628479
2506,0.9846042394638062,0.2647765576839447,1e-04,0.9846042394638062,0.9309592843055725,0.5902256369590759,0.9309592843055725
2507,0.9844231009483337,0.26516371965408325,1e-04,0.9844231009483337,0.9316860437393188,0.5972926020622253,0.9316860437393188
2508,0.9839702844619751,0.26645582914352417,1e-04,0.9839702844619751,0.9320493936538696,0.5786844491958618,0.9320493936538696
2509,0.9830646514892578,0.27196764945983887,1e-04,0.9830646514892578,0.9295058250427246,0.5958373546600342,0.9295058250427246
2510,0.9848759174346924,0.2654764950275421,1e-04,0.9848759174346924,0.9276889562606812,0.596038281917572,0.9276889562606812
2511,0.9823401570320129,0.27114248275756836,1e-04,0.9823401570320129,0.9269621968269348,0.5784978866577148,0.9269621968269348
2512,0.9850570559501648,0.26710671186447144,1e-04,0.9850570559501648,0.9276889562606812,0.5814209580421448,0.9276889562606812
2513,0.9830646514892578,0.26707395911216736,1e-04,0.9830646514892578,0.9258720874786377,0.6013121604919434,0.9258720874786377
2514,0.9837891459465027,0.268685907125473,1e-04,0.9837891459465027,0.9222383499145508,0.5839588046073914,0.9222383499145508
2515,0.9828835129737854,0.26606592535972595,1e-04,0.9828835129737854,0.9258720874786377,0.5781809091567993,0.9258720874786377
2516,0.9834269285202026,0.2677130699157715,1e-04,0.9834269285202026,0.9251453280448914,0.5940287113189697,0.9251453280448914
2517,0.9835174679756165,0.26788032054901123,1e-04,0.9835174679756165,0.9204215407371521,0.621990442276001,0.9204215407371521
2518,0.9839702844619751,0.26799991726875305,1e-04,0.9839702844619751,0.921875,0.6383943557739258,0.921875
2519,0.9832457900047302,0.2693312466144562,1e-04,0.9832457900047302,0.9287790656089783,0.5856536030769348,0.9287790656089783
2520,0.9830646514892578,0.269443154335022,1e-04,0.9830646514892578,0.9269621968269348,0.5906927585601807,0.9269621968269348
2521,0.9845137000083923,0.2659859359264374,1e-04,0.9845137000083923,0.9280523061752319,0.6173595786094666,0.9280523061752319
2522,0.9837891459465027,0.2672637104988098,1e-04,0.9837891459465027,0.9207848906517029,0.6155281662940979,0.9207848906517029
2523,0.9828835129737854,0.2704829275608063,1e-04,0.9828835129737854,0.9215116500854492,0.6043577790260315,0.9215116500854492
2524,0.9848759174346924,0.2669665813446045,1e-04,0.9848759174346924,0.929142415523529,0.5752251744270325,0.929142415523529
2525,0.9826118350028992,0.269309937953949,1e-04,0.9826118350028992,0.9226017594337463,0.578196108341217,0.9226017594337463
2526,0.9836986064910889,0.2666923403739929,1e-04,0.9836986064910889,0.9309592843055725,0.5896825790405273,0.9309592843055725
2527,0.9848759174346924,0.2648477256298065,1e-04,0.9848759174346924,0.9262354373931885,0.6018094420433044,0.9262354373931885
2528,0.9831552505493164,0.2675321400165558,1e-04,0.9831552505493164,0.926598846912384,0.5951482057571411,0.926598846912384
2529,0.9841514229774475,0.2660928964614868,1e-04,0.9841514229774475,0.9251453280448914,0.625011682510376,0.9251453280448914
2530,0.9847853779792786,0.2661508321762085,1e-04,0.9847853779792786,0.929142415523529,0.5864275693893433,0.929142415523529
2531,0.9817968010902405,0.26968127489089966,1e-04,0.9817968010902405,0.9255087375640869,0.6075592041015625,0.9255087375640869
2532,0.9826118350028992,0.2675393223762512,1e-04,0.9826118350028992,0.9280523061752319,0.6088089346885681,0.9280523061752319
2533,0.9836986064910889,0.26608479022979736,1e-04,0.9836986064910889,0.9280523061752319,0.583840012550354,0.9280523061752319
2534,0.9831552505493164,0.26842594146728516,1e-04,0.9831552505493164,0.9251453280448914,0.5619478225708008,0.9251453280448914
2535,0.9841514229774475,0.26561176776885986,1e-04,0.9841514229774475,0.9276889562606812,0.5894363522529602,0.9276889562606812
2536,0.9848759174346924,0.26400911808013916,1e-04,0.9848759174346924,0.9273256063461304,0.5866544842720032,0.9273256063461304
2537,0.9868683218955994,0.2632596492767334,1e-04,0.9868683218955994,0.926598846912384,0.5914302468299866,0.926598846912384
2538,0.9827024340629578,0.26993295550346375,1e-04,0.9827024340629578,0.9244186282157898,0.6162524819374084,0.9244186282157898
2539,0.9842419624328613,0.26576825976371765,1e-04,0.9842419624328613,0.9284157156944275,0.5829699039459229,0.9284157156944275
2540,0.9841514229774475,0.2674148380756378,1e-04,0.9841514229774475,0.9287790656089783,0.581423282623291,0.9287790656089783
2541,0.9840608835220337,0.2655470669269562,1e-04,0.9840608835220337,0.9316860437393188,0.5780662298202515,0.9316860437393188
2542,0.983608067035675,0.2657078802585602,1e-04,0.983608067035675,0.926598846912384,0.5840567946434021,0.926598846912384
2543,0.982974112033844,0.2673271894454956,1e-04,0.982974112033844,0.9305959343910217,0.5873104333877563,0.9305959343910217
2544,0.985328733921051,0.26151832938194275,1e-04,0.985328733921051,0.9273256063461304,0.6391786336898804,0.9273256063461304
2545,0.9817968010902405,0.2695147693157196,1e-04,0.9817968010902405,0.9251453280448914,0.6084284782409668,0.9251453280448914
2546,0.9842419624328613,0.2660680115222931,1e-04,0.9842419624328613,0.9258720874786377,0.5787721872329712,0.9258720874786377
2547,0.9821590185165405,0.2688449025154114,1e-04,0.9821590185165405,0.9258720874786377,0.5774145126342773,0.9258720874786377
2548,0.9823401570320129,0.2707885503768921,1e-04,0.9823401570320129,0.921875,0.6087018251419067,0.921875
2549,0.9835174679756165,0.26737990975379944,1e-04,0.9835174679756165,0.9215116500854492,0.5991948843002319,0.9215116500854492
2550,0.9841514229774475,0.2667481005191803,1e-04,0.9841514229774475,0.9309592843055725,0.5939928293228149,0.9309592843055725
2551,0.9834269285202026,0.2673659324645996,1e-04,0.9834269285202026,0.9269621968269348,0.5915586948394775,0.9269621968269348
2552,0.9847853779792786,0.2663669288158417,1e-04,0.9847853779792786,0.9255087375640869,0.6031559109687805,0.9255087375640869
2553,0.9837891459465027,0.2643394470214844,1e-04,0.9837891459465027,0.9204215407371521,0.6127856373786926,0.9204215407371521
2554,0.9851475954055786,0.26656588912010193,1e-04,0.9851475954055786,0.9251453280448914,0.598888635635376,0.9251453280448914
2555,0.9847853779792786,0.26191675662994385,1e-04,0.9847853779792786,0.9295058250427246,0.6097202897071838,0.9295058250427246
2556,0.9826118350028992,0.2639056146144867,1e-04,0.9826118350028992,0.9262354373931885,0.6107622385025024,0.9262354373931885
2557,0.9851475954055786,0.2661064565181732,1e-04,0.9851475954055786,0.9262354373931885,0.5969792604446411,0.9262354373931885
2558,0.98469477891922,0.26854944229125977,1e-04,0.98469477891922,0.9251453280448914,0.5918939113616943,0.9251453280448914
2559,0.9852381944656372,0.2643304467201233,1e-04,0.9852381944656372,0.9233284592628479,0.5878702402114868,0.9233284592628479
2560,0.982974112033844,0.2657181918621063,1e-04,0.982974112033844,0.9258720874786377,0.6028324365615845,0.9258720874786377
2561,0.985328733921051,0.26232510805130005,1e-04,0.985328733921051,0.9305959343910217,0.6136029362678528,0.9305959343910217
2562,0.9814345240592957,0.2738040089607239,1e-04,0.9814345240592957,0.9251453280448914,0.6102059483528137,0.9251453280448914
2563,0.9827024340629578,0.2664487063884735,1e-04,0.9827024340629578,0.9284157156944275,0.591636061668396,0.9284157156944275
2564,0.9851475954055786,0.2669985294342041,1e-04,0.9851475954055786,0.9211482405662537,0.6158837676048279,0.9211482405662537
2565,0.9847853779792786,0.2636997103691101,1e-04,0.9847853779792786,0.9262354373931885,0.6072620749473572,0.9262354373931885
2566,0.9851475954055786,0.2626177966594696,1e-04,0.9851475954055786,0.9229651093482971,0.6120418906211853,0.9229651093482971
2567,0.9823401570320129,0.268865168094635,1e-04,0.9823401570320129,0.9276889562606812,0.5974252820014954,0.9276889562606812
2568,0.9836986064910889,0.2640979290008545,1e-04,0.9836986064910889,0.9251453280448914,0.5958316922187805,0.9251453280448914
2569,0.9840608835220337,0.2668098509311676,1e-04,0.9840608835220337,0.9280523061752319,0.5848639607429504,0.9280523061752319
2570,0.9844231009483337,0.2689104974269867,1e-04,0.9844231009483337,0.9284157156944275,0.5583325624465942,0.9284157156944275
2571,0.9850570559501648,0.26479560136795044,1e-04,0.9850570559501648,0.9305959343910217,0.5715163350105286,0.9305959343910217
2572,0.9854193329811096,0.26477983593940735,1e-04,0.9854193329811096,0.9262354373931885,0.5751345753669739,0.9262354373931885
2573,0.9848759174346924,0.2659618854522705,1e-04,0.9848759174346924,0.9258720874786377,0.604985237121582,0.9258720874786377
2574,0.9848759174346924,0.2624477744102478,1e-04,0.9848759174346924,0.9193313717842102,0.6411678194999695,0.9193313717842102
2575,0.9838797450065613,0.2684800624847412,1e-04,0.9838797450065613,0.9280523061752319,0.5828269720077515,0.9280523061752319
2576,0.9847853779792786,0.26284676790237427,1e-04,0.9847853779792786,0.9269621968269348,0.5906624794006348,0.9269621968269348
2577,0.986687183380127,0.25949016213417053,1e-04,0.986687183380127,0.930232584476471,0.5873333811759949,0.930232584476471
2578,0.9847853779792786,0.2658960223197937,1e-04,0.9847853779792786,0.929142415523529,0.5756590962409973,0.929142415523529
2579,0.9859626889228821,0.26348087191581726,1e-04,0.9859626889228821,0.9247819781303406,0.5848890542984009,0.9247819781303406
2580,0.9834269285202026,0.2648497521877289,1e-04,0.9834269285202026,0.9276889562606812,0.607835054397583,0.9276889562606812
2581,0.9870494604110718,0.25789138674736023,1e-04,0.9870494604110718,0.9273256063461304,0.610737681388855,0.9273256063461304
2582,0.9848759174346924,0.2616313695907593,1e-04,0.9848759174346924,0.9258720874786377,0.5919189453125,0.9258720874786377
2583,0.9839702844619751,0.26298919320106506,1e-04,0.9839702844619751,0.9236918687820435,0.5933946371078491,0.9236918687820435
2584,0.9842419624328613,0.26489922404289246,1e-04,0.9842419624328613,0.9196947813034058,0.6011970639228821,0.9196947813034058
2585,0.9860532283782959,0.25999778509140015,1e-04,0.9860532283782959,0.9284157156944275,0.5943434834480286,0.9284157156944275
2586,0.9834269285202026,0.26582616567611694,1e-04,0.9834269285202026,0.929142415523529,0.5809089541435242,0.929142415523529
2587,0.9841514229774475,0.26262879371643066,1e-04,0.9841514229774475,0.9229651093482971,0.6068939566612244,0.9229651093482971
2588,0.983608067035675,0.26493340730667114,1e-04,0.983608067035675,0.926598846912384,0.605070173740387,0.926598846912384
2589,0.9839702844619751,0.26608017086982727,1e-04,0.9839702844619751,0.9251453280448914,0.5782485604286194,0.9251453280448914
2590,0.9838797450065613,0.2626415491104126,1e-04,0.9838797450065613,0.9207848906517029,0.6292333006858826,0.9207848906517029
2591,0.9842419624328613,0.2642216682434082,1e-04,0.9842419624328613,0.9229651093482971,0.5736938118934631,0.9229651093482971
2592,0.9836986064910889,0.2645987868309021,1e-04,0.9836986064910889,0.929142415523529,0.5754814147949219,0.929142415523529
2593,0.9844231009483337,0.26270100474357605,1e-04,0.9844231009483337,0.921875,0.5807742476463318,0.921875
2594,0.9840608835220337,0.2640824615955353,1e-04,0.9840608835220337,0.9269621968269348,0.6034904718399048,0.9269621968269348
2595,0.9848759174346924,0.2633698284626007,1e-04,0.9848759174346924,0.9273256063461304,0.5913726687431335,0.9273256063461304
2596,0.985328733921051,0.2618221044540405,1e-04,0.985328733921051,0.9305959343910217,0.5830248594284058,0.9305959343910217
2597,0.9827929735183716,0.2681957483291626,1e-04,0.9827929735183716,0.930232584476471,0.5748785734176636,0.930232584476471
2598,0.9867777824401855,0.25760015845298767,1e-04,0.9867777824401855,0.9240552186965942,0.6254454851150513,0.9240552186965942
2599,0.9825212955474854,0.2697642147541046,1e-04,0.9825212955474854,0.9178779125213623,0.6052393317222595,0.9178779125213623
2600,0.9858721494674683,0.26159805059432983,1e-04,0.9858721494674683,0.9251453280448914,0.580145001411438,0.9251453280448914
2601,0.9865060448646545,0.25960180163383484,1e-04,0.9865060448646545,0.9258720874786377,0.5913894772529602,0.9258720874786377
2602,0.9864155054092407,0.26187604665756226,1e-04,0.9864155054092407,0.9280523061752319,0.6182460188865662,0.9280523061752319
2603,0.9868683218955994,0.2573739290237427,1e-04,0.9868683218955994,0.929142415523529,0.6006602644920349,0.929142415523529
2604,0.9830646514892578,0.2633826434612274,1e-04,0.9830646514892578,0.9207848906517029,0.6310853958129883,0.9207848906517029
2605,0.9859626889228821,0.2617481052875519,1e-04,0.9859626889228821,0.9247819781303406,0.6180384159088135,0.9247819781303406
2606,0.9846042394638062,0.26160144805908203,1e-04,0.9846042394638062,0.9233284592628479,0.6100166440010071,0.9233284592628479
2607,0.9862343668937683,0.2606734335422516,1e-04,0.9862343668937683,0.9236918687820435,0.6118781566619873,0.9236918687820435
2608,0.9838797450065613,0.26816946268081665,1e-04,0.9838797450065613,0.9305959343910217,0.5683426260948181,0.9305959343910217
2609,0.9856004118919373,0.2617519795894623,1e-04,0.9856004118919373,0.9226017594337463,0.6200550198554993,0.9226017594337463
2610,0.9838797450065613,0.2627510130405426,1e-04,0.9838797450065613,0.9211482405662537,0.6064531803131104,0.9211482405662537
2611,0.9856004118919373,0.2608901858329773,1e-04,0.9856004118919373,0.9258720874786377,0.589036762714386,0.9258720874786377
2612,0.9831552505493164,0.2654288113117218,1e-04,0.9831552505493164,0.9251453280448914,0.5729222297668457,0.9251453280448914
2613,0.9840608835220337,0.26186418533325195,1e-04,0.9840608835220337,0.9309592843055725,0.5837082266807556,0.9309592843055725
2614,0.9846042394638062,0.26154404878616333,1e-04,0.9846042394638062,0.9269621968269348,0.5872076153755188,0.9269621968269348
2615,0.9842419624328613,0.26572245359420776,1e-04,0.9842419624328613,0.9178779125213623,0.5818137526512146,0.9178779125213623
2616,0.9846042394638062,0.26808813214302063,1e-04,0.9846042394638062,0.9244186282157898,0.5873777866363525,0.9244186282157898
2617,0.98469477891922,0.26104238629341125,1e-04,0.98469477891922,0.9207848906517029,0.6197085976600647,0.9207848906517029
2618,0.9867777824401855,0.2578781843185425,1e-04,0.9867777824401855,0.9240552186965942,0.6082627177238464,0.9240552186965942
2619,0.9862343668937683,0.25871002674102783,1e-04,0.9862343668937683,0.9284157156944275,0.5701056718826294,0.9284157156944275
2620,0.9840608835220337,0.2630656063556671,1e-04,0.9840608835220337,0.9251453280448914,0.5831729769706726,0.9251453280448914
2621,0.9847853779792786,0.2655033767223358,1e-04,0.9847853779792786,0.926598846912384,0.5687655210494995,0.926598846912384
2622,0.9847853779792786,0.26171836256980896,1e-04,0.9847853779792786,0.9280523061752319,0.5808696150779724,0.9280523061752319
2623,0.9861438274383545,0.2593986988067627,1e-04,0.9861438274383545,0.9298691749572754,0.5736668705940247,0.9298691749572754
2624,0.9842419624328613,0.2637088894844055,1e-04,0.9842419624328613,0.9284157156944275,0.5888998508453369,0.9284157156944275
2625,0.9861438274383545,0.2618217468261719,1e-04,0.9861438274383545,0.9269621968269348,0.5963156819343567,0.9269621968269348
2626,0.9844231009483337,0.2633112072944641,1e-04,0.9844231009483337,0.9258720874786377,0.5727968215942383,0.9258720874786377
2627,0.9838797450065613,0.2625294327735901,1e-04,0.9838797450065613,0.926598846912384,0.6175282597541809,0.926598846912384
2628,0.984966516494751,0.2641025185585022,1e-04,0.984966516494751,0.9273256063461304,0.5757886171340942,0.9273256063461304
2629,0.9862343668937683,0.2591826319694519,1e-04,0.9862343668937683,0.9251453280448914,0.5792137980461121,0.9251453280448914
2630,0.9844231009483337,0.26493871212005615,1e-04,0.9844231009483337,0.9247819781303406,0.6000372171401978,0.9247819781303406
2631,0.9860532283782959,0.25965601205825806,1e-04,0.9860532283782959,0.9284157156944275,0.5962761640548706,0.9284157156944275
2632,0.9856910109519958,0.2619875967502594,1e-04,0.9856910109519958,0.9233284592628479,0.6126709580421448,0.9233284592628479
2633,0.9840608835220337,0.2648492455482483,1e-04,0.9840608835220337,0.9262354373931885,0.6259253025054932,0.9262354373931885
2634,0.9840608835220337,0.26577049493789673,1e-04,0.9840608835220337,0.9255087375640869,0.5904356241226196,0.9255087375640869
2635,0.9847853779792786,0.2594497799873352,1e-04,0.9847853779792786,0.9229651093482971,0.6185133457183838,0.9229651093482971
2636,0.9859626889228821,0.2612723112106323,1e-04,0.9859626889228821,0.9269621968269348,0.5945145487785339,0.9269621968269348
2637,0.985328733921051,0.26148271560668945,1e-04,0.985328733921051,0.9284157156944275,0.6084020137786865,0.9284157156944275
2638,0.98469477891922,0.26293957233428955,1e-04,0.98469477891922,0.9251453280448914,0.5780045986175537,0.9251453280448914
2639,0.9874116778373718,0.25572288036346436,1e-04,0.9874116778373718,0.926598846912384,0.6208028793334961,0.926598846912384
2640,0.9857815504074097,0.2602970600128174,1e-04,0.9857815504074097,0.926598846912384,0.6082141399383545,0.926598846912384
2641,0.9854193329811096,0.2612004578113556,1e-04,0.9854193329811096,0.926598846912384,0.6061409711837769,0.926598846912384
2642,0.9852381944656372,0.2628772556781769,1e-04,0.9852381944656372,0.9273256063461304,0.5766357183456421,0.9273256063461304
2643,0.9839702844619751,0.26512381434440613,1e-04,0.9839702844619751,0.9273256063461304,0.6045169234275818,0.9273256063461304
2644,0.9852381944656372,0.25994908809661865,1e-04,0.9852381944656372,0.9233284592628479,0.6237471103668213,0.9233284592628479
2645,0.9856910109519958,0.2599034607410431,1e-04,0.9856910109519958,0.9226017594337463,0.6403173208236694,0.9226017594337463
2646,0.9840608835220337,0.2623295783996582,1e-04,0.9840608835220337,0.9236918687820435,0.6053246855735779,0.9236918687820435
2647,0.9856004118919373,0.25833624601364136,1e-04,0.9856004118919373,0.9269621968269348,0.6073915362358093,0.9269621968269348
2648,0.9834269285202026,0.262919157743454,1e-04,0.9834269285202026,0.9287790656089783,0.5853571891784668,0.9287790656089783
2649,0.987321138381958,0.25594526529312134,1e-04,0.987321138381958,0.9284157156944275,0.598481297492981,0.9284157156944275
2650,0.9865966439247131,0.2569410800933838,1e-04,0.9865966439247131,0.9262354373931885,0.6145944595336914,0.9262354373931885
2651,0.9841514229774475,0.26281777024269104,1e-04,0.9841514229774475,0.9262354373931885,0.5881375074386597,0.9262354373931885
2652,0.9844231009483337,0.26115161180496216,1e-04,0.9844231009483337,0.9247819781303406,0.6091859936714172,0.9247819781303406
2653,0.9868683218955994,0.2572892904281616,1e-04,0.9868683218955994,0.9276889562606812,0.6090148687362671,0.9276889562606812
2654,0.9846042394638062,0.2632341682910919,1e-04,0.9846042394638062,0.9276889562606812,0.5867578387260437,0.9276889562606812
2655,0.9857815504074097,0.2585371434688568,1e-04,0.9857815504074097,0.9276889562606812,0.6168492436408997,0.9276889562606812
2656,0.9844231009483337,0.2598531246185303,1e-04,0.9844231009483337,0.929142415523529,0.6011961102485657,0.929142415523529
2657,0.9845137000083923,0.26157864928245544,1e-04,0.9845137000083923,0.9196947813034058,0.6493626832962036,0.9196947813034058
2658,0.9836986064910889,0.2648543417453766,1e-04,0.9836986064910889,0.9258720874786377,0.5871566534042358,0.9258720874786377
2659,0.9831552505493164,0.26791396737098694,1e-04,0.9831552505493164,0.9244186282157898,0.5550546050071716,0.9244186282157898
2660,0.9823401570320129,0.26558658480644226,1e-04,0.9823401570320129,0.9262354373931885,0.5734494924545288,0.9262354373931885
2661,0.9850570559501648,0.2608644366264343,1e-04,0.9850570559501648,0.9240552186965942,0.5937487483024597,0.9240552186965942
2662,0.9830646514892578,0.2626226246356964,1e-04,0.9830646514892578,0.9255087375640869,0.5928134322166443,0.9255087375640869
2663,0.9867777824401855,0.2559445798397064,1e-04,0.9867777824401855,0.9273256063461304,0.5991188287734985,0.9273256063461304
2664,0.9822496175765991,0.26855480670928955,1e-04,0.9822496175765991,0.9262354373931885,0.615675687789917,0.9262354373931885
2665,0.983608067035675,0.26546281576156616,1e-04,0.983608067035675,0.9287790656089783,0.5794702768325806,0.9287790656089783
2666,0.9854193329811096,0.2598089277744293,1e-04,0.9854193329811096,0.9222383499145508,0.602647602558136,0.9222383499145508
2667,0.9871399998664856,0.2551412582397461,1e-04,0.9871399998664856,0.9324128031730652,0.5919004678726196,0.9324128031730652
2668,0.9845137000083923,0.2629272937774658,1e-04,0.9845137000083923,0.9298691749572754,0.5810315608978271,0.9298691749572754
2669,0.9834269285202026,0.26153096556663513,1e-04,0.9834269285202026,0.9251453280448914,0.6020705103874207,0.9251453280448914
2670,0.985328733921051,0.2568674087524414,1e-04,0.985328733921051,0.9269621968269348,0.6367252469062805,0.9269621968269348
2671,0.9860532283782959,0.2585691809654236,1e-04,0.9860532283782959,0.9240552186965942,0.6140856742858887,0.9240552186965942
2672,0.9844231009483337,0.2634026110172272,1e-04,0.9844231009483337,0.9280523061752319,0.6156374216079712,0.9280523061752319
2673,0.9860532283782959,0.2584456205368042,1e-04,0.9860532283782959,0.9269621968269348,0.5914254784584045,0.9269621968269348
2674,0.9850570559501648,0.26123926043510437,1e-04,0.9850570559501648,0.9229651093482971,0.6089746356010437,0.9229651093482971
2675,0.9846042394638062,0.2622229754924774,1e-04,0.9846042394638062,0.9240552186965942,0.6500589847564697,0.9240552186965942
2676,0.9831552505493164,0.2651252746582031,1e-04,0.9831552505493164,0.9258720874786377,0.585168182849884,0.9258720874786377
2677,0.9844231009483337,0.25849589705467224,1e-04,0.9844231009483337,0.9262354373931885,0.6138714551925659,0.9262354373931885
2678,0.985328733921051,0.2608705461025238,1e-04,0.985328733921051,0.9182412624359131,0.6960144639015198,0.9182412624359131
2679,0.9858721494674683,0.25955525040626526,1e-04,0.9858721494674683,0.9258720874786377,0.5994672775268555,0.9258720874786377
2680,0.986687183380127,0.2571151554584503,1e-04,0.986687183380127,0.921875,0.6309166550636292,0.921875
2681,0.9840608835220337,0.2622140347957611,1e-04,0.9840608835220337,0.9255087375640869,0.6064270734786987,0.9255087375640869
2682,0.9865966439247131,0.2581653296947479,1e-04,0.9865966439247131,0.9258720874786377,0.6167199611663818,0.9258720874786377
2683,0.9851475954055786,0.25832754373550415,1e-04,0.9851475954055786,0.926598846912384,0.6202138066291809,0.926598846912384
2684,0.9855098724365234,0.2609962224960327,1e-04,0.9855098724365234,0.9276889562606812,0.6080332398414612,0.9276889562606812
2685,0.9839702844619751,0.26074856519699097,1e-04,0.9839702844619751,0.9222383499145508,0.6484858393669128,0.9222383499145508
2686,0.9856910109519958,0.25752297043800354,1e-04,0.9856910109519958,0.9262354373931885,0.605076789855957,0.9262354373931885
2687,0.9826118350028992,0.2617906928062439,1e-04,0.9826118350028992,0.9200581312179565,0.6105234622955322,0.9200581312179565
2688,0.9841514229774475,0.2597815990447998,1e-04,0.9841514229774475,0.9309592843055725,0.5782877206802368,0.9309592843055725
2689,0.9862343668937683,0.2572861611843109,1e-04,0.9862343668937683,0.9320493936538696,0.5963420867919922,0.9320493936538696
2690,0.9864155054092407,0.2573895752429962,1e-04,0.9864155054092407,0.9276889562606812,0.6151907444000244,0.9276889562606812
2691,0.9850570559501648,0.2597953677177429,1e-04,0.9850570559501648,0.9200581312179565,0.6154069900512695,0.9200581312179565
2692,0.9850570559501648,0.26051437854766846,1e-04,0.9850570559501648,0.9342296719551086,0.5669189095497131,0.9342296719551086
2693,0.9847853779792786,0.25764283537864685,1e-04,0.9847853779792786,0.9273256063461304,0.6238024234771729,0.9273256063461304
2694,0.9844231009483337,0.2602485418319702,1e-04,0.9844231009483337,0.9262354373931885,0.6461435556411743,0.9262354373931885
2695,0.9846042394638062,0.2598377466201782,1e-04,0.9846042394638062,0.9251453280448914,0.6514570116996765,0.9251453280448914
2696,0.9843325614929199,0.261697918176651,1e-04,0.9843325614929199,0.9287790656089783,0.5998728275299072,0.9287790656089783
2697,0.9857815504074097,0.2600019872188568,1e-04,0.9857815504074097,0.9222383499145508,0.648602306842804,0.9222383499145508
2698,0.9840608835220337,0.26133641600608826,1e-04,0.9840608835220337,0.9211482405662537,0.6310850381851196,0.9211482405662537
2699,0.9836986064910889,0.26086610555648804,1e-04,0.9836986064910889,0.9240552186965942,0.623124361038208,0.9240552186965942
2700,0.9838797450065613,0.2619931697845459,1e-04,0.9838797450065613,0.9276889562606812,0.609373152256012,0.9276889562606812
2701,0.9815250635147095,0.2723882496356964,1e-04,0.9815250635147095,0.921875,0.5990006327629089,0.921875
2702,0.982974112033844,0.26687324047088623,1e-04,0.982974112033844,0.932776153087616,0.5810213088989258,0.932776153087616
2703,0.9835174679756165,0.26422515511512756,1e-04,0.9835174679756165,0.929142415523529,0.5862691402435303,0.929142415523529
2704,0.9855098724365234,0.26156383752822876,1e-04,0.9855098724365234,0.9251453280448914,0.5929170250892639,0.9251453280448914
2705,0.9841514229774475,0.2632712423801422,1e-04,0.9841514229774475,0.9247819781303406,0.5927421450614929,0.9247819781303406
2706,0.9830646514892578,0.26421424746513367,1e-04,0.9830646514892578,0.929142415523529,0.5891805291175842,0.929142415523529
2707,0.9848759174346924,0.25917956233024597,1e-04,0.9848759174346924,0.9222383499145508,0.6057907342910767,0.9222383499145508
2708,0.9826118350028992,0.26618272066116333,1e-04,0.9826118350028992,0.9244186282157898,0.5932607650756836,0.9244186282157898
2709,0.9860532283782959,0.25736793875694275,1e-04,0.9860532283782959,0.9189680218696594,0.621894896030426,0.9189680218696594
2710,0.9850570559501648,0.2593315839767456,1e-04,0.9850570559501648,0.9153342843055725,0.6723447442054749,0.9153342843055725
2711,0.9848759174346924,0.258441686630249,1e-04,0.9848759174346924,0.9251453280448914,0.5917136669158936,0.9251453280448914
2712,0.985328733921051,0.2587292492389679,1e-04,0.985328733921051,0.9276889562606812,0.6030527353286743,0.9276889562606812
2713,0.9843325614929199,0.25927409529685974,1e-04,0.9843325614929199,0.9244186282157898,0.6266065835952759,0.9244186282157898
2714,0.985328733921051,0.25710511207580566,1e-04,0.985328733921051,0.9287790656089783,0.597872257232666,0.9287790656089783
2715,0.9847853779792786,0.260061115026474,1e-04,0.9847853779792786,0.9189680218696594,0.6627902984619141,0.9189680218696594
2716,0.9839702844619751,0.2623465955257416,1e-04,0.9839702844619751,0.9295058250427246,0.5883386135101318,0.9295058250427246
2717,0.9844231009483337,0.25797730684280396,1e-04,0.9844231009483337,0.926598846912384,0.6089513897895813,0.926598846912384
2718,0.984966516494751,0.2602863013744354,1e-04,0.984966516494751,0.9287790656089783,0.579825222492218,0.9287790656089783
2719,0.9863249659538269,0.2581588923931122,1e-04,0.9863249659538269,0.9247819781303406,0.6141830086708069,0.9247819781303406
2720,0.985328733921051,0.2597896456718445,1e-04,0.985328733921051,0.9305959343910217,0.5815721154212952,0.9305959343910217
2721,0.9858721494674683,0.2591736614704132,1e-04,0.9858721494674683,0.9287790656089783,0.5874308943748474,0.9287790656089783
2722,0.9851475954055786,0.2593255341053009,1e-04,0.9851475954055786,0.9240552186965942,0.6284887194633484,0.9240552186965942
2723,0.9836986064910889,0.26252493262290955,1e-04,0.9836986064910889,0.9251453280448914,0.5786599516868591,0.9251453280448914
2724,0.9865966439247131,0.2591501772403717,1e-04,0.9865966439247131,0.9240552186965942,0.5836812853813171,0.9240552186965942
2725,0.9826118350028992,0.2637929618358612,1e-04,0.9826118350028992,0.9262354373931885,0.5787763595581055,0.9262354373931885
2726,0.9862343668937683,0.2570198178291321,1e-04,0.9862343668937683,0.9284157156944275,0.5935921669006348,0.9284157156944275
2727,0.9841514229774475,0.26301005482673645,1e-04,0.9841514229774475,0.9236918687820435,0.5845315456390381,0.9236918687820435
2728,0.9860532283782959,0.25735169649124146,1e-04,0.9860532283782959,0.929142415523529,0.5897961258888245,0.929142415523529
2729,0.9854193329811096,0.2558227479457855,1e-04,0.9854193329811096,0.9316860437393188,0.5663354992866516,0.9316860437393188
2730,0.9877739548683167,0.254984974861145,1e-04,0.9877739548683167,0.9305959343910217,0.5753341913223267,0.9305959343910217
2731,0.9847853779792786,0.2608877718448639,1e-04,0.9847853779792786,0.9295058250427246,0.5901776552200317,0.9295058250427246
2732,0.9865060448646545,0.25521737337112427,1e-04,0.9865060448646545,0.9262354373931885,0.6201764941215515,0.9262354373931885
2733,0.985328733921051,0.25748327374458313,1e-04,0.985328733921051,0.9276889562606812,0.5925363898277283,0.9276889562606812
2734,0.9859626889228821,0.25652724504470825,1e-04,0.9859626889228821,0.9244186282157898,0.6349893808364868,0.9244186282157898
2735,0.9874116778373718,0.25255444645881653,1e-04,0.9874116778373718,0.9298691749572754,0.6081409454345703,0.9298691749572754
2736,0.9878644943237305,0.251217246055603,1e-04,0.9878644943237305,0.9316860437393188,0.6128631830215454,0.9316860437393188
2737,0.9843325614929199,0.26409050822257996,1e-04,0.9843325614929199,0.9240552186965942,0.589154839515686,0.9240552186965942
2738,0.9861438274383545,0.2585984170436859,1e-04,0.9861438274383545,0.9273256063461304,0.6121019124984741,0.9273256063461304
2739,0.9865966439247131,0.2544437348842621,1e-04,0.9865966439247131,0.9262354373931885,0.5955236554145813,0.9262354373931885
2740,0.987321138381958,0.2540176510810852,1e-04,0.987321138381958,0.9284157156944275,0.6208118200302124,0.9284157156944275
2741,0.9856004118919373,0.2570522725582123,1e-04,0.9856004118919373,0.9269621968269348,0.6232630610466003,0.9269621968269348
2742,0.9816156625747681,0.26721230149269104,1e-04,0.9816156625747681,0.9204215407371521,0.6812770962715149,0.9204215407371521
2743,0.98469477891922,0.2596953809261322,1e-04,0.98469477891922,0.9240552186965942,0.6135821342468262,0.9240552186965942
2744,0.9846042394638062,0.2636842131614685,1e-04,0.9846042394638062,0.9229651093482971,0.6071839928627014,0.9229651093482971
2745,0.9851475954055786,0.26085591316223145,1e-04,0.9851475954055786,0.9226017594337463,0.6048410534858704,0.9226017594337463
2746,0.9842419624328613,0.26417776942253113,1e-04,0.9842419624328613,0.9178779125213623,0.5969069004058838,0.9178779125213623
2747,0.9872305989265442,0.25364187359809875,1e-04,0.9872305989265442,0.9229651093482971,0.613811194896698,0.9229651093482971
2748,0.9877739548683167,0.25402361154556274,1e-04,0.9877739548683167,0.9255087375640869,0.6025951504707336,0.9255087375640869
2749,0.984966516494751,0.2587437033653259,1e-04,0.984966516494751,0.9269621968269348,0.6095563769340515,0.9269621968269348
2750,0.9819778800010681,0.2660689949989319,1e-04,0.9819778800010681,0.9258720874786377,0.5922079682350159,0.9258720874786377
2751,0.9857815504074097,0.2567247748374939,1e-04,0.9857815504074097,0.9204215407371521,0.6031115055084229,0.9204215407371521
2752,0.9836986064910889,0.2639561891555786,1e-04,0.9836986064910889,0.9160610437393188,0.6669513583183289,0.9160610437393188
2753,0.9852381944656372,0.25812917947769165,1e-04,0.9852381944656372,0.9258720874786377,0.6062290072441101,0.9258720874786377
2754,0.9839702844619751,0.26170724630355835,1e-04,0.9839702844619751,0.9233284592628479,0.62621009349823,0.9233284592628479
2755,0.9863249659538269,0.25647395849227905,1e-04,0.9863249659538269,0.9262354373931885,0.6067960262298584,0.9262354373931885
2756,0.9855098724365234,0.25880953669548035,1e-04,0.9855098724365234,0.9236918687820435,0.5964311957359314,0.9236918687820435
2757,0.9851475954055786,0.2569304406642914,1e-04,0.9851475954055786,0.921875,0.602920651435852,0.921875
2758,0.987321138381958,0.2532258629798889,1e-04,0.987321138381958,0.929142415523529,0.604849100112915,0.929142415523529
2759,0.9843325614929199,0.26070067286491394,1e-04,0.9843325614929199,0.9251453280448914,0.5847346782684326,0.9251453280448914
2760,0.9870494604110718,0.2534988522529602,1e-04,0.9870494604110718,0.9229651093482971,0.6197906136512756,0.9229651093482971
2761,0.986687183380127,0.2543874680995941,1e-04,0.986687183380127,0.9280523061752319,0.6015086770057678,0.9280523061752319
2762,0.9848759174346924,0.2601526081562042,1e-04,0.9848759174346924,0.921875,0.6348497271537781,0.921875
2763,0.9860532283782959,0.25741079449653625,1e-04,0.9860532283782959,0.9269621968269348,0.6091427206993103,0.9269621968269348
2764,0.9840608835220337,0.2576240301132202,1e-04,0.9840608835220337,0.9251453280448914,0.5929240584373474,0.9251453280448914
2765,0.9872305989265442,0.2529136538505554,1e-04,0.9872305989265442,0.929142415523529,0.6219306588172913,0.929142415523529
2766,0.9862343668937683,0.2548096179962158,1e-04,0.9862343668937683,0.9298691749572754,0.6029102206230164,0.9298691749572754
2767,0.985328733921051,0.2579815685749054,1e-04,0.985328733921051,0.9196947813034058,0.6050135493278503,0.9196947813034058
2768,0.9860532283782959,0.2567024827003479,1e-04,0.9860532283782959,0.9269621968269348,0.6031525135040283,0.9269621968269348
2769,0.9863249659538269,0.25804322957992554,1e-04,0.9863249659538269,0.9258720874786377,0.5921213626861572,0.9258720874786377
2770,0.9846042394638062,0.25792527198791504,1e-04,0.9846042394638062,0.9287790656089783,0.6019970774650574,0.9287790656089783
2771,0.9867777824401855,0.25581634044647217,1e-04,0.9867777824401855,0.9255087375640869,0.6060283184051514,0.9255087375640869
2772,0.9850570559501648,0.25729912519454956,1e-04,0.9850570559501648,0.926598846912384,0.5867199301719666,0.926598846912384
2773,0.9855098724365234,0.25682777166366577,1e-04,0.9855098724365234,0.9284157156944275,0.5870131850242615,0.9284157156944275
2774,0.9875928163528442,0.2525086998939514,1e-04,0.9875928163528442,0.9247819781303406,0.5942838788032532,0.9247819781303406
2775,0.9858721494674683,0.2572213411331177,1e-04,0.9858721494674683,0.9273256063461304,0.589846134185791,0.9273256063461304
2776,0.9860910177230835,0.2560424208641052,1e-04,0.9860910177230835,0.9298691749572754,0.5931551456451416,0.9298691749572754
2777,0.9858721494674683,0.25620731711387634,1e-04,0.9858721494674683,0.9287790656089783,0.5779761672019958,0.9287790656089783
2778,0.9871399998664856,0.2538921535015106,1e-04,0.9871399998664856,0.9262354373931885,0.5950891971588135,0.9262354373931885
2779,0.984966516494751,0.25549182295799255,1e-04,0.984966516494751,0.9269621968269348,0.5861241221427917,0.9269621968269348
2780,0.9842419624328613,0.260680615901947,1e-04,0.9842419624328613,0.9295058250427246,0.5848284363746643,0.9295058250427246
2781,0.9856910109519958,0.2544667720794678,1e-04,0.9856910109519958,0.9255087375640869,0.6004248261451721,0.9255087375640869
2782,0.9845137000083923,0.2601163685321808,1e-04,0.9845137000083923,0.9298691749572754,0.5912083983421326,0.9298691749572754
2783,0.9864155054092407,0.2542386054992676,1e-04,0.9864155054092407,0.9258720874786377,0.6046839952468872,0.9258720874786377
2784,0.9845137000083923,0.2574878931045532,1e-04,0.9845137000083923,0.926598846912384,0.604178249835968,0.926598846912384
2785,0.9852381944656372,0.25702837109565735,1e-04,0.9852381944656372,0.9247819781303406,0.6056414246559143,0.9247819781303406
2786,0.9863249659538269,0.2550940215587616,1e-04,0.9863249659538269,0.9276889562606812,0.6030992269515991,0.9276889562606812
2787,0.986687183380127,0.2533249258995056,1e-04,0.986687183380127,0.9269621968269348,0.5837045311927795,0.9269621968269348
2788,0.9852381944656372,0.25700119137763977,1e-04,0.9852381944656372,0.9233284592628479,0.5851719975471497,0.9233284592628479
2789,0.9842419624328613,0.2591877281665802,1e-04,0.9842419624328613,0.926598846912384,0.5868028998374939,0.926598846912384
2790,0.9840608835220337,0.25759732723236084,1e-04,0.9840608835220337,0.9247819781303406,0.6015122532844543,0.9247819781303406
2791,0.9860532283782959,0.2556433081626892,1e-04,0.9860532283782959,0.9320493936538696,0.5852068066596985,0.9320493936538696
2792,0.987321138381958,0.2534177899360657,1e-04,0.987321138381958,0.9251453280448914,0.6308397054672241,0.9251453280448914
2793,0.9852381944656372,0.26044875383377075,1e-04,0.9852381944656372,0.9244186282157898,0.6148058176040649,0.9244186282157898
2794,0.9845137000083923,0.25758853554725647,1e-04,0.9845137000083923,0.9247819781303406,0.608360230922699,0.9247819781303406
2795,0.9865966439247131,0.25409364700317383,1e-04,0.9865966439247131,0.9182412624359131,0.6057413816452026,0.9182412624359131
2796,0.98469477891922,0.25865107774734497,1e-04,0.98469477891922,0.9276889562606812,0.5778274536132812,0.9276889562606812
2797,0.9845137000083923,0.2591131627559662,1e-04,0.9845137000083923,0.9229651093482971,0.5734609365463257,0.9229651093482971
2798,0.9869588613510132,0.25247839093208313,1e-04,0.9869588613510132,0.9276889562606812,0.6071351170539856,0.9276889562606812
2799,0.98469477891922,0.25783559679985046,1e-04,0.98469477891922,0.9298691749572754,0.5794123411178589,0.9298691749572754
2800,0.9850570559501648,0.2559393048286438,1e-04,0.9850570559501648,0.9262354373931885,0.6135908961296082,0.9262354373931885
2801,0.9838797450065613,0.2592707872390747,1e-04,0.9838797450065613,0.9229651093482971,0.5841323733329773,0.9229651093482971
2802,0.9857815504074097,0.25613799691200256,1e-04,0.9857815504074097,0.9262354373931885,0.6441819071769714,0.9262354373931885
2803,0.984966516494751,0.256151020526886,1e-04,0.984966516494751,0.9240552186965942,0.6079022288322449,0.9240552186965942
2804,0.984966516494751,0.2554790675640106,1e-04,0.984966516494751,0.9258720874786377,0.5825400948524475,0.9258720874786377
2805,0.9880456328392029,0.24883495271205902,1e-04,0.9880456328392029,0.9335029125213623,0.6218583583831787,0.9335029125213623
2806,0.9891324043273926,0.24837543070316315,1e-04,0.9891324043273926,0.9276889562606812,0.6215089559555054,0.9276889562606812
2807,0.9854193329811096,0.2538612484931946,1e-04,0.9854193329811096,0.9236918687820435,0.5955977439880371,0.9236918687820435
2808,0.9856004118919373,0.25706931948661804,1e-04,0.9856004118919373,0.9251453280448914,0.5957877039909363,0.9251453280448914
2809,0.9869588613510132,0.2534598410129547,1e-04,0.9869588613510132,0.9226017594337463,0.6266136169433594,0.9226017594337463
2810,0.9857815504074097,0.25651440024375916,1e-04,0.9857815504074097,0.9287790656089783,0.6062801480293274,0.9287790656089783
2811,0.9837891459465027,0.25735267996788025,1e-04,0.9837891459465027,0.9244186282157898,0.5784404873847961,0.9244186282157898
2812,0.9855098724365234,0.257804811000824,1e-04,0.9855098724365234,0.9222383499145508,0.6087143421173096,0.9222383499145508
2813,0.9854193329811096,0.2560657560825348,1e-04,0.9854193329811096,0.9298691749572754,0.590039074420929,0.9298691749572754
2814,0.9870494604110718,0.25403112173080444,1e-04,0.9870494604110718,0.9233284592628479,0.6291757822036743,0.9233284592628479
2815,0.9865060448646545,0.2534678280353546,1e-04,0.9865060448646545,0.9258720874786377,0.5960389971733093,0.9258720874786377
2816,0.9857815504074097,0.25456690788269043,1e-04,0.9857815504074097,0.9255087375640869,0.5915907621383667,0.9255087375640869
2817,0.9878644943237305,0.2538217306137085,1e-04,0.9878644943237305,0.9207848906517029,0.6084853410720825,0.9207848906517029
2818,0.9883173108100891,0.2506478428840637,1e-04,0.9883173108100891,0.9229651093482971,0.633969783782959,0.9229651093482971
2819,0.9877739548683167,0.2530045211315155,1e-04,0.9877739548683167,0.9200581312179565,0.615574061870575,0.9200581312179565
2820,0.9868683218955994,0.2522774040699005,1e-04,0.9868683218955994,0.9226017594337463,0.5947802066802979,0.9226017594337463
2821,0.9872305989265442,0.25441795587539673,1e-04,0.9872305989265442,0.9229651093482971,0.6054680943489075,0.9229651093482971
2822,0.9870494604110718,0.25393232703208923,1e-04,0.9870494604110718,0.9284157156944275,0.598581850528717,0.9284157156944275
2823,0.9835174679756165,0.2597748041152954,1e-04,0.9835174679756165,0.9244186282157898,0.6059611439704895,0.9244186282157898
2824,0.9872305989265442,0.2529244124889374,1e-04,0.9872305989265442,0.921875,0.6193096041679382,0.921875
2825,0.9862343668937683,0.2537812292575836,1e-04,0.9862343668937683,0.929142415523529,0.5887490510940552,0.929142415523529
2826,0.9854193329811096,0.25554904341697693,1e-04,0.9854193329811096,0.9276889562606812,0.5941914916038513,0.9276889562606812
2827,0.9879550933837891,0.25167810916900635,1e-04,0.9879550933837891,0.9247819781303406,0.588508665561676,0.9247819781303406
2828,0.9859626889228821,0.25459176301956177,1e-04,0.9859626889228821,0.9280523061752319,0.5911453366279602,0.9280523061752319
2829,0.9863249659538269,0.25333088636398315,1e-04,0.9863249659538269,0.9284157156944275,0.5948734879493713,0.9284157156944275
2830,0.985328733921051,0.2526887059211731,1e-04,0.985328733921051,0.9233284592628479,0.5975977182388306,0.9233284592628479
2831,0.9869588613510132,0.2521883547306061,1e-04,0.9869588613510132,0.9247819781303406,0.5586509108543396,0.9247819781303406
2832,0.9839702844619751,0.2598274350166321,1e-04,0.9839702844619751,0.9251453280448914,0.5963897109031677,0.9251453280448914
2833,0.9867777824401855,0.25516006350517273,1e-04,0.9867777824401855,0.9309592843055725,0.5836182236671448,0.9309592843055725
2834,0.9876834154129028,0.2518136501312256,1e-04,0.9876834154129028,0.9240552186965942,0.6158738136291504,0.9240552186965942
2835,0.9842419624328613,0.25663793087005615,1e-04,0.9842419624328613,0.9240552186965942,0.6034154891967773,0.9240552186965942
2836,0.9846042394638062,0.2569844722747803,1e-04,0.9846042394638062,0.9313226938247681,0.581242024898529,0.9313226938247681
2837,0.9867777824401855,0.25402021408081055,1e-04,0.9867777824401855,0.9298691749572754,0.5834386944770813,0.9298691749572754
2838,0.9875928163528442,0.2509298622608185,1e-04,0.9875928163528442,0.9298691749572754,0.6046310067176819,0.9298691749572754
2839,0.9865060448646545,0.2519201934337616,1e-04,0.9865060448646545,0.929142415523529,0.6058147549629211,0.929142415523529
2840,0.9855098724365234,0.2533706724643707,1e-04,0.9855098724365234,0.9298691749572754,0.5898008942604065,0.9298691749572754
2841,0.9862343668937683,0.25351765751838684,1e-04,0.9862343668937683,0.9305959343910217,0.6082478165626526,0.9305959343910217
2842,0.9880456328392029,0.2504286766052246,1e-04,0.9880456328392029,0.930232584476471,0.6307411789894104,0.930232584476471
2843,0.9861438274383545,0.2539476156234741,1e-04,0.9861438274383545,0.9258720874786377,0.605686604976654,0.9258720874786377
2844,0.9859626889228821,0.25410595536231995,1e-04,0.9859626889228821,0.9255087375640869,0.6331340670585632,0.9255087375640869
2845,0.9877739548683167,0.24880479276180267,1e-04,0.9877739548683167,0.9240552186965942,0.5981006622314453,0.9240552186965942
2846,0.9848759174346924,0.2542708218097687,1e-04,0.9848759174346924,0.9305959343910217,0.6169829368591309,0.9305959343910217
2847,0.9850570559501648,0.2535192370414734,1e-04,0.9850570559501648,0.9251453280448914,0.6027446389198303,0.9251453280448914
2848,0.9862343668937683,0.2533380687236786,1e-04,0.9862343668937683,0.9287790656089783,0.6359819173812866,0.9287790656089783
2849,0.9858721494674683,0.2530476748943329,1e-04,0.9858721494674683,0.9273256063461304,0.6149159669876099,0.9273256063461304
2850,0.9869588613510132,0.253598153591156,1e-04,0.9869588613510132,0.9236918687820435,0.6093741059303284,0.9236918687820435
2851,0.9868683218955994,0.2523083984851837,1e-04,0.9868683218955994,0.926598846912384,0.6155520081520081,0.926598846912384
2852,0.9856910109519958,0.25369104743003845,1e-04,0.9856910109519958,0.929142415523529,0.6092202067375183,0.929142415523529
2853,0.9888607263565063,0.248777836561203,1e-04,0.9888607263565063,0.9207848906517029,0.6627516150474548,0.9207848906517029
2854,0.9857815504074097,0.25469404458999634,1e-04,0.9857815504074097,0.9244186282157898,0.6222888827323914,0.9244186282157898
2855,0.9862343668937683,0.2528850734233856,1e-04,0.9862343668937683,0.9316860437393188,0.6128141283988953,0.9316860437393188
2856,0.9856910109519958,0.25511786341667175,1e-04,0.9856910109519958,0.9247819781303406,0.6102249026298523,0.9247819781303406
2857,0.9859626889228821,0.25426411628723145,1e-04,0.9859626889228821,0.9251453280448914,0.6219117045402527,0.9251453280448914
2858,0.9865966439247131,0.2512717545032501,1e-04,0.9865966439247131,0.9284157156944275,0.6160904169082642,0.9284157156944275
2859,0.9852381944656372,0.2558808922767639,1e-04,0.9852381944656372,0.9284157156944275,0.612801730632782,0.9284157156944275
2860,0.9878644943237305,0.2526257038116455,1e-04,0.9878644943237305,0.9276889562606812,0.6058887839317322,0.9276889562606812
2861,0.9858721494674683,0.253767192363739,1e-04,0.9858721494674683,0.9269621968269348,0.618455171585083,0.9269621968269348
2862,0.9857815504074097,0.2563316822052002,1e-04,0.9857815504074097,0.9284157156944275,0.6092111468315125,0.9284157156944275
2863,0.9875022768974304,0.25125619769096375,1e-04,0.9875022768974304,0.9320493936538696,0.5935720801353455,0.9320493936538696
2864,0.9865966439247131,0.2540944218635559,1e-04,0.9865966439247131,0.9298691749572754,0.6128144264221191,0.9298691749572754
2865,0.985328733921051,0.25444135069847107,1e-04,0.985328733921051,0.9251453280448914,0.6075050234794617,0.9251453280448914
2866,0.9867777824401855,0.25081032514572144,1e-04,0.9867777824401855,0.9284157156944275,0.5999711751937866,0.9284157156944275
2867,0.9846042394638062,0.25480225682258606,1e-04,0.9846042394638062,0.930232584476471,0.6046468019485474,0.930232584476471
2868,0.9876834154129028,0.2505582571029663,1e-04,0.9876834154129028,0.9262354373931885,0.6220806837081909,0.9262354373931885
2869,0.9864155054092407,0.2524280846118927,1e-04,0.9864155054092407,0.9276889562606812,0.595457911491394,0.9276889562606812
2870,0.9857815504074097,0.25360676646232605,1e-04,0.9857815504074097,0.9262354373931885,0.591841459274292,0.9262354373931885
2871,0.9875928163528442,0.25119683146476746,1e-04,0.9875928163528442,0.9258720874786377,0.6098448634147644,0.9258720874786377
2872,0.9852381944656372,0.25459054112434387,1e-04,0.9852381944656372,0.9204215407371521,0.623394250869751,0.9204215407371521
2873,0.9859626889228821,0.2530768811702728,1e-04,0.9859626889228821,0.9280523061752319,0.5942078828811646,0.9280523061752319
2874,0.9865966439247131,0.25438499450683594,1e-04,0.9865966439247131,0.9258720874786377,0.6142160892486572,0.9258720874786377
2875,0.9867777824401855,0.25371798872947693,1e-04,0.9867777824401855,0.9287790656089783,0.6296074986457825,0.9287790656089783
2876,0.9859626889228821,0.2512103021144867,1e-04,0.9859626889228821,0.9229651093482971,0.6037222743034363,0.9229651093482971
2877,0.9855098724365234,0.2527289390563965,1e-04,0.9855098724365234,0.9276889562606812,0.6082505583763123,0.9276889562606812
2878,0.9892229437828064,0.249479740858078,1e-04,0.9892229437828064,0.9262354373931885,0.6167588829994202,0.9262354373931885
2879,0.983608067035675,0.255950927734375,1e-04,0.983608067035675,0.9240552186965942,0.6144770383834839,0.9240552186965942
2880,0.9852381944656372,0.2562960088253021,1e-04,0.9852381944656372,0.9247819781303406,0.5999438166618347,0.9247819781303406
2881,0.9856910109519958,0.2549595534801483,1e-04,0.9856910109519958,0.9233284592628479,0.6339021921157837,0.9233284592628479
2882,0.9863249659538269,0.2501499056816101,1e-04,0.9863249659538269,0.9247819781303406,0.6168531179428101,0.9247819781303406
2883,0.986687183380127,0.25194260478019714,1e-04,0.986687183380127,0.926598846912384,0.6122093796730042,0.926598846912384
2884,0.9858721494674683,0.25113627314567566,1e-04,0.9858721494674683,0.9247819781303406,0.6103582978248596,0.9247819781303406
2885,0.9845137000083923,0.2572034001350403,1e-04,0.9845137000083923,0.9240552186965942,0.6202009916305542,0.9240552186965942
2886,0.9863249659538269,0.253597229719162,1e-04,0.9863249659538269,0.9244186282157898,0.6160717606544495,0.9244186282157898
2887,0.9881362318992615,0.250378280878067,1e-04,0.9881362318992615,0.9269621968269348,0.6167818307876587,0.9269621968269348
2888,0.9874116778373718,0.2512653172016144,1e-04,0.9874116778373718,0.9222383499145508,0.6242625117301941,0.9222383499145508
2889,0.9863249659538269,0.2512272596359253,1e-04,0.9863249659538269,0.9215116500854492,0.6373435854911804,0.9215116500854492
2890,0.9883173108100891,0.24907982349395752,1e-04,0.9883173108100891,0.9233284592628479,0.6230494379997253,0.9233284592628479
2891,0.9865966439247131,0.25213107466697693,1e-04,0.9865966439247131,0.9258720874786377,0.6069404482841492,0.9258720874786377
2892,0.9874116778373718,0.24773098528385162,1e-04,0.9874116778373718,0.9276889562606812,0.610748291015625,0.9276889562606812
2893,0.98469477891922,0.25261950492858887,1e-04,0.98469477891922,0.9298691749572754,0.6418081521987915,0.9298691749572754
2894,0.986687183380127,0.25220876932144165,1e-04,0.986687183380127,0.9276889562606812,0.6275478601455688,0.9276889562606812
2895,0.9863249659538269,0.2528912127017975,1e-04,0.9863249659538269,0.9204215407371521,0.6057606339454651,0.9204215407371521
2896,0.9857815504074097,0.25349161028862,1e-04,0.9857815504074097,0.9255087375640869,0.6159070730209351,0.9255087375640869
2897,0.9863249659538269,0.24911567568778992,1e-04,0.9863249659538269,0.9284157156944275,0.6212711930274963,0.9284157156944275
2898,0.9875928163528442,0.24927958846092224,1e-04,0.9875928163528442,0.9251453280448914,0.6063893437385559,0.9251453280448914
2899,0.9870494604110718,0.2505473494529724,1e-04,0.9870494604110718,0.9262354373931885,0.5890559554100037,0.9262354373931885
2900,0.9870494604110718,0.2507707476615906,1e-04,0.9870494604110718,0.926598846912384,0.5907362699508667,0.926598846912384
2901,0.9879550933837891,0.2483343482017517,1e-04,0.9879550933837891,0.9229651093482971,0.6249242424964905,0.9229651093482971
2902,0.9863249659538269,0.2520080506801605,1e-04,0.9863249659538269,0.9313226938247681,0.600916862487793,0.9313226938247681
2903,0.9844231009483337,0.25304141640663147,1e-04,0.9844231009483337,0.9240552186965942,0.6123111844062805,0.9240552186965942
2904,0.9861438274383545,0.25258997082710266,1e-04,0.9861438274383545,0.9298691749572754,0.596104085445404,0.9298691749572754
2905,0.9846042394638062,0.25464487075805664,1e-04,0.9846042394638062,0.9258720874786377,0.6314525008201599,0.9258720874786377
2906,0.9860532283782959,0.253670334815979,1e-04,0.9860532283782959,0.9233284592628479,0.6146385669708252,0.9233284592628479
2907,0.9877739548683167,0.25083526968955994,1e-04,0.9877739548683167,0.9287790656089783,0.5860974788665771,0.9287790656089783
2908,0.987321138381958,0.24976220726966858,1e-04,0.987321138381958,0.929142415523529,0.630742073059082,0.929142415523529
2909,0.9869588613510132,0.2516992688179016,1e-04,0.9869588613510132,0.9222383499145508,0.6588895320892334,0.9222383499145508
2910,0.985328733921051,0.25437572598457336,1e-04,0.985328733921051,0.9233284592628479,0.5985404253005981,0.9233284592628479
2911,0.9882267713546753,0.24797524511814117,1e-04,0.9882267713546753,0.9251453280448914,0.6178314089775085,0.9251453280448914
2912,0.9862343668937683,0.2498362511396408,1e-04,0.9862343668937683,0.9226017594337463,0.6135990023612976,0.9226017594337463
2913,0.9854193329811096,0.25423622131347656,1e-04,0.9854193329811096,0.9251453280448914,0.6010897159576416,0.9251453280448914
2914,0.9865060448646545,0.25256967544555664,1e-04,0.9865060448646545,0.9229651093482971,0.6317785978317261,0.9229651093482971
2915,0.9882267713546753,0.24846690893173218,1e-04,0.9882267713546753,0.926598846912384,0.6092840433120728,0.926598846912384
2916,0.9869588613510132,0.2503526210784912,1e-04,0.9869588613510132,0.9313226938247681,0.6124536991119385,0.9313226938247681
2917,0.9856910109519958,0.2513637840747833,1e-04,0.9856910109519958,0.9269621968269348,0.6096032857894897,0.9269621968269348
2918,0.9865060448646545,0.24789826571941376,1e-04,0.9865060448646545,0.9229651093482971,0.6497775316238403,0.9229651093482971
2919,0.9884984493255615,0.2483864724636078,1e-04,0.9884984493255615,0.9255087375640869,0.6082018613815308,0.9255087375640869
2920,0.9868683218955994,0.25204670429229736,1e-04,0.9868683218955994,0.9193313717842102,0.6529947519302368,0.9193313717842102
2921,0.9868683218955994,0.25242742896080017,1e-04,0.9868683218955994,0.9222383499145508,0.6123765707015991,0.9222383499145508
2922,0.9863249659538269,0.250104695558548,1e-04,0.9863249659538269,0.9262354373931885,0.6260333061218262,0.9262354373931885
2923,0.9872305989265442,0.25058287382125854,1e-04,0.9872305989265442,0.9276889562606812,0.616752564907074,0.9276889562606812
2924,0.9850570559501648,0.2519401013851166,1e-04,0.9850570559501648,0.9287790656089783,0.628934919834137,0.9287790656089783
2925,0.9875928163528442,0.2495187520980835,1e-04,0.9875928163528442,0.9226017594337463,0.6149063110351562,0.9226017594337463
2926,0.9836986064910889,0.253957599401474,1e-04,0.9836986064910889,0.929142415523529,0.6241409182548523,0.929142415523529
2927,0.9876834154129028,0.2489803433418274,1e-04,0.9876834154129028,0.9258720874786377,0.6079402565956116,0.9258720874786377
2928,0.989313542842865,0.2474968135356903,1e-04,0.989313542842865,0.9255087375640869,0.6297258138656616,0.9255087375640869
2929,0.9865966439247131,0.25250405073165894,1e-04,0.9865966439247131,0.9233284592628479,0.6260392665863037,0.9233284592628479
2930,0.985328733921051,0.25252848863601685,1e-04,0.985328733921051,0.9196947813034058,0.6515401005744934,0.9196947813034058
2931,0.9869588613510132,0.24839366972446442,1e-04,0.9869588613510132,0.9269621968269348,0.6412997245788574,0.9269621968269348
2932,0.9862343668937683,0.2503056824207306,1e-04,0.9862343668937683,0.9229651093482971,0.61823970079422,0.9229651093482971
2933,0.9865966439247131,0.2534298002719879,1e-04,0.9865966439247131,0.9211482405662537,0.6201414465904236,0.9211482405662537
2934,0.9867777824401855,0.24931158125400543,1e-04,0.9867777824401855,0.9240552186965942,0.6192845702171326,0.9240552186965942
2935,0.9869588613510132,0.24966531991958618,1e-04,0.9869588613510132,0.9244186282157898,0.6183235049247742,0.9244186282157898
2936,0.9865060448646545,0.24808050692081451,1e-04,0.9865060448646545,0.9255087375640869,0.6332647204399109,0.9255087375640869
2937,0.9867777824401855,0.2511884570121765,1e-04,0.9867777824401855,0.9215116500854492,0.6409636735916138,0.9215116500854492
2938,0.9877739548683167,0.24767781794071198,1e-04,0.9877739548683167,0.9226017594337463,0.6377238631248474,0.9226017594337463
2939,0.9870494604110718,0.24891823530197144,1e-04,0.9870494604110718,0.926598846912384,0.6198817491531372,0.926598846912384
2940,0.9867777824401855,0.249167799949646,1e-04,0.9867777824401855,0.9244186282157898,0.639184296131134,0.9244186282157898
2941,0.9867777824401855,0.24969713389873505,1e-04,0.9867777824401855,0.9233284592628479,0.6135979294776917,0.9233284592628479
2942,0.9860532283782959,0.2518519461154938,1e-04,0.9860532283782959,0.9269621968269348,0.6287980079650879,0.9269621968269348
2943,0.9861438274383545,0.2502504289150238,1e-04,0.9861438274383545,0.9244186282157898,0.6127021312713623,0.9244186282157898
2944,0.9880456328392029,0.24525205790996552,1e-04,0.9880456328392029,0.9276889562606812,0.6490566730499268,0.9276889562606812
2945,0.9854193329811096,0.25338953733444214,1e-04,0.9854193329811096,0.9255087375640869,0.6240074634552002,0.9255087375640869
2946,0.9870494604110718,0.24984686076641083,1e-04,0.9870494604110718,0.9251453280448914,0.6196284890174866,0.9251453280448914
2947,0.9865966439247131,0.25044387578964233,1e-04,0.9865966439247131,0.9287790656089783,0.6128221154212952,0.9287790656089783
2948,0.9863249659538269,0.2508625090122223,1e-04,0.9863249659538269,0.921875,0.6591054201126099,0.921875
2949,0.9871399998664856,0.2506536543369293,1e-04,0.9871399998664856,0.9244186282157898,0.6092154383659363,0.9244186282157898
2950,0.9872305989265442,0.25172871351242065,1e-04,0.9872305989265442,0.9178779125213623,0.6482475399971008,0.9178779125213623
2951,0.9875022768974304,0.24634326994419098,1e-04,0.9875022768974304,0.9193313717842102,0.6673224568367004,0.9193313717842102
2952,0.9860532283782959,0.24939514696598053,1e-04,0.9860532283782959,0.9255087375640869,0.6165561676025391,0.9255087375640869
2953,0.9887701272964478,0.24539291858673096,1e-04,0.9887701272964478,0.9258720874786377,0.6147357821464539,0.9258720874786377
2954,0.9874116778373718,0.2503962814807892,1e-04,0.9874116778373718,0.9193313717842102,0.6233912110328674,0.9193313717842102
2955,0.9872305989265442,0.24854227900505066,1e-04,0.9872305989265442,0.9287790656089783,0.6118153929710388,0.9287790656089783
2956,0.9856004118919373,0.2536701261997223,1e-04,0.9856004118919373,0.9247819781303406,0.6332137584686279,0.9247819781303406
2957,0.9851475954055786,0.2552180290222168,1e-04,0.9851475954055786,0.9262354373931885,0.599481999874115,0.9262354373931885
2958,0.9883173108100891,0.24740640819072723,1e-04,0.9883173108100891,0.9280523061752319,0.6267410516738892,0.9280523061752319
2959,0.9877739548683167,0.24637672305107117,1e-04,0.9877739548683167,0.9222383499145508,0.6473693251609802,0.9222383499145508
2960,0.9884079098701477,0.2475971132516861,1e-04,0.9884079098701477,0.913517415523529,0.6916036605834961,0.913517415523529
2961,0.9857815504074097,0.2525627613067627,1e-04,0.9857815504074097,0.921875,0.6115309596061707,0.921875
2962,0.9871399998664856,0.24784378707408905,1e-04,0.9871399998664856,0.9127907156944275,0.6741533279418945,0.9127907156944275
2963,0.9845137000083923,0.25157055258750916,1e-04,0.9845137000083923,0.9240552186965942,0.6324893236160278,0.9240552186965942
2964,0.9836986064910889,0.25536659359931946,1e-04,0.9836986064910889,0.9251453280448914,0.6175997257232666,0.9251453280448914
2965,0.986687183380127,0.24777448177337646,1e-04,0.986687183380127,0.9269621968269348,0.6139695644378662,0.9269621968269348
2966,0.9863249659538269,0.24890832602977753,1e-04,0.9863249659538269,0.9236918687820435,0.6555306315422058,0.9236918687820435
2967,0.9884079098701477,0.24788978695869446,1e-04,0.9884079098701477,0.9255087375640869,0.634042501449585,0.9255087375640869
2968,0.9903097152709961,0.2424248307943344,1e-04,0.9903097152709961,0.9226017594337463,0.6307604312896729,0.9226017594337463
2969,0.986687183380127,0.2520284652709961,1e-04,0.986687183380127,0.9226017594337463,0.6469212174415588,0.9226017594337463
2970,0.9875022768974304,0.2482781708240509,1e-04,0.9875022768974304,0.9269621968269348,0.6314960718154907,0.9269621968269348
2971,0.9898568987846375,0.24486073851585388,1e-04,0.9898568987846375,0.9273256063461304,0.6353356838226318,0.9273256063461304
2972,0.9851475954055786,0.25095149874687195,1e-04,0.9851475954055786,0.930232584476471,0.6361727118492126,0.930232584476471
2973,0.9874116778373718,0.2472483217716217,1e-04,0.9874116778373718,0.926598846912384,0.6150565147399902,0.926598846912384
2974,0.9860532283782959,0.251763254404068,1e-04,0.9860532283782959,0.9276889562606812,0.6228708028793335,0.9276889562606812
2975,0.9870494604110718,0.2483314573764801,1e-04,0.9870494604110718,0.9233284592628479,0.5862826108932495,0.9233284592628479
2976,0.9864155054092407,0.25033891201019287,1e-04,0.9864155054092407,0.9269621968269348,0.5991069674491882,0.9269621968269348
2977,0.9864155054092407,0.25008735060691833,1e-04,0.9864155054092407,0.9258720874786377,0.6271849870681763,0.9258720874786377
2978,0.9883173108100891,0.24682871997356415,1e-04,0.9883173108100891,0.9258720874786377,0.6080470681190491,0.9258720874786377
2979,0.986687183380127,0.25066623091697693,1e-04,0.986687183380127,0.9215116500854492,0.65049147605896,0.9215116500854492
2980,0.9885890483856201,0.24515901505947113,1e-04,0.9885890483856201,0.9258720874786377,0.624893069267273,0.9258720874786377
2981,0.9865060448646545,0.24952733516693115,1e-04,0.9865060448646545,0.9284157156944275,0.6125714778900146,0.9284157156944275
2982,0.9850570559501648,0.25078436732292175,1e-04,0.9850570559501648,0.9236918687820435,0.6190290451049805,0.9236918687820435
2983,0.9868683218955994,0.24625709652900696,1e-04,0.9868683218955994,0.9236918687820435,0.6202185153961182,0.9236918687820435
2984,0.9884984493255615,0.2478645145893097,1e-04,0.9884984493255615,0.9247819781303406,0.6272531747817993,0.9247819781303406
2985,0.9879550933837891,0.24876266717910767,1e-04,0.9879550933837891,0.9244186282157898,0.6055095791816711,0.9244186282157898
2986,0.9862343668937683,0.2498188316822052,1e-04,0.9862343668937683,0.9258720874786377,0.6154921054840088,0.9258720874786377
2987,0.9876834154129028,0.24707703292369843,1e-04,0.9876834154129028,0.9269621968269348,0.6139058470726013,0.9269621968269348
2988,0.9868683218955994,0.24901625514030457,1e-04,0.9868683218955994,0.929142415523529,0.6207441091537476,0.929142415523529
2989,0.9863249659538269,0.2494233250617981,1e-04,0.9863249659538269,0.9295058250427246,0.6172170639038086,0.9295058250427246
2990,0.9858721494674683,0.2515685558319092,1e-04,0.9858721494674683,0.9258720874786377,0.6176661849021912,0.9258720874786377
2991,0.986687183380127,0.2488262802362442,1e-04,0.986687183380127,0.9258720874786377,0.6341731548309326,0.9258720874786377
2992,0.9846042394638062,0.25037187337875366,1e-04,0.9846042394638062,0.930232584476471,0.6053973436355591,0.930232584476471
2993,0.9883173108100891,0.24573545157909393,1e-04,0.9883173108100891,0.9233284592628479,0.6380230784416199,0.9233284592628479
2994,0.9864155054092407,0.2483939230442047,1e-04,0.9864155054092407,0.9204215407371521,0.6518775820732117,0.9204215407371521
2995,0.9883173108100891,0.2451077252626419,1e-04,0.9883173108100891,0.9305959343910217,0.6051391363143921,0.9305959343910217
2996,0.986687183380127,0.24725088477134705,1e-04,0.986687183380127,0.9305959343910217,0.601388692855835,0.9305959343910217
2997,0.9867777824401855,0.2499959021806717,1e-04,0.9867777824401855,0.9295058250427246,0.6199265718460083,0.9295058250427246
2998,0.9875928163528442,0.24690811336040497,1e-04,0.9875928163528442,0.9233284592628479,0.6638233661651611,0.9233284592628479
2999,0.9859626889228821,0.24916215240955353,1e-04,0.9859626889228821,0.9262354373931885,0.6525654196739197,0.9262354373931885
