epoch,accuracy,loss,lr,top1,val_accuracy,val_loss,val_top1
0,0.44273844361305237,1.8109349012374878,0.01,0.44273844361305237,0.45530521869659424,1.805349349975586,0.45530521869659424
1,0.4551711678504944,1.796252727508545,0.01,0.4551711678504944,0.45530521869659424,1.7912310361862183,0.45530521869659424
2,0.45290708541870117,1.7830398082733154,0.01,0.45290708541870117,0.45530521869659424,1.7751429080963135,0.45530521869659424
3,0.4522731304168701,1.7734733819961548,0.01,0.4522731304168701,0.45530521869659424,1.769421100616455,0.45530521869659424
4,0.4510052502155304,1.7634716033935547,0.01,0.4510052502155304,0.45530521869659424,1.7614476680755615,0.45530521869659424
5,0.45245426893234253,1.7544496059417725,0.01,0.45245426893234253,0.45530521869659424,1.7479273080825806,0.45530521869659424
6,0.45245426893234253,1.742693543434143,0.01,0.45245426893234253,0.45530521869659424,1.7379640340805054,0.45530521869659424
7,0.45381271839141846,1.7323219776153564,0.01,0.45381271839141846,0.45530521869659424,1.7283896207809448,0.45530521869659424
8,0.44964680075645447,1.7253087759017944,0.01,0.44964680075645447,0.45530521869659424,1.715339183807373,0.45530521869659424
9,0.4509146809577942,1.7097065448760986,0.01,0.4509146809577942,0.45530521869659424,1.7019325494766235,0.45530521869659424
10,0.44810721278190613,1.7012965679168701,0.01,0.44810721278190613,0.45530521869659424,1.6967341899871826,0.45530521869659424
11,0.45046186447143555,1.6943823099136353,0.01,0.45046186447143555,0.45530521869659424,1.6834138631820679,0.45530521869659424
12,0.4521825611591339,1.6840065717697144,0.01,0.4521825611591339,0.45530521869659424,1.6687579154968262,0.45530521869659424
13,0.45263537764549255,1.676322102546692,0.01,0.45263537764549255,0.45530521869659424,1.6721692085266113,0.45530521869659424
14,0.4530881941318512,1.6668440103530884,0.01,0.4530881941318512,0.45530521869659424,1.6637332439422607,0.45530521869659424
15,0.4521825611591339,1.660050868988037,0.01,0.4521825611591339,0.45530521869659424,1.6542021036148071,0.45530521869659424
16,0.45462778210639954,1.6485373973846436,0.01,0.45462778210639954,0.45530521869659424,1.6467996835708618,0.45530521869659424
17,0.4531787633895874,1.641631841659546,0.01,0.4531787633895874,0.45530521869659424,1.637349009513855,0.45530521869659424
18,0.45281651616096497,1.6323438882827759,0.01,0.45281651616096497,0.45530521869659424,1.6242159605026245,0.45530521869659424
19,0.4521825611591339,1.6239162683486938,0.01,0.4521825611591339,0.45530521869659424,1.620032787322998,0.45530521869659424
20,0.4497373700141907,1.6153712272644043,0.01,0.4497373700141907,0.45094478130340576,1.6123061180114746,0.45094478130340576
21,0.457163542509079,1.6054552793502808,0.01,0.457163542509079,0.45530521869659424,1.604446530342102,0.45530521869659424
22,0.45272594690322876,1.60025954246521,0.01,0.45272594690322876,0.45530521869659424,1.5954865217208862,0.45530521869659424
23,0.44747328758239746,1.5927610397338867,0.01,0.44747328758239746,0.45530521869659424,1.587559700012207,0.45530521869659424
24,0.450824111700058,1.584472894668579,0.01,0.450824111700058,0.45530521869659424,1.5797901153564453,0.45530521869659424
25,0.455623984336853,1.5758874416351318,0.01,0.455623984336853,0.45530521869659424,1.571948766708374,0.45530521869659424
26,0.45462778210639954,1.5675901174545288,0.01,0.45462778210639954,0.45530521869659424,1.564500331878662,0.45530521869659424
27,0.4512769281864166,1.5602971315383911,0.01,0.4512769281864166,0.45530521869659424,1.5571390390396118,0.45530521869659424
28,0.4476543962955475,1.5555810928344727,0.01,0.4476543962955475,0.45530521869659424,1.550341010093689,0.45530521869659424
29,0.45453721284866333,1.544509768486023,0.01,0.45453721284866333,0.45530521869659424,1.5411452054977417,0.45530521869659424
30,0.4550805985927582,1.5374315977096558,0.001,0.4550805985927582,0.45530521869659424,1.538534164428711,0.45530521869659424
31,0.4521825611591339,1.5364962816238403,0.001,0.4521825611591339,0.45530521869659424,1.5359715223312378,0.45530521869659424
32,0.4533599019050598,1.5322319269180298,0.001,0.4533599019050598,0.45530521869659424,1.5321855545043945,0.45530521869659424
33,0.476634681224823,1.5305925607681274,0.001,0.476634681224823,0.48473837971687317,1.5275788307189941,0.48473837971687317
34,0.4861438274383545,1.5241613388061523,0.001,0.4861438274383545,0.49164244532585144,1.520999789237976,0.49164244532585144
35,0.4827929735183716,1.5209681987762451,0.001,0.4827929735183716,0.48110464215278625,1.5150868892669678,0.48110464215278625
36,0.49094367027282715,1.514410138130188,0.001,0.49094367027282715,0.49927327036857605,1.5131182670593262,0.49927327036857605
37,0.49619632959365845,1.5115020275115967,0.001,0.49619632959365845,0.5025436282157898,1.5035114288330078,0.5025436282157898
38,0.4957435131072998,1.5100741386413574,0.001,0.4957435131072998,0.5243459343910217,1.49169921875,0.5243459343910217
39,0.4977359175682068,1.5023744106292725,0.001,0.4977359175682068,0.5029069781303406,1.4874049425125122,0.5029069781303406
40,0.4969208538532257,1.5053343772888184,0.001,0.4969208538532257,0.5243459343910217,1.4785292148590088,0.5243459343910217
41,0.4880456328392029,1.5088516473770142,0.001,0.4880456328392029,0.5279796719551086,1.5041769742965698,0.5279796719551086
42,0.49293607473373413,1.5039421319961548,0.001,0.49293607473373413,0.522892415523529,1.473275899887085,0.522892415523529
43,0.5066111087799072,1.4938104152679443,0.001,0.5066111087799072,0.5043604373931885,1.5012980699539185,0.5043604373931885
44,0.49402281641960144,1.496972680091858,0.001,0.49402281641960144,0.5174418687820435,1.4882615804672241,0.5174418687820435
45,0.500633955001831,1.492972493171692,0.001,0.500633955001831,0.523982584476471,1.4705414772033691,0.523982584476471
46,0.5110487341880798,1.4848387241363525,0.001,0.5110487341880798,0.5236191749572754,1.471756935119629,0.5236191749572754
47,0.5047093033790588,1.4845348596572876,0.001,0.5047093033790588,0.4872819781303406,1.5141140222549438,0.4872819781303406
48,0.5095996856689453,1.4809792041778564,0.001,0.5095996856689453,0.5152616500854492,1.4721119403839111,0.5152616500854492
49,0.5161202549934387,1.4714442491531372,0.001,0.5161202549934387,0.5363371968269348,1.4489697217941284,0.5363371968269348
50,0.5118637681007385,1.483324408531189,0.001,0.5118637681007385,0.522892415523529,1.462813377380371,0.522892415523529
51,0.5183843374252319,1.4668083190917969,0.001,0.5183843374252319,0.5523256063461304,1.455865740776062,0.5523256063461304
52,0.522731363773346,1.4695590734481812,0.001,0.522731363773346,0.5163517594337463,1.4671063423156738,0.5163517594337463
53,0.519652247428894,1.4604742527008057,0.001,0.519652247428894,0.5414243936538696,1.4466122388839722,0.5414243936538696
54,0.5234559178352356,1.461119532585144,0.001,0.5234559178352356,0.5857558250427246,1.4344782829284668,0.5857558250427246
55,0.5108675956726074,1.4728189706802368,0.001,0.5108675956726074,0.569767415523529,1.3972777128219604,0.569767415523529
56,0.5261728167533875,1.454379916191101,0.001,0.5261728167533875,0.5879360437393188,1.3747150897979736,0.5879360437393188
57,0.5469117760658264,1.4402549266815186,0.001,0.5469117760658264,0.4622093141078949,1.5086565017700195,0.4622093141078949
58,0.5466400980949402,1.4366856813430786,0.001,0.5466400980949402,0.5744912624359131,1.457961082458496,0.5744912624359131
59,0.5569643378257751,1.4198980331420898,0.001,0.5569643378257751,0.5432412624359131,1.4308934211730957,0.5432412624359131
60,0.5765259861946106,1.3967088460922241,1e-04,0.5765259861946106,0.614098846912384,1.3209607601165771,0.614098846912384
61,0.5911067128181458,1.3669319152832031,1e-04,0.5911067128181458,0.616642415523529,1.3167049884796143,0.616642415523529
62,0.6031516194343567,1.3513970375061035,1e-04,0.6031516194343567,0.6282703280448914,1.3070034980773926,0.6282703280448914
63,0.6023365259170532,1.3479983806610107,1e-04,0.6023365259170532,0.6319040656089783,1.305403470993042,0.6319040656089783
64,0.6022459864616394,1.3490418195724487,1e-04,0.6022459864616394,0.6213662624359131,1.3079547882080078,0.6213662624359131
65,0.5988045930862427,1.344883918762207,1e-04,0.5988045930862427,0.6304506063461304,1.2967244386672974,0.6304506063461304
66,0.6022459864616394,1.337595820426941,1e-04,0.6022459864616394,0.6308139562606812,1.2897247076034546,0.6308139562606812
67,0.6085854172706604,1.3310710191726685,1e-04,0.6085854172706604,0.632267415523529,1.2802956104278564,0.632267415523529
68,0.6086759567260742,1.3266476392745972,1e-04,0.6086759567260742,0.6344476938247681,1.2840838432312012,0.6344476938247681
69,0.6119362711906433,1.3191951513290405,1e-04,0.6119362711906433,0.633357584476471,1.2713943719863892,0.633357584476471
70,0.606411874294281,1.3221805095672607,1e-04,0.606411874294281,0.6348110437393188,1.2696216106414795,0.6348110437393188
71,0.6085854172706604,1.3164105415344238,1e-04,0.6085854172706604,0.6348110437393188,1.25780189037323,0.6348110437393188
72,0.6081326007843018,1.3159180879592896,1e-04,0.6081326007843018,0.6170058250427246,1.2836179733276367,0.6170058250427246
73,0.6049628853797913,1.3145111799240112,1e-04,0.6049628853797913,0.6384447813034058,1.258685827255249,0.6384447813034058
74,0.6114834547042847,1.3108996152877808,1e-04,0.6114834547042847,0.6369912624359131,1.2462210655212402,0.6369912624359131
75,0.6080420017242432,1.309878945350647,1e-04,0.6080420017242432,0.6286337375640869,1.2597570419311523,0.6286337375640869
76,0.61537766456604,1.293691873550415,1e-04,0.61537766456604,0.6024709343910217,1.3081296682357788,0.6024709343910217
77,0.612389087677002,1.2997368574142456,1e-04,0.612389087677002,0.6235465407371521,1.2856576442718506,0.6235465407371521
78,0.6161926984786987,1.2934929132461548,1e-04,0.6161926984786987,0.6308139562606812,1.2452977895736694,0.6308139562606812
79,0.6149248480796814,1.2900142669677734,1e-04,0.6149248480796814,0.6235465407371521,1.2665343284606934,0.6235465407371521
80,0.612117350101471,1.297776699066162,1e-04,0.612117350101471,0.6217296719551086,1.2316917181015015,0.6217296719551086
81,0.6231660842895508,1.282265067100525,1e-04,0.6231660842895508,0.6377180218696594,1.2259149551391602,0.6377180218696594
82,0.617098331451416,1.2826311588287354,1e-04,0.617098331451416,0.6373546719551086,1.256669282913208,0.6373546719551086
83,0.6162832975387573,1.2800151109695435,1e-04,0.6162832975387573,0.5988371968269348,1.3227863311767578,0.5988371968269348
84,0.6238000392913818,1.276326060295105,1e-04,0.6238000392913818,0.6373546719551086,1.2048953771591187,0.6373546719551086
85,0.6266074776649475,1.2725120782852173,1e-04,0.6266074776649475,0.6366279125213623,1.2122551202774048,0.6366279125213623
86,0.6318601965904236,1.2596873044967651,1e-04,0.6318601965904236,0.647892415523529,1.2024720907211304,0.647892415523529
87,0.6298677921295166,1.2672792673110962,1e-04,0.6298677921295166,0.6362645626068115,1.2095997333526611,0.6362645626068115
88,0.6302300095558167,1.2614052295684814,1e-04,0.6302300095558167,0.6551598906517029,1.187908411026001,0.6551598906517029
89,0.6285998821258545,1.2617110013961792,1e-04,0.6285998821258545,0.6464389562606812,1.1990545988082886,0.6464389562606812
90,0.6331280469894409,1.2522363662719727,1e-04,0.6331280469894409,0.6398982405662537,1.2017476558685303,0.6398982405662537
91,0.6270602941513062,1.2549118995666504,1e-04,0.6270602941513062,0.6329941749572754,1.2091606855392456,0.6329941749572754
92,0.635754406452179,1.254184603691101,1e-04,0.635754406452179,0.6507993936538696,1.185278296470642,0.6507993936538696
93,0.6334903240203857,1.2523339986801147,1e-04,0.6334903240203857,0.6293604373931885,1.2218574285507202,0.6293604373931885
94,0.6296866536140442,1.2541449069976807,1e-04,0.6296866536140442,0.6555232405662537,1.1942352056503296,0.6555232405662537
95,0.6283282041549683,1.2482424974441528,1e-04,0.6283282041549683,0.651526153087616,1.181888222694397,0.651526153087616
96,0.6410976052284241,1.2406070232391357,1e-04,0.6410976052284241,0.6573401093482971,1.2081286907196045,0.6573401093482971
97,0.6367505788803101,1.2427901029586792,1e-04,0.6367505788803101,0.6591569781303406,1.1894346475601196,0.6591569781303406
98,0.6349393129348755,1.2397207021713257,1e-04,0.6349393129348755,0.6624273061752319,1.1770614385604858,0.6624273061752319
99,0.6397391557693481,1.2370765209197998,1e-04,0.6397391557693481,0.6566133499145508,1.1830893754959106,0.6566133499145508
100,0.6467125415802002,1.2247885465621948,1e-04,0.6467125415802002,0.667151153087616,1.180457592010498,0.667151153087616
101,0.6446295976638794,1.230806589126587,1e-04,0.6446295976638794,0.6617006063461304,1.181593894958496,0.6617006063461304
102,0.643090009689331,1.2305493354797363,1e-04,0.643090009689331,0.6656976938247681,1.1788089275360107,0.6656976938247681
103,0.6441767811775208,1.235668659210205,1e-04,0.6441767811775208,0.664607584476471,1.1741024255752563,0.664607584476471
104,0.6443579196929932,1.2308191061019897,1e-04,0.6443579196929932,0.6580668687820435,1.1952672004699707,0.6580668687820435
105,0.642727792263031,1.2374846935272217,1e-04,0.642727792263031,0.664607584476471,1.1774821281433105,0.664607584476471
106,0.6468031406402588,1.2217854261398315,1e-04,0.6468031406402588,0.6707848906517029,1.1572457551956177,0.6707848906517029
107,0.6460785865783691,1.2277613878250122,1e-04,0.6460785865783691,0.6696947813034058,1.1647968292236328,0.6696947813034058
108,0.6545915603637695,1.2207837104797363,1e-04,0.6545915603637695,0.6675145626068115,1.168701410293579,0.6675145626068115
109,0.6548632383346558,1.213810920715332,1e-04,0.6548632383346558,0.6587936282157898,1.2076408863067627,0.6587936282157898
110,0.6485238075256348,1.2153873443603516,1e-04,0.6485238075256348,0.6704215407371521,1.158319115638733,0.6704215407371521
111,0.6433616876602173,1.2184284925460815,1e-04,0.6433616876602173,0.6726017594337463,1.1487354040145874,0.6726017594337463
112,0.6575801372528076,1.207807183265686,1e-04,0.6575801372528076,0.6700581312179565,1.1580909490585327,0.6700581312179565
113,0.6537764668464661,1.21477472782135,1e-04,0.6537764668464661,0.6707848906517029,1.157705545425415,0.6707848906517029
114,0.6564933657646179,1.2061092853546143,1e-04,0.6564933657646179,0.6689680218696594,1.150481104850769,0.6689680218696594
115,0.6589385867118835,1.2096701860427856,1e-04,0.6589385867118835,0.6504360437393188,1.18832266330719,0.6504360437393188
116,0.6554971933364868,1.2022984027862549,1e-04,0.6554971933364868,0.6733284592628479,1.1532044410705566,0.6733284592628479
117,0.6506973505020142,1.2163084745407104,1e-04,0.6506973505020142,0.6704215407371521,1.165850281715393,0.6704215407371521
118,0.6572179198265076,1.2069239616394043,1e-04,0.6572179198265076,0.6773256063461304,1.1492702960968018,0.6773256063461304
119,0.6630139350891113,1.2055151462554932,1e-04,0.6630139350891113,0.6715116500854492,1.1452770233154297,0.6715116500854492
120,0.649067223072052,1.2148483991622925,1e-04,0.649067223072052,0.6715116500854492,1.180738091468811,0.6715116500854492
121,0.6569461822509766,1.1959638595581055,1e-04,0.6569461822509766,0.6686046719551086,1.154318928718567,0.6686046719551086
122,0.659119725227356,1.1965175867080688,1e-04,0.659119725227356,0.6904069781303406,1.1224875450134277,0.6904069781303406
123,0.6637384295463562,1.193394422531128,1e-04,0.6637384295463562,0.6693313717842102,1.1472481489181519,0.6693313717842102
124,0.6596630811691284,1.2074490785598755,1e-04,0.6596630811691284,0.6776889562606812,1.1363322734832764,0.6776889562606812
125,0.664100706577301,1.1909916400909424,1e-04,0.664100706577301,0.6875,1.1447304487228394,0.6875
126,0.6593914031982422,1.188213586807251,1e-04,0.6593914031982422,0.6940407156944275,1.1203117370605469,0.6940407156944275
127,0.6552255153656006,1.2093374729156494,1e-04,0.6552255153656006,0.6885901093482971,1.132651448249817,0.6885901093482971
128,0.6653686165809631,1.183183193206787,1e-04,0.6653686165809631,0.671875,1.1606059074401855,0.671875
129,0.6676326990127563,1.18989896774292,1e-04,0.6676326990127563,0.6820493936538696,1.1455923318862915,0.6820493936538696
130,0.6709834933280945,1.1831601858139038,1e-04,0.6709834933280945,0.6620639562606812,1.232032299041748,0.6620639562606812
131,0.6672704219818115,1.185768723487854,1e-04,0.6672704219818115,0.6835029125213623,1.13783860206604,0.6835029125213623
132,0.6672704219818115,1.1825600862503052,1e-04,0.6672704219818115,0.6813226938247681,1.1489040851593018,0.6813226938247681
133,0.6686288714408875,1.1868886947631836,1e-04,0.6686288714408875,0.7023982405662537,1.119557499885559,0.7023982405662537
134,0.6685383319854736,1.1834861040115356,1e-04,0.6685383319854736,0.6867732405662537,1.116461157798767,0.6867732405662537
135,0.6703495979309082,1.1872272491455078,1e-04,0.6703495979309082,0.6849563717842102,1.1358920335769653,0.6849563717842102
136,0.6697156429290771,1.1763840913772583,1e-04,0.6697156429290771,0.6878633499145508,1.1405659914016724,0.6878633499145508
137,0.6701684594154358,1.177243709564209,1e-04,0.6701684594154358,0.7005813717842102,1.1073955297470093,0.7005813717842102
138,0.6730664968490601,1.175537109375,1e-04,0.6730664968490601,0.6940407156944275,1.1148145198822021,0.6940407156944275
139,0.6709834933280945,1.1738779544830322,1e-04,0.6709834933280945,0.7045784592628479,1.0985093116760254,0.7045784592628479
140,0.6777757406234741,1.1748826503753662,1e-04,0.6777757406234741,0.6875,1.11749267578125,0.6875
141,0.6759644746780396,1.1685147285461426,1e-04,0.6759644746780396,0.7085756063461304,1.1216819286346436,0.7085756063461304
142,0.672432541847229,1.1705983877182007,1e-04,0.672432541847229,0.6809592843055725,1.1418349742889404,0.6809592843055725
143,0.6766890287399292,1.1730915307998657,1e-04,0.6766890287399292,0.7172965407371521,1.0999606847763062,0.7172965407371521
144,0.6816700100898743,1.1667243242263794,1e-04,0.6816700100898743,0.7060319781303406,1.0988171100616455,0.7060319781303406
145,0.67913419008255,1.1677950620651245,1e-04,0.67913419008255,0.7063953280448914,1.111650824546814,0.7063953280448914
146,0.6818510890007019,1.1634472608566284,1e-04,0.6818510890007019,0.6758720874786377,1.1793787479400635,0.6758720874786377
147,0.6795870065689087,1.1687307357788086,1e-04,0.6795870065689087,0.7042151093482971,1.101176381111145,0.7042151093482971
148,0.6841151714324951,1.1634339094161987,1e-04,0.6841151714324951,0.7042151093482971,1.0965461730957031,0.7042151093482971
149,0.686832070350647,1.159300446510315,1e-04,0.686832070350647,0.6882267594337463,1.1219362020492554,0.6882267594337463
150,0.678138017654419,1.1619529724121094,1e-04,0.678138017654419,0.7009447813034058,1.0988136529922485,0.7009447813034058
151,0.6850208044052124,1.1580240726470947,1e-04,0.6850208044052124,0.703125,1.0916690826416016,0.703125
152,0.6880999803543091,1.1610411405563354,1e-04,0.6880999803543091,0.7132993936538696,1.1269724369049072,0.7132993936538696
153,0.680764377117157,1.1637600660324097,1e-04,0.680764377117157,0.6860465407371521,1.1472454071044922,0.6860465407371521
154,0.6758739352226257,1.1601451635360718,1e-04,0.6758739352226257,0.7223837375640869,1.087753415107727,0.7223837375640869
155,0.6843869090080261,1.1618059873580933,1e-04,0.6843869090080261,0.6758720874786377,1.1440566778182983,0.6758720874786377
156,0.6827567219734192,1.166434645652771,1e-04,0.6827567219734192,0.7089389562606812,1.0982931852340698,0.7089389562606812
157,0.6886433362960815,1.1539983749389648,1e-04,0.6886433362960815,0.6969476938247681,1.0914615392684937,0.6969476938247681
158,0.688824474811554,1.149095058441162,1e-04,0.688824474811554,0.7074854373931885,1.11589777469635,0.7074854373931885
159,0.6906357407569885,1.1508886814117432,1e-04,0.6906357407569885,0.7122092843055725,1.0767806768417358,0.7122092843055725
160,0.6898207068443298,1.1492494344711304,1e-04,0.6898207068443298,0.7071220874786377,1.1122318506240845,0.7071220874786377
161,0.6960695385932922,1.1450055837631226,1e-04,0.6960695385932922,0.7063953280448914,1.0908939838409424,0.7063953280448914
162,0.693171501159668,1.1428332328796387,1e-04,0.693171501159668,0.7060319781303406,1.0814785957336426,0.7060319781303406
163,0.6913602352142334,1.1466169357299805,1e-04,0.6913602352142334,0.7158430218696594,1.0925146341323853,0.7158430218696594
164,0.695797860622406,1.1394020318984985,1e-04,0.695797860622406,0.7093023061752319,1.0708760023117065,0.7093023061752319
165,0.6928998231887817,1.1427326202392578,1e-04,0.6928998231887817,0.7132993936538696,1.0752842426300049,0.7132993936538696
166,0.7004165649414062,1.1379903554916382,1e-04,0.7004165649414062,0.7169331312179565,1.0654696226119995,0.7169331312179565
167,0.6970657706260681,1.1324292421340942,1e-04,0.6970657706260681,0.7227470874786377,1.057384967803955,0.7227470874786377
168,0.7015939354896545,1.1355822086334229,1e-04,0.7015939354896545,0.6893168687820435,1.1245626211166382,0.6893168687820435
169,0.6988770365715027,1.140177607536316,1e-04,0.6988770365715027,0.7340116500854492,1.059736967086792,0.7340116500854492
170,0.6955261826515198,1.1376705169677734,1e-04,0.6955261826515198,0.7194767594337463,1.076116681098938,0.7194767594337463
171,0.7028617858886719,1.1225087642669678,1e-04,0.7028617858886719,0.7042151093482971,1.094151496887207,0.7042151093482971
172,0.7024089694023132,1.1355440616607666,1e-04,0.7024089694023132,0.7034883499145508,1.1051173210144043,0.7034883499145508
173,0.6971563100814819,1.1367268562316895,1e-04,0.6971563100814819,0.7183866500854492,1.0734156370162964,0.7183866500854492
174,0.704491913318634,1.127305030822754,1e-04,0.704491913318634,0.7263808250427246,1.0653434991836548,0.7263808250427246
175,0.704763650894165,1.1261922121047974,1e-04,0.704763650894165,0.7165697813034058,1.06218421459198,0.7165697813034058
176,0.7068465948104858,1.1235688924789429,1e-04,0.7068465948104858,0.7372819781303406,1.0633196830749512,0.7372819781303406
177,0.7053975462913513,1.1164528131484985,1e-04,0.7053975462913513,0.7430959343910217,1.0497957468032837,0.7430959343910217
178,0.7062126398086548,1.1214648485183716,1e-04,0.7062126398086548,0.711482584476471,1.0940139293670654,0.711482584476471
179,0.7087484002113342,1.1218700408935547,1e-04,0.7087484002113342,0.7209302186965942,1.0890120267868042,0.7209302186965942
180,0.7107408046722412,1.1220200061798096,1e-04,0.7107408046722412,0.7354651093482971,1.0551295280456543,0.7354651093482971
181,0.7069371342658997,1.1142157316207886,1e-04,0.7069371342658997,0.7165697813034058,1.0799020528793335,0.7165697813034058
182,0.716808557510376,1.1132066249847412,1e-04,0.716808557510376,0.7438226938247681,1.0327175855636597,0.7438226938247681
183,0.7078427672386169,1.1129895448684692,1e-04,0.7078427672386169,0.7111191749572754,1.0602022409439087,0.7111191749572754
184,0.7144538760185242,1.1171432733535767,1e-04,0.7144538760185242,0.7398256063461304,1.043674349784851,0.7398256063461304
185,0.7092918157577515,1.1189552545547485,1e-04,0.7092918157577515,0.7354651093482971,1.0411642789840698,0.7354651093482971
186,0.7094728946685791,1.1129333972930908,1e-04,0.7094728946685791,0.7376453280448914,1.0538350343704224,0.7376453280448914
187,0.7073899507522583,1.1170095205307007,1e-04,0.7073899507522583,0.7212936282157898,1.088261604309082,0.7212936282157898
188,0.7206122279167175,1.0968362092971802,1e-04,0.7206122279167175,0.7096657156944275,1.1065609455108643,0.7096657156944275
189,0.7226951718330383,1.1001731157302856,1e-04,0.7226951718330383,0.7303779125213623,1.0481061935424805,0.7303779125213623
190,0.7112841606140137,1.1066302061080933,1e-04,0.7112841606140137,0.7351017594337463,1.060221791267395,0.7351017594337463
191,0.7216989398002625,1.0942672491073608,1e-04,0.7216989398002625,0.7303779125213623,1.0464409589767456,0.7303779125213623
192,0.7180764079093933,1.1046146154403687,1e-04,0.7180764079093933,0.6664243936538696,1.1618155241012573,0.6664243936538696
193,0.7201594114303589,1.0939286947250366,1e-04,0.7201594114303589,0.7430959343910217,1.0556507110595703,0.7430959343910217
194,0.7315703630447388,1.0839821100234985,1e-04,0.7315703630447388,0.7202034592628479,1.0637681484222412,0.7202034592628479
195,0.7205216288566589,1.091331124305725,1e-04,0.7205216288566589,0.7238371968269348,1.0781612396240234,0.7238371968269348
196,0.7254120707511902,1.092128038406372,1e-04,0.7254120707511902,0.7463662624359131,1.029636263847351,0.7463662624359131
197,0.7257742881774902,1.0884002447128296,1e-04,0.7257742881774902,0.7569040656089783,1.0318639278411865,0.7569040656089783
198,0.7283101081848145,1.0850666761398315,1e-04,0.7283101081848145,0.7587209343910217,1.0266749858856201,0.7587209343910217
199,0.7322948575019836,1.0840550661087036,1e-04,0.7322948575019836,0.7470930218696594,1.0262314081192017,0.7470930218696594
200,0.7213367223739624,1.097532033920288,1e-04,0.7213367223739624,0.758357584476471,1.0329182147979736,0.758357584476471
201,0.729487419128418,1.0913035869598389,1e-04,0.729487419128418,0.7445493936538696,1.0408474206924438,0.7445493936538696
202,0.7195254564285278,1.1062418222427368,1e-04,0.7195254564285278,0.7445493936538696,1.038327932357788,0.7445493936538696
203,0.7360079884529114,1.0779211521148682,1e-04,0.7360079884529114,0.7532703280448914,1.0445038080215454,0.7532703280448914
204,0.7316609025001526,1.090444803237915,1e-04,0.7316609025001526,0.7420058250427246,1.0286824703216553,0.7420058250427246
205,0.7284911870956421,1.0824137926101685,1e-04,0.7284911870956421,0.7576308250427246,1.0141206979751587,0.7576308250427246
206,0.7285817861557007,1.0851601362228394,1e-04,0.7285817861557007,0.7467296719551086,1.0562024116516113,0.7467296719551086
207,0.733834445476532,1.0784379243850708,1e-04,0.733834445476532,0.7510901093482971,1.0257383584976196,0.7510901093482971
208,0.734468400478363,1.0779078006744385,1e-04,0.734468400478363,0.7612645626068115,1.0038044452667236,0.7612645626068115
209,0.731479823589325,1.0795749425888062,1e-04,0.731479823589325,0.7430959343910217,1.0478475093841553,0.7430959343910217
210,0.7359173893928528,1.0782204866409302,1e-04,0.7359173893928528,0.7696220874786377,1.0062534809112549,0.7696220874786377
211,0.7293062806129456,1.0822614431381226,1e-04,0.7293062806129456,0.7558139562606812,1.0164453983306885,0.7558139562606812
212,0.7393587827682495,1.0693325996398926,1e-04,0.7393587827682495,0.7688953280448914,0.9974567294120789,0.7688953280448914
213,0.7350117564201355,1.0732697248458862,1e-04,0.7350117564201355,0.7216569781303406,1.061417818069458,0.7216569781303406
214,0.7249592542648315,1.0891245603561401,1e-04,0.7249592542648315,0.7579941749572754,1.0123234987258911,0.7579941749572754
215,0.7419851422309875,1.0547369718551636,1e-04,0.7419851422309875,0.7797965407371521,0.9897335767745972,0.7797965407371521
216,0.7330193519592285,1.076830267906189,1e-04,0.7330193519592285,0.7685319781303406,1.0018844604492188,0.7685319781303406
217,0.7397210597991943,1.0650652647018433,1e-04,0.7397210597991943,0.7750726938247681,0.990108847618103,0.7750726938247681
218,0.7440680861473083,1.0609623193740845,1e-04,0.7440680861473083,0.7514534592628479,1.0380150079727173,0.7514534592628479
219,0.7448831796646118,1.0550142526626587,1e-04,0.7448831796646118,0.788517415523529,0.9841905832290649,0.788517415523529
220,0.7419851422309875,1.0566273927688599,1e-04,0.7419851422309875,0.7768895626068115,0.9972378015518188,0.7768895626068115
221,0.7469661235809326,1.054007649421692,1e-04,0.7469661235809326,0.7550871968269348,1.0101497173309326,0.7550871968269348
222,0.7468755841255188,1.050987720489502,1e-04,0.7468755841255188,0.7808866500854492,0.9739081859588623,0.7808866500854492
223,0.7434341311454773,1.059565782546997,1e-04,0.7434341311454773,0.7837936282157898,0.9829041957855225,0.7837936282157898
224,0.7442492246627808,1.049700379371643,1e-04,0.7442492246627808,0.7808866500854492,0.9843631386756897,0.7808866500854492
225,0.737819254398346,1.062464714050293,1e-04,0.737819254398346,0.7852470874786377,0.9779770374298096,0.7852470874786377
226,0.7540300488471985,1.0469783544540405,1e-04,0.7540300488471985,0.7543604373931885,1.0239567756652832,0.7543604373931885
227,0.7443397641181946,1.0511702299118042,1e-04,0.7443397641181946,0.7772529125213623,0.983593761920929,0.7772529125213623
228,0.7428907752037048,1.0525630712509155,1e-04,0.7428907752037048,0.7783430218696594,0.9839639663696289,0.7783430218696594
229,0.751132071018219,1.0430302619934082,1e-04,0.751132071018219,0.7776162624359131,0.9817611575126648,0.7776162624359131
230,0.7496830224990845,1.0399693250656128,1e-04,0.7496830224990845,0.7627180218696594,1.011159896850586,0.7627180218696594
231,0.753486692905426,1.0418587923049927,1e-04,0.753486692905426,0.7950581312179565,0.9839077591896057,0.7950581312179565
232,0.7521282434463501,1.0454144477844238,1e-04,0.7521282434463501,0.765625,1.0048091411590576,0.765625
233,0.7542111873626709,1.04307222366333,1e-04,0.7542111873626709,0.7289243936538696,1.0806422233581543,0.7289243936538696
234,0.7526715993881226,1.045243501663208,1e-04,0.7526715993881226,0.7725290656089783,1.0020232200622559,0.7725290656089783
235,0.7552979588508606,1.033670425415039,1e-04,0.7552979588508606,0.7558139562606812,1.0177263021469116,0.7558139562606812
236,0.7517659664154053,1.0397921800613403,1e-04,0.7517659664154053,0.7732558250427246,0.9954614639282227,0.7732558250427246
237,0.7473284006118774,1.043191909790039,1e-04,0.7473284006118774,0.7529069781303406,1.0053836107254028,0.7529069781303406
238,0.7567469477653503,1.0322613716125488,1e-04,0.7567469477653503,0.7659883499145508,0.9828785061836243,0.7659883499145508
239,0.7560224533081055,1.0292603969573975,1e-04,0.7560224533081055,0.7627180218696594,0.9927672743797302,0.7627180218696594
240,0.75783371925354,1.0262757539749146,1e-04,0.75783371925354,0.7688953280448914,1.0142285823822021,0.7688953280448914
241,0.7581959962844849,1.0272809267044067,1e-04,0.7581959962844849,0.7906976938247681,0.9524290561676025,0.7906976938247681
242,0.7588299512863159,1.0379291772842407,1e-04,0.7588299512863159,0.7892441749572754,0.9703114628791809,0.7892441749572754
243,0.7640826106071472,1.0207327604293823,1e-04,0.7640826106071472,0.7899709343910217,0.9662403464317322,0.7899709343910217
244,0.7545734643936157,1.0348583459854126,1e-04,0.7545734643936157,0.7623546719551086,1.0099354982376099,0.7623546719551086
245,0.7589204907417297,1.0232484340667725,1e-04,0.7589204907417297,0.7801598906517029,0.9795476198196411,0.7801598906517029
246,0.7643542885780334,1.02189302444458,1e-04,0.7643542885780334,0.7725290656089783,0.974274218082428,0.7725290656089783
247,0.7657127380371094,1.0114754438400269,1e-04,0.7657127380371094,0.7797965407371521,0.9774057269096375,0.7797965407371521
248,0.7591016292572021,1.0308794975280762,1e-04,0.7591016292572021,0.7510901093482971,1.0179479122161865,0.7510901093482971
249,0.7602789402008057,1.028163194656372,1e-04,0.7602789402008057,0.7808866500854492,0.9694417715072632,0.7808866500854492
250,0.7565658688545227,1.024609923362732,1e-04,0.7565658688545227,0.7707121968269348,1.007935643196106,0.7707121968269348
251,0.7512226104736328,1.043547511100769,1e-04,0.7512226104736328,0.7794331312179565,0.9702175259590149,0.7794331312179565
252,0.7677956819534302,1.0132478475570679,1e-04,0.7677956819534302,0.7867006063461304,0.9518254399299622,0.7867006063461304
253,0.7673428654670715,1.0119856595993042,1e-04,0.7673428654670715,0.7877907156944275,0.9768674373626709,0.7877907156944275
254,0.7713276743888855,1.0147660970687866,1e-04,0.7713276743888855,0.7881540656089783,0.9601522088050842,0.7881540656089783
255,0.7709653973579407,1.001267433166504,1e-04,0.7709653973579407,0.796875,0.9598159193992615,0.796875
256,0.7763991951942444,1.0011491775512695,1e-04,0.7763991951942444,0.772892415523529,0.9913450479507446,0.772892415523529
257,0.7702409029006958,1.0135045051574707,1e-04,0.7702409029006958,0.7925145626068115,0.9699336290359497,0.7925145626068115
258,0.7674334645271301,1.0060765743255615,1e-04,0.7674334645271301,0.788517415523529,0.9768869876861572,0.788517415523529
259,0.7691541314125061,1.0039712190628052,1e-04,0.7691541314125061,0.7714389562606812,0.9719352126121521,0.7714389562606812
260,0.7690635919570923,1.0070593357086182,1e-04,0.7690635919570923,0.8194040656089783,0.9229313135147095,0.8194040656089783
261,0.7763991951942444,0.998559832572937,1e-04,0.7763991951942444,0.7707121968269348,0.9972990155220032,0.7707121968269348
262,0.7691541314125061,1.002753734588623,1e-04,0.7691541314125061,0.7965116500854492,0.9470714330673218,0.7965116500854492
263,0.7724144458770752,1.0063468217849731,1e-04,0.7724144458770752,0.7645348906517029,1.0218361616134644,0.7645348906517029
264,0.7807462215423584,0.9877169728279114,1e-04,0.7807462215423584,0.8059592843055725,0.9443686008453369,0.8059592843055725
265,0.7745879292488098,1.0029020309448242,1e-04,0.7745879292488098,0.785973846912384,0.9553502202033997,0.785973846912384
266,0.7736822962760925,1.0040664672851562,1e-04,0.7736822962760925,0.7950581312179565,0.9466643929481506,0.7950581312179565
267,0.7786632776260376,0.9964689016342163,1e-04,0.7786632776260376,0.7692587375640869,0.9784053564071655,0.7692587375640869
268,0.7769426107406616,0.9982075095176697,1e-04,0.7769426107406616,0.7790697813034058,0.9630319476127625,0.7790697813034058
269,0.7706937193870544,0.998989462852478,1e-04,0.7706937193870544,0.7954215407371521,0.93450528383255,0.7954215407371521
270,0.7558413147926331,1.0394923686981201,1e-04,0.7558413147926331,0.7805232405662537,0.9768755435943604,0.7805232405662537
271,0.7753124237060547,0.9944217801094055,1e-04,0.7753124237060547,0.8183139562606812,0.921886682510376,0.8183139562606812
272,0.7796595096588135,0.9925746321678162,1e-04,0.7796595096588135,0.8266715407371521,0.9085744619369507,0.8266715407371521
273,0.7856366634368896,0.9777851104736328,1e-04,0.7856366634368896,0.7914243936538696,0.941339910030365,0.7914243936538696
274,0.7831009030342102,0.9842825531959534,1e-04,0.7831009030342102,0.8241279125213623,0.9114125967025757,0.8241279125213623
275,0.7811084985733032,0.9929038882255554,1e-04,0.7811084985733032,0.7816133499145508,0.980894148349762,0.7816133499145508
276,0.7797500491142273,0.9822832942008972,1e-04,0.7797500491142273,0.8157703280448914,0.914637565612793,0.8157703280448914
277,0.7849121689796448,0.9738154411315918,1e-04,0.7849121689796448,0.8103197813034058,0.921143651008606,0.8103197813034058
278,0.7827386260032654,0.9810230135917664,1e-04,0.7827386260032654,0.8095930218696594,0.929208517074585,0.8095930218696594
279,0.7866328358650208,0.97065269947052,1e-04,0.7866328358650208,0.819767415523529,0.9271780252456665,0.819767415523529
280,0.7839159369468689,0.9746097326278687,1e-04,0.7839159369468689,0.8223110437393188,0.9253298044204712,0.8223110437393188
281,0.7862706184387207,0.9759300351142883,1e-04,0.7862706184387207,0.8121366500854492,0.9136919379234314,0.8121366500854492
282,0.7880818843841553,0.9686571359634399,1e-04,0.7880818843841553,0.7972383499145508,0.9472219944000244,0.7972383499145508
283,0.7843687534332275,0.9814049005508423,1e-04,0.7843687534332275,0.8212209343910217,0.907437801361084,0.8212209343910217
284,0.7840970754623413,0.9725332260131836,1e-04,0.7840970754623413,0.8346657156944275,0.8980832695960999,0.8346657156944275
285,0.7886252403259277,0.972496509552002,1e-04,0.7886252403259277,0.8085029125213623,0.9349445104598999,0.8085029125213623
286,0.7879912853240967,0.9725862145423889,1e-04,0.7879912853240967,0.8095930218696594,0.9420356750488281,0.8095930218696594
287,0.7882630228996277,0.9625447988510132,1e-04,0.7882630228996277,0.7961482405662537,0.9538545608520508,0.7961482405662537
288,0.7892591953277588,0.9692994952201843,1e-04,0.7892591953277588,0.8168604373931885,0.9249792098999023,0.8168604373931885
289,0.789168655872345,0.970273494720459,1e-04,0.789168655872345,0.8161337375640869,0.9156387448310852,0.8161337375640869
290,0.7859989404678345,0.9724007248878479,1e-04,0.7859989404678345,0.8088662624359131,0.9259718060493469,0.8088662624359131
291,0.7931534051895142,0.962449848651886,1e-04,0.7931534051895142,0.8248546719551086,0.9020407795906067,0.8248546719551086
292,0.7913421392440796,0.963252604007721,1e-04,0.7913421392440796,0.8284883499145508,0.8987765908241272,0.8284883499145508
293,0.7967759370803833,0.958713948726654,1e-04,0.7967759370803833,0.8135901093482971,0.9032399654388428,0.8135901093482971
294,0.789168655872345,0.9640890955924988,1e-04,0.789168655872345,0.8277616500854492,0.8918331265449524,0.8277616500854492
295,0.7968665361404419,0.952727735042572,1e-04,0.7968665361404419,0.8321220874786377,0.8850640654563904,0.8321220874786377
296,0.7975004315376282,0.951566219329834,1e-04,0.7975004315376282,0.8179506063461304,0.9109750986099243,0.8179506063461304
297,0.7913421392440796,0.9685653448104858,1e-04,0.7913421392440796,0.8088662624359131,0.9247347712516785,0.8088662624359131
298,0.7986778020858765,0.9537083506584167,1e-04,0.7986778020858765,0.7979651093482971,0.9754051566123962,0.7979651093482971
299,0.7933345437049866,0.957665205001831,1e-04,0.7933345437049866,0.8088662624359131,0.9219704270362854,0.8088662624359131
300,0.7961419820785522,0.953565239906311,1e-04,0.7961419820785522,0.8048691749572754,0.9130592942237854,0.8048691749572754
301,0.79985511302948,0.9522501230239868,1e-04,0.79985511302948,0.8237645626068115,0.8957657814025879,0.8237645626068115
302,0.7988588809967041,0.9493892788887024,1e-04,0.7988588809967041,0.8143168687820435,0.9399719834327698,0.8143168687820435
303,0.7924289107322693,0.9628057479858398,1e-04,0.7924289107322693,0.7950581312179565,0.9332126379013062,0.7950581312179565
304,0.8017569184303284,0.9463667273521423,1e-04,0.8017569184303284,0.823401153087616,0.8869233131408691,0.823401153087616
305,0.7943307161331177,0.955555260181427,1e-04,0.7943307161331177,0.8357558250427246,0.8780364990234375,0.8357558250427246
306,0.8032965064048767,0.9423261880874634,1e-04,0.8032965064048767,0.8179506063461304,0.9088510274887085,0.8179506063461304
307,0.7992211580276489,0.9429230690002441,1e-04,0.7992211580276489,0.8099563717842102,0.9090055227279663,0.8099563717842102
308,0.8076435327529907,0.933559000492096,1e-04,0.8076435327529907,0.8379360437393188,0.8809604048728943,0.8379360437393188
309,0.7994928359985352,0.9468169808387756,1e-04,0.7994928359985352,0.8005087375640869,0.932303249835968,0.8005087375640869
310,0.7989494800567627,0.9454001188278198,1e-04,0.7989494800567627,0.8190407156944275,0.9318609833717346,0.8190407156944275
311,0.8011229634284973,0.9398608207702637,1e-04,0.8011229634284973,0.8175871968269348,0.9172487258911133,0.8175871968269348
312,0.8078246712684631,0.9306658506393433,1e-04,0.8078246712684631,0.8415697813034058,0.877954363822937,0.8415697813034058
313,0.8093642592430115,0.9340054392814636,1e-04,0.8093642592430115,0.7892441749572754,0.9576361775398254,0.7892441749572754
314,0.8103604316711426,0.9298346042633057,1e-04,0.8103604316711426,0.8019621968269348,0.9341723322868347,0.8019621968269348
315,0.8032965064048767,0.9396737813949585,1e-04,0.8032965064048767,0.7936046719551086,0.9645767211914062,0.7936046719551086
316,0.8049266338348389,0.9359298348426819,1e-04,0.8049266338348389,0.8259447813034058,0.8934722542762756,0.8259447813034058
317,0.8033870458602905,0.9368317127227783,1e-04,0.8033870458602905,0.8332121968269348,0.8876420855522156,0.8332121968269348
318,0.8026625514030457,0.9426196813583374,1e-04,0.8026625514030457,0.8059592843055725,0.9242462515830994,0.8059592843055725
319,0.8123528361320496,0.930544912815094,1e-04,0.8123528361320496,0.8085029125213623,0.9191362857818604,0.8085029125213623
320,0.8095453977584839,0.9275634288787842,1e-04,0.8095453977584839,0.8183139562606812,0.8919389247894287,0.8183139562606812
321,0.8099076151847839,0.9289286136627197,1e-04,0.8099076151847839,0.7994186282157898,0.9224138259887695,0.7994186282157898
322,0.8095453977584839,0.9300687909126282,1e-04,0.8095453977584839,0.7976017594337463,0.936249852180481,0.7976017594337463
323,0.8135301470756531,0.9257345795631409,1e-04,0.8135301470756531,0.8288517594337463,0.8891065716743469,0.8288517594337463
324,0.8095453977584839,0.9217232465744019,1e-04,0.8095453977584839,0.8270348906517029,0.9056491255760193,0.8270348906517029
325,0.8038398623466492,0.9325124621391296,1e-04,0.8038398623466492,0.8273982405662537,0.8779911398887634,0.8273982405662537
326,0.8121716976165771,0.9256158471107483,1e-04,0.8121716976165771,0.8495639562606812,0.8576104044914246,0.8495639562606812
327,0.8086397647857666,0.9287478923797607,1e-04,0.8086397647857666,0.836482584476471,0.8715233206748962,0.836482584476471
328,0.8118094801902771,0.9240697622299194,1e-04,0.8118094801902771,0.8422965407371521,0.8745874166488647,0.8422965407371521
329,0.8129867911338806,0.9164469242095947,1e-04,0.8129867911338806,0.8168604373931885,0.8967469930648804,0.8168604373931885
330,0.8106321096420288,0.9157760143280029,1e-04,0.8106321096420288,0.8110465407371521,0.9213632345199585,0.8110465407371521
331,0.808186948299408,0.9316640496253967,1e-04,0.808186948299408,0.8244912624359131,0.925814688205719,0.8244912624359131
332,0.8124433755874634,0.9207189083099365,1e-04,0.8124433755874634,0.836482584476471,0.8689491152763367,0.836482584476471
333,0.8141641020774841,0.9191833138465881,1e-04,0.8141641020774841,0.823401153087616,0.9175365567207336,0.823401153087616
334,0.8135301470756531,0.9139474630355835,1e-04,0.8135301470756531,0.84375,0.8610302209854126,0.84375
335,0.8097264766693115,0.9182592630386353,1e-04,0.8097264766693115,0.8277616500854492,0.9074210524559021,0.8277616500854492
336,0.8087303042411804,0.9268627166748047,1e-04,0.8087303042411804,0.8372092843055725,0.8852135539054871,0.8372092843055725
337,0.8108132481575012,0.9232758283615112,1e-04,0.8108132481575012,0.8190407156944275,0.9054126143455505,0.8190407156944275
338,0.814526379108429,0.9132694602012634,1e-04,0.814526379108429,0.8132267594337463,0.9015333652496338,0.8132267594337463
339,0.8152508735656738,0.9136608242988586,1e-04,0.8152508735656738,0.8492006063461304,0.8643869161605835,0.8492006063461304
340,0.8144357800483704,0.9141581654548645,1e-04,0.8144357800483704,0.8386628031730652,0.886751115322113,0.8386628031730652
341,0.8146169185638428,0.915554404258728,1e-04,0.8146169185638428,0.7550871968269348,1.0414830446243286,0.7550871968269348
342,0.8092736601829529,0.9261962175369263,1e-04,0.8092736601829529,0.8259447813034058,0.9090139865875244,0.8259447813034058
343,0.8174243569374084,0.9068073630332947,1e-04,0.8174243569374084,0.8339389562606812,0.8890541195869446,0.8339389562606812
344,0.823854386806488,0.9019693732261658,1e-04,0.823854386806488,0.8303052186965942,0.9025446176528931,0.8303052186965942
345,0.819235622882843,0.9101758599281311,1e-04,0.819235622882843,0.8357558250427246,0.8781709671020508,0.8357558250427246
346,0.8216808438301086,0.8998544812202454,1e-04,0.8216808438301086,0.835392415523529,0.8811042308807373,0.835392415523529
347,0.8168352842330933,0.9064597487449646,1e-04,0.8168352842330933,0.820857584476471,0.8961808681488037,0.820857584476471
348,0.8200507164001465,0.9110830426216125,1e-04,0.8200507164001465,0.8393895626068115,0.8860141634941101,0.8393895626068115
349,0.8217714428901672,0.9011306762695312,1e-04,0.8217714428901672,0.8226743936538696,0.8861587047576904,0.8226743936538696
350,0.8254845142364502,0.9012595415115356,1e-04,0.8254845142364502,0.8059592843055725,0.9433094263076782,0.8059592843055725
351,0.8246694207191467,0.8982318043708801,1e-04,0.8246694207191467,0.8350290656089783,0.8970513343811035,0.8350290656089783
352,0.8205035328865051,0.9020743370056152,1e-04,0.8205035328865051,0.8473837375640869,0.8592269420623779,0.8473837375640869
353,0.8237637877464294,0.8957930207252502,1e-04,0.8237637877464294,0.8517441749572754,0.8491722941398621,0.8517441749572754
354,0.8193262219429016,0.9105497002601624,1e-04,0.8193262219429016,0.8542878031730652,0.8491971492767334,0.8542878031730652
355,0.8199601769447327,0.9000868201255798,1e-04,0.8199601769447327,0.8397529125213623,0.8728669881820679,0.8397529125213623
356,0.8222242593765259,0.8913317918777466,1e-04,0.8222242593765259,0.8481104373931885,0.8601884841918945,0.8481104373931885
357,0.819235622882843,0.8951700329780579,1e-04,0.819235622882843,0.8470203280448914,0.8575776815414429,0.8470203280448914
358,0.8297410011291504,0.8847391605377197,1e-04,0.8297410011291504,0.8317587375640869,0.8869232535362244,0.8317587375640869
359,0.8283825516700745,0.8846570253372192,1e-04,0.8283825516700745,0.8393895626068115,0.8725607991218567,0.8393895626068115
360,0.8174243569374084,0.9094455242156982,1e-04,0.8174243569374084,0.854651153087616,0.8418107032775879,0.854651153087616
361,0.8271146416664124,0.886145293712616,1e-04,0.8271146416664124,0.8117732405662537,0.9142988324165344,0.8117732405662537
362,0.8277485966682434,0.8896961808204651,1e-04,0.8277485966682434,0.8481104373931885,0.8541657328605652,0.8481104373931885
363,0.8288353681564331,0.8880775570869446,1e-04,0.8288353681564331,0.8470203280448914,0.8358449935913086,0.8470203280448914
364,0.825575053691864,0.8888057470321655,1e-04,0.825575053691864,0.8401162624359131,0.8614398241043091,0.8401162624359131
365,0.8341785669326782,0.881426215171814,1e-04,0.8341785669326782,0.8550145626068115,0.8348512053489685,0.8550145626068115
366,0.8323673009872437,0.8762519955635071,1e-04,0.8323673009872437,0.8517441749572754,0.8283242583274841,0.8517441749572754
367,0.8177866339683533,0.8998950719833374,1e-04,0.8177866339683533,0.8539243936538696,0.8391531109809875,0.8539243936538696
368,0.8254845142364502,0.8837687373161316,1e-04,0.8254845142364502,0.84375,0.8537418246269226,0.84375
369,0.8346313834190369,0.8797799348831177,1e-04,0.8346313834190369,0.8452034592628479,0.8562740087509155,0.8452034592628479
370,0.8297410011291504,0.8806252479553223,1e-04,0.8297410011291504,0.8481104373931885,0.8400669693946838,0.8481104373931885
371,0.8362615704536438,0.8723165988922119,1e-04,0.8362615704536438,0.8506540656089783,0.8486126661300659,0.8506540656089783
372,0.8271146416664124,0.8857818841934204,1e-04,0.8271146416664124,0.8270348906517029,0.8959535956382751,0.8270348906517029
373,0.8390690088272095,0.8751584887504578,1e-04,0.8390690088272095,0.8481104373931885,0.833884060382843,0.8481104373931885
374,0.8384350538253784,0.8673146963119507,1e-04,0.8384350538253784,0.8419331312179565,0.8476682305335999,0.8419331312179565
375,0.8301032185554504,0.8819553256034851,1e-04,0.8301032185554504,0.8346657156944275,0.8631228804588318,0.8346657156944275
376,0.8294693231582642,0.8775395750999451,1e-04,0.8294693231582642,0.8492006063461304,0.8502706289291382,0.8492006063461304
377,0.8297410011291504,0.8842177391052246,1e-04,0.8297410011291504,0.8430232405662537,0.8484075665473938,0.8430232405662537
378,0.8325484395027161,0.8750361800193787,1e-04,0.8325484395027161,0.8553779125213623,0.836037278175354,0.8553779125213623
379,0.8397029638290405,0.8621058464050293,1e-04,0.8397029638290405,0.8506540656089783,0.8490795493125916,0.8506540656089783
380,0.8416953682899475,0.8621814250946045,1e-04,0.8416953682899475,0.8350290656089783,0.8878942131996155,0.8350290656089783
381,0.8378010988235474,0.8683567643165588,1e-04,0.8378010988235474,0.8655523061752319,0.8142873048782349,0.8655523061752319
382,0.8398841023445129,0.8641819357872009,1e-04,0.8398841023445129,0.8499273061752319,0.8375552892684937,0.8499273061752319
383,0.840880274772644,0.8644807934761047,1e-04,0.840880274772644,0.8506540656089783,0.8292472958564758,0.8506540656089783
384,0.8372577428817749,0.8694064617156982,1e-04,0.8372577428817749,0.8310319781303406,0.8688901662826538,0.8310319781303406
385,0.8421481847763062,0.8674997091293335,1e-04,0.8421481847763062,0.8470203280448914,0.8367946743965149,0.8470203280448914
386,0.840246319770813,0.8578612208366394,1e-04,0.840246319770813,0.854651153087616,0.8287163376808167,0.854651153087616
387,0.8389784693717957,0.8693903684616089,1e-04,0.8389784693717957,0.84375,0.8528391718864441,0.84375
388,0.8296504020690918,0.8777188658714294,1e-04,0.8296504020690918,0.84375,0.8538923263549805,0.84375
389,0.8397935032844543,0.8574408292770386,1e-04,0.8397935032844543,0.8524709343910217,0.8442823886871338,0.8524709343910217
390,0.8366237878799438,0.8603430986404419,1e-04,0.8366237878799438,0.8372092843055725,0.8641836643218994,0.8372092843055725
391,0.8386161923408508,0.8596985936164856,1e-04,0.8386161923408508,0.8452034592628479,0.8552640080451965,0.8452034592628479
392,0.8444122672080994,0.8516645431518555,1e-04,0.8444122672080994,0.8321220874786377,0.8653848171234131,0.8321220874786377
393,0.8387973308563232,0.8612979650497437,1e-04,0.8387973308563232,0.8637354373931885,0.8137655258178711,0.8637354373931885
394,0.8424198627471924,0.8591969013214111,1e-04,0.8424198627471924,0.8357558250427246,0.8849830031394958,0.8357558250427246
395,0.8383445143699646,0.8646576404571533,1e-04,0.8383445143699646,0.8441133499145508,0.8633851408958435,0.8441133499145508
396,0.8390690088272095,0.862837553024292,1e-04,0.8390690088272095,0.8579215407371521,0.8264566659927368,0.8579215407371521
397,0.8392501473426819,0.8673990368843079,1e-04,0.8392501473426819,0.8608284592628479,0.8290138840675354,0.8608284592628479
398,0.8421481847763062,0.8529213666915894,1e-04,0.8421481847763062,0.8586482405662537,0.8231713175773621,0.8586482405662537
399,0.844231128692627,0.8507065773010254,1e-04,0.844231128692627,0.8571947813034058,0.836993932723999,0.8571947813034058
400,0.8416047692298889,0.8516880869865417,1e-04,0.8416047692298889,0.8644621968269348,0.8063199520111084,0.8644621968269348
401,0.8496649265289307,0.845120906829834,1e-04,0.8496649265289307,0.859375,0.8310132622718811,0.859375
402,0.8426010012626648,0.8526246547698975,1e-04,0.8426010012626648,0.8531976938247681,0.8418877124786377,0.8531976938247681
403,0.842872679233551,0.850560188293457,1e-04,0.842872679233551,0.8611918687820435,0.8208174705505371,0.8611918687820435
404,0.8414236307144165,0.8544198274612427,1e-04,0.8414236307144165,0.8401162624359131,0.8591699004173279,0.8401162624359131
405,0.8463140726089478,0.8520928621292114,1e-04,0.8463140726089478,0.8619186282157898,0.8211308717727661,0.8619186282157898
406,0.8453179001808167,0.8425095081329346,1e-04,0.8453179001808167,0.8717296719551086,0.806122362613678,0.8717296719551086
407,0.8463140726089478,0.8460550904273987,1e-04,0.8463140726089478,0.8357558250427246,0.8795914649963379,0.8357558250427246
408,0.844865083694458,0.8451653122901917,1e-04,0.844865083694458,0.8630087375640869,0.8086275458335876,0.8630087375640869
409,0.8479442000389099,0.8454998731613159,1e-04,0.8479442000389099,0.8622819781303406,0.8106640577316284,0.8622819781303406
410,0.8514761924743652,0.8391258120536804,1e-04,0.8514761924743652,0.866642415523529,0.8023143410682678,0.866642415523529
411,0.8497554659843445,0.841755211353302,1e-04,0.8497554659843445,0.8382993936538696,0.8590291738510132,0.8382993936538696
412,0.850570559501648,0.8410972356796265,1e-04,0.850570559501648,0.8492006063461304,0.8391265273094177,0.8492006063461304
413,0.8354464769363403,0.8635185956954956,1e-04,0.8354464769363403,0.8531976938247681,0.8330541253089905,0.8531976938247681
414,0.8524723649024963,0.8376864790916443,1e-04,0.8524723649024963,0.8448401093482971,0.8499575853347778,0.8448401093482971
415,0.8483064770698547,0.8401698470115662,1e-04,0.8483064770698547,0.8477470874786377,0.8441516757011414,0.8477470874786377
416,0.8482158780097961,0.8411825895309448,1e-04,0.8482158780097961,0.8706395626068115,0.7967463731765747,0.8706395626068115
417,0.8397935032844543,0.859275221824646,1e-04,0.8397935032844543,0.8648256063461304,0.8186830878257751,0.8648256063461304
418,0.8574533462524414,0.8317601680755615,1e-04,0.8574533462524414,0.8332121968269348,0.8860310316085815,0.8332121968269348
419,0.8524723649024963,0.8388066291809082,1e-04,0.8524723649024963,0.8575581312179565,0.8359992504119873,0.8575581312179565
420,0.8543742299079895,0.8272995948791504,1e-04,0.8543742299079895,0.8622819781303406,0.8152391910552979,0.8622819781303406
421,0.8536496758460999,0.8336048722267151,1e-04,0.8536496758460999,0.8659157156944275,0.8108702301979065,0.8659157156944275
422,0.8582684397697449,0.8263987898826599,1e-04,0.8582684397697449,0.8637354373931885,0.8086300492286682,0.8637354373931885
423,0.8516573309898376,0.841652512550354,1e-04,0.8516573309898376,0.8680959343910217,0.8101993203163147,0.8680959343910217
424,0.8537402749061584,0.8309106826782227,1e-04,0.8537402749061584,0.8731831312179565,0.8021251559257507,0.8731831312179565
425,0.8504799604415894,0.8339118361473083,1e-04,0.8504799604415894,0.8757267594337463,0.7910615801811218,0.8757267594337463
426,0.8506610989570618,0.8356977105140686,1e-04,0.8506610989570618,0.8582848906517029,0.8205464482307434,0.8582848906517029
427,0.8573628067970276,0.8269259333610535,1e-04,0.8573628067970276,0.8713662624359131,0.8008977174758911,0.8713662624359131
428,0.8497554659843445,0.8322065472602844,1e-04,0.8497554659843445,0.8670058250427246,0.8204014897346497,0.8670058250427246
429,0.8561854958534241,0.8185217380523682,1e-04,0.8561854958534241,0.8626453280448914,0.8078738451004028,0.8626453280448914
430,0.8527440428733826,0.8286073803901672,1e-04,0.8527440428733826,0.8059592843055725,0.9710012078285217,0.8059592843055725
431,0.8563665747642517,0.8214467763900757,1e-04,0.8563665747642517,0.8688226938247681,0.8134464621543884,0.8688226938247681
432,0.8611664772033691,0.8228797316551208,1e-04,0.8611664772033691,0.864098846912384,0.8113760948181152,0.864098846912384
433,0.8639739155769348,0.8080683946609497,1e-04,0.8639739155769348,0.8815407156944275,0.7942724823951721,0.8815407156944275
434,0.8546459078788757,0.82076495885849,1e-04,0.8546459078788757,0.8615552186965942,0.8030005097389221,0.8615552186965942
435,0.8627966046333313,0.8102155923843384,1e-04,0.8627966046333313,0.8688226938247681,0.7995091676712036,0.8688226938247681
436,0.8517478704452515,0.8327557444572449,1e-04,0.8517478704452515,0.875,0.7924628853797913,0.875
437,0.8524723649024963,0.825626015663147,1e-04,0.8524723649024963,0.8782703280448914,0.7832092642784119,0.8782703280448914
438,0.8624343276023865,0.8058688044548035,1e-04,0.8624343276023865,0.8488371968269348,0.8555397391319275,0.8488371968269348
439,0.8558232188224792,0.8229320049285889,1e-04,0.8558232188224792,0.8673691749572754,0.8184494972229004,0.8673691749572754
440,0.8552798628807068,0.8236532807350159,1e-04,0.8552798628807068,0.8506540656089783,0.8482364416122437,0.8506540656089783
441,0.8575439453125,0.8182446956634521,1e-04,0.8575439453125,0.8441133499145508,0.8570453524589539,0.8441133499145508
442,0.8525629639625549,0.8323683142662048,1e-04,0.8525629639625549,0.8637354373931885,0.8188102841377258,0.8637354373931885
443,0.857272207736969,0.8209801316261292,1e-04,0.857272207736969,0.8633720874786377,0.8135872483253479,0.8633720874786377
444,0.8670530915260315,0.8061181306838989,1e-04,0.8670530915260315,0.8630087375640869,0.822378933429718,0.8630087375640869
445,0.8610758781433105,0.8086304664611816,1e-04,0.8610758781433105,0.8815407156944275,0.7827915549278259,0.8815407156944275
446,0.861257016658783,0.8115537762641907,1e-04,0.861257016658783,0.8731831312179565,0.8113007545471191,0.8731831312179565
447,0.8617098331451416,0.8115248680114746,1e-04,0.8617098331451416,0.8601017594337463,0.8196873068809509,0.8601017594337463
448,0.8619815111160278,0.8136560320854187,1e-04,0.8619815111160278,0.8528342843055725,0.842059850692749,0.8528342843055725
449,0.8575439453125,0.8235127329826355,1e-04,0.8575439453125,0.8601017594337463,0.8134196996688843,0.8601017594337463
450,0.8599891066551208,0.8176477551460266,1e-04,0.8599891066551208,0.8608284592628479,0.8217840194702148,0.8608284592628479
451,0.859264612197876,0.8151618242263794,1e-04,0.859264612197876,0.870276153087616,0.7982106804847717,0.870276153087616
452,0.8639739155769348,0.8069418668746948,1e-04,0.8639739155769348,0.8488371968269348,0.8420262932777405,0.8488371968269348
453,0.8624343276023865,0.8134791254997253,1e-04,0.8624343276023865,0.864098846912384,0.8137708902359009,0.864098846912384
454,0.8599891066551208,0.8081442713737488,1e-04,0.8599891066551208,0.8771802186965942,0.7737953066825867,0.8771802186965942
455,0.8619815111160278,0.8148841857910156,1e-04,0.8619815111160278,0.8800871968269348,0.8045588731765747,0.8800871968269348
456,0.863883376121521,0.8051601052284241,1e-04,0.863883376121521,0.8720930218696594,0.7898862361907959,0.8720930218696594
457,0.8594457507133484,0.8102331161499023,1e-04,0.8594457507133484,0.870276153087616,0.8097519874572754,0.870276153087616
458,0.8656946420669556,0.8056125044822693,1e-04,0.8656946420669556,0.8604651093482971,0.8096142411231995,0.8604651093482971
459,0.8615286946296692,0.8117748498916626,1e-04,0.8615286946296692,0.8837209343910217,0.7680618166923523,0.8837209343910217
460,0.8648795485496521,0.8009779453277588,1e-04,0.8648795485496521,0.8753633499145508,0.791020393371582,0.8753633499145508
461,0.8630682826042175,0.8061437606811523,1e-04,0.8630682826042175,0.8866279125213623,0.7606457471847534,0.8866279125213623
462,0.8623437881469727,0.7959381341934204,1e-04,0.8623437881469727,0.8659157156944275,0.8050558567047119,0.8659157156944275
463,0.8710378408432007,0.795407772064209,1e-04,0.8710378408432007,0.890625,0.762542724609375,0.890625
464,0.871943473815918,0.7929726243019104,1e-04,0.871943473815918,0.8662790656089783,0.821904182434082,0.8662790656089783
465,0.8710378408432007,0.7881484627723694,1e-04,0.8710378408432007,0.8739098906517029,0.7995589375495911,0.8739098906517029
466,0.8694077134132385,0.7964701056480408,1e-04,0.8694077134132385,0.8710029125213623,0.7986974716186523,0.8710029125213623
467,0.8722151517868042,0.7913056015968323,1e-04,0.8722151517868042,0.8917151093482971,0.761574387550354,0.8917151093482971
468,0.8714906573295593,0.7893246412277222,1e-04,0.8714906573295593,0.8691860437393188,0.8160899877548218,0.8691860437393188
469,0.8686832189559937,0.7907251715660095,1e-04,0.8686832189559937,0.8680959343910217,0.7999263405799866,0.8680959343910217
470,0.867596447467804,0.7946880459785461,1e-04,0.867596447467804,0.867732584476471,0.8123648762702942,0.867732584476471
471,0.8727585673332214,0.7887604832649231,1e-04,0.8727585673332214,0.8568313717842102,0.8279052376747131,0.8568313717842102
472,0.8666002750396729,0.8036608099937439,1e-04,0.8666002750396729,0.8717296719551086,0.8097645044326782,0.8717296719551086
473,0.8694982528686523,0.7878267765045166,1e-04,0.8694982528686523,0.8626453280448914,0.8021036386489868,0.8626453280448914
474,0.867596447467804,0.785978376865387,1e-04,0.867596447467804,0.8673691749572754,0.8099766969680786,0.8673691749572754
475,0.8667813539505005,0.7979104518890381,1e-04,0.8667813539505005,0.8891715407371521,0.7616388201713562,0.8891715407371521
476,0.8752943277359009,0.7812811136245728,1e-04,0.8752943277359009,0.8688226938247681,0.8036348819732666,0.8688226938247681
477,0.8730302453041077,0.7895575165748596,1e-04,0.8730302453041077,0.8800871968269348,0.7874316573143005,0.8800871968269348
478,0.8679587244987488,0.794050931930542,1e-04,0.8679587244987488,0.8800871968269348,0.7715268731117249,0.8800871968269348
479,0.8666002750396729,0.7977676391601562,1e-04,0.8666002750396729,0.8695493936538696,0.7982969880104065,0.8695493936538696
480,0.8703133463859558,0.7868388295173645,1e-04,0.8703133463859558,0.8768168687820435,0.7826976180076599,0.8768168687820435
481,0.8717623353004456,0.7868090271949768,1e-04,0.8717623353004456,0.8757267594337463,0.7828317880630493,0.8757267594337463
482,0.8735736012458801,0.7826364040374756,1e-04,0.8735736012458801,0.8855378031730652,0.7772778272628784,0.8855378031730652
483,0.8713095188140869,0.7889063358306885,1e-04,0.8713095188140869,0.8829941749572754,0.7732060551643372,0.8829941749572754
484,0.880909264087677,0.7777152061462402,1e-04,0.880909264087677,0.885901153087616,0.7681975960731506,0.885901153087616
485,0.8776489496231079,0.7801327109336853,1e-04,0.8776489496231079,0.8808139562606812,0.7767547965049744,0.8808139562606812
486,0.8694077134132385,0.7999511361122131,1e-04,0.8694077134132385,0.8768168687820435,0.8007016777992249,0.8768168687820435
487,0.8694077134132385,0.794917643070221,1e-04,0.8694077134132385,0.8710029125213623,0.7972087264060974,0.8710029125213623
488,0.8732113838195801,0.7893461585044861,1e-04,0.8732113838195801,0.8789970874786377,0.7842503786087036,0.8789970874786377
489,0.8685020804405212,0.7971634864807129,1e-04,0.8685020804405212,0.8746366500854492,0.7883800864219666,0.8746366500854492
490,0.8797319531440735,0.7755771279335022,1e-04,0.8797319531440735,0.8851743936538696,0.7701370716094971,0.8851743936538696
491,0.876924455165863,0.7811220288276672,1e-04,0.876924455165863,0.8800871968269348,0.788094699382782,0.8800871968269348
492,0.8746603727340698,0.7844316363334656,1e-04,0.8746603727340698,0.8902616500854492,0.7687472701072693,0.8902616500854492
493,0.8758376836776733,0.7799427509307861,1e-04,0.8758376836776733,0.8724563717842102,0.7981236577033997,0.8724563717842102
494,0.8771055936813354,0.7723863124847412,1e-04,0.8771055936813354,0.8651889562606812,0.8564292788505554,0.8651889562606812
495,0.8710378408432007,0.7900722026824951,1e-04,0.8710378408432007,0.8819040656089783,0.772398054599762,0.8819040656089783
496,0.8807281255722046,0.7735146880149841,1e-04,0.8807281255722046,0.8655523061752319,0.8065321445465088,0.8655523061752319
497,0.8757471442222595,0.7814236283302307,1e-04,0.8757471442222595,0.8815407156944275,0.79111248254776,0.8815407156944275
498,0.8740264177322388,0.7819616794586182,1e-04,0.8740264177322388,0.8815407156944275,0.7775482535362244,0.8815407156944275
499,0.8744792342185974,0.7815214395523071,1e-04,0.8744792342185974,0.8931686282157898,0.7603064179420471,0.8931686282157898
500,0.8742981553077698,0.7732297778129578,1e-04,0.8742981553077698,0.879723846912384,0.7856042385101318,0.879723846912384
501,0.8742075562477112,0.7812201976776123,1e-04,0.8742075562477112,0.8891715407371521,0.766082227230072,0.8891715407371521
502,0.8819054365158081,0.7626866698265076,1e-04,0.8819054365158081,0.8800871968269348,0.7768175005912781,0.8800871968269348
503,0.8797319531440735,0.7726559638977051,1e-04,0.8797319531440735,0.8568313717842102,0.8402498960494995,0.8568313717842102
504,0.876562237739563,0.7826717495918274,1e-04,0.876562237739563,0.8779069781303406,0.788585901260376,0.8779069781303406
505,0.881271481513977,0.7681465148925781,1e-04,0.881271481513977,0.8735465407371521,0.7844816446304321,0.8735465407371521
506,0.8795508146286011,0.7687923908233643,1e-04,0.8795508146286011,0.8670058250427246,0.7992294430732727,0.8670058250427246
507,0.8861619234085083,0.765625,1e-04,0.8861619234085083,0.8804506063461304,0.776946485042572,0.8804506063461304
508,0.8847129344940186,0.7648842930793762,1e-04,0.8847129344940186,0.8724563717842102,0.7937608957290649,0.8724563717842102
509,0.880275309085846,0.7664051651954651,1e-04,0.880275309085846,0.885901153087616,0.7727373838424683,0.885901153087616
510,0.88462233543396,0.7569841742515564,1e-04,0.88462233543396,0.8895348906517029,0.7553053498268127,0.8895348906517029
511,0.8747509717941284,0.779097855091095,1e-04,0.8747509717941284,0.8891715407371521,0.7522304654121399,0.8891715407371521
512,0.876290500164032,0.7734736800193787,1e-04,0.876290500164032,0.8800871968269348,0.771976113319397,0.8800871968269348
513,0.8794602155685425,0.7756043672561646,1e-04,0.8794602155685425,0.8837209343910217,0.7767550349235535,0.8837209343910217
514,0.8806375861167908,0.768150806427002,1e-04,0.8806375861167908,0.882267415523529,0.7838668823242188,0.882267415523529
515,0.8870675563812256,0.7541227340698242,1e-04,0.8870675563812256,0.8931686282157898,0.7482740879058838,0.8931686282157898
516,0.8834450244903564,0.7619441151618958,1e-04,0.8834450244903564,0.8946220874786377,0.755084753036499,0.8946220874786377
517,0.8854374289512634,0.7591919898986816,1e-04,0.8854374289512634,0.8888081312179565,0.7562780380249023,0.8888081312179565
518,0.8842601180076599,0.7649954557418823,1e-04,0.8842601180076599,0.8746366500854492,0.8014777302742004,0.8746366500854492
519,0.8875203728675842,0.753447413444519,1e-04,0.8875203728675842,0.8717296719551086,0.8094647526741028,0.8717296719551086
520,0.8851657509803772,0.755277156829834,1e-04,0.8851657509803772,0.898982584476471,0.7526341080665588,0.898982584476471
521,0.8825393915176392,0.7630378603935242,1e-04,0.8825393915176392,0.8949854373931885,0.7573556303977966,0.8949854373931885
522,0.88462233543396,0.7555150985717773,1e-04,0.88462233543396,0.8869912624359131,0.7720792293548584,0.8869912624359131
523,0.8881543278694153,0.749806821346283,1e-04,0.8881543278694153,0.8840842843055725,0.7852447628974915,0.8840842843055725
524,0.882901668548584,0.7604839205741882,1e-04,0.882901668548584,0.8855378031730652,0.7779079079627991,0.8855378031730652
525,0.8867052793502808,0.7557438015937805,1e-04,0.8867052793502808,0.8938953280448914,0.752341091632843,0.8938953280448914
526,0.8859807848930359,0.7522953152656555,1e-04,0.8859807848930359,0.8731831312179565,0.8132365942001343,0.8731831312179565
527,0.8828110694885254,0.7601733207702637,1e-04,0.8828110694885254,0.8888081312179565,0.7721900939941406,0.8888081312179565
528,0.8839883804321289,0.7511408925056458,1e-04,0.8839883804321289,0.9004360437393188,0.7467719912528992,0.9004360437393188
529,0.887248694896698,0.7527291178703308,1e-04,0.887248694896698,0.8924418687820435,0.7665201425552368,0.8924418687820435
530,0.8807281255722046,0.7595667839050293,1e-04,0.8807281255722046,0.8938953280448914,0.758135974407196,0.8938953280448914
531,0.8890599608421326,0.7488919496536255,1e-04,0.8890599608421326,0.8786337375640869,0.7792432904243469,0.8786337375640869
532,0.8941314816474915,0.7428410053253174,1e-04,0.8941314816474915,0.8975290656089783,0.7505762577056885,0.8975290656089783
533,0.8886071443557739,0.7473209500312805,1e-04,0.8886071443557739,0.8550145626068115,0.8580714464187622,0.8550145626068115
534,0.8907806277275085,0.7470496892929077,1e-04,0.8907806277275085,0.882267415523529,0.7873998284339905,0.882267415523529
535,0.887248694896698,0.7534744739532471,1e-04,0.887248694896698,0.8869912624359131,0.762633204460144,0.8869912624359131
536,0.8884260058403015,0.7483899593353271,1e-04,0.8884260058403015,0.8869912624359131,0.7728555202484131,0.8869912624359131
537,0.8934069871902466,0.7417522668838501,1e-04,0.8934069871902466,0.8753633499145508,0.7906928062438965,0.8753633499145508
538,0.8870675563812256,0.7468072175979614,1e-04,0.8870675563812256,0.8931686282157898,0.7563884854316711,0.8931686282157898
539,0.8834450244903564,0.7555771470069885,1e-04,0.8834450244903564,0.8913517594337463,0.7704720497131348,0.8913517594337463
540,0.8918673992156982,0.7441357374191284,1e-04,0.8918673992156982,0.8960756063461304,0.7512951493263245,0.8960756063461304
541,0.8851657509803772,0.7474933862686157,1e-04,0.8851657509803772,0.9004360437393188,0.757874608039856,0.9004360437393188
542,0.8924108147621155,0.7433845400810242,1e-04,0.8924108147621155,0.8670058250427246,0.8215332627296448,0.8670058250427246
543,0.8882448673248291,0.753845751285553,1e-04,0.8882448673248291,0.8982558250427246,0.7435020804405212,0.8982558250427246
544,0.8882448673248291,0.7484397292137146,1e-04,0.8882448673248291,0.8884447813034058,0.7631757259368896,0.8884447813034058
545,0.8929541707038879,0.7454721927642822,1e-04,0.8929541707038879,0.8851743936538696,0.7808740139007568,0.8851743936538696
546,0.8936786651611328,0.73711097240448,1e-04,0.8936786651611328,0.8913517594337463,0.7568860650062561,0.8913517594337463
547,0.8974823355674744,0.7324138879776001,1e-04,0.8974823355674744,0.8659157156944275,0.8415549397468567,0.8659157156944275
548,0.8900561332702637,0.7453221082687378,1e-04,0.8900561332702637,0.8920784592628479,0.7599169015884399,0.8920784592628479
549,0.8882448673248291,0.7428258657455444,1e-04,0.8882448673248291,0.8898982405662537,0.7479988932609558,0.8898982405662537
550,0.8925918936729431,0.732212245464325,1e-04,0.8925918936729431,0.8804506063461304,0.7714113593101501,0.8804506063461304
551,0.8904184103012085,0.741594135761261,1e-04,0.8904184103012085,0.8869912624359131,0.7590282559394836,0.8869912624359131
552,0.8971200585365295,0.7355378866195679,1e-04,0.8971200585365295,0.8986191749572754,0.7402703762054443,0.8986191749572754
553,0.8930447101593018,0.7373051047325134,1e-04,0.8930447101593018,0.8917151093482971,0.7613917589187622,0.8917151093482971
554,0.8956710696220398,0.7298568487167358,1e-04,0.8956710696220398,0.9033430218696594,0.739062488079071,0.9033430218696594
555,0.891595721244812,0.7483962178230286,1e-04,0.891595721244812,0.8975290656089783,0.7545515298843384,0.8975290656089783
556,0.895580530166626,0.7335373163223267,1e-04,0.895580530166626,0.9000726938247681,0.7471780180931091,0.9000726938247681
557,0.8962144255638123,0.7340126037597656,1e-04,0.8962144255638123,0.8957121968269348,0.7501118779182434,0.8957121968269348
558,0.8869770169258118,0.7535189390182495,1e-04,0.8869770169258118,0.8913517594337463,0.75301194190979,0.8913517594337463
559,0.8929541707038879,0.7402843832969666,1e-04,0.8929541707038879,0.8917151093482971,0.762388288974762,0.8917151093482971
560,0.8940409421920776,0.7372319102287292,1e-04,0.8940409421920776,0.864098846912384,0.8161762952804565,0.864098846912384
561,0.8972106575965881,0.7313933968544006,1e-04,0.8972106575965881,0.8968023061752319,0.7409958243370056,0.8968023061752319
562,0.8975728750228882,0.731704592704773,1e-04,0.8975728750228882,0.8917151093482971,0.7651021480560303,0.8917151093482971
563,0.8963050246238708,0.7352190017700195,1e-04,0.8963050246238708,0.9018895626068115,0.745365560054779,0.9018895626068115
564,0.90028977394104,0.7188661098480225,1e-04,0.90028977394104,0.9044331312179565,0.7501998543739319,0.9044331312179565
565,0.8956710696220398,0.7388483285903931,1e-04,0.8956710696220398,0.8982558250427246,0.7416208386421204,0.8982558250427246
566,0.8907806277275085,0.7409961223602295,1e-04,0.8907806277275085,0.9018895626068115,0.7380534410476685,0.9018895626068115
567,0.8984785079956055,0.7267078161239624,1e-04,0.8984785079956055,0.8891715407371521,0.7784759402275085,0.8891715407371521
568,0.8946748971939087,0.7369782328605652,1e-04,0.8946748971939087,0.8982558250427246,0.7486379146575928,0.8982558250427246
569,0.9012860059738159,0.7212034463882446,1e-04,0.9012860059738159,0.8964389562606812,0.7641597390174866,0.8964389562606812
570,0.9033689498901367,0.7215328216552734,1e-04,0.9033689498901367,0.8946220874786377,0.7560228109359741,0.8946220874786377
571,0.9034594893455505,0.7209966778755188,1e-04,0.9034594893455505,0.8986191749572754,0.7652448415756226,0.8986191749572754
572,0.8936786651611328,0.7285717725753784,1e-04,0.8936786651611328,0.879723846912384,0.7918534278869629,0.879723846912384
573,0.8980256915092468,0.7245905995368958,1e-04,0.8980256915092468,0.8964389562606812,0.7540906667709351,0.8964389562606812
574,0.8976634740829468,0.7237409949302673,1e-04,0.8976634740829468,0.9044331312179565,0.7351848483085632,0.9044331312179565
575,0.9001992344856262,0.7187065482139587,1e-04,0.9001992344856262,0.9000726938247681,0.7491580247879028,0.9000726938247681
576,0.8984785079956055,0.72397780418396,1e-04,0.8984785079956055,0.8931686282157898,0.7485438585281372,0.8931686282157898
577,0.9028255939483643,0.7197297811508179,1e-04,0.9028255939483643,0.9058866500854492,0.7440656423568726,0.9058866500854492
578,0.9070820212364197,0.7092296481132507,1e-04,0.9070820212364197,0.9033430218696594,0.7400974631309509,0.9033430218696594
579,0.904274582862854,0.7112233638763428,1e-04,0.904274582862854,0.9073401093482971,0.7365385293960571,0.9073401093482971
580,0.8987502455711365,0.7233174443244934,1e-04,0.8987502455711365,0.9037063717842102,0.753796398639679,0.9037063717842102
581,0.9040029048919678,0.7130842208862305,1e-04,0.9040029048919678,0.8880813717842102,0.769254744052887,0.8880813717842102
582,0.8927730321884155,0.742186427116394,1e-04,0.8927730321884155,0.8891715407371521,0.7665032744407654,0.8891715407371521
583,0.9000180959701538,0.7235026955604553,1e-04,0.9000180959701538,0.8986191749572754,0.7465807795524597,0.8986191749572754
584,0.8970295190811157,0.7265115976333618,1e-04,0.8970295190811157,0.8739098906517029,0.7994481325149536,0.8739098906517029
585,0.8930447101593018,0.7355296015739441,1e-04,0.8930447101593018,0.8895348906517029,0.7555816173553467,0.8895348906517029
586,0.9017388224601746,0.7208518981933594,1e-04,0.9017388224601746,0.890625,0.7608563899993896,0.890625
587,0.901919960975647,0.7176994681358337,1e-04,0.901919960975647,0.8975290656089783,0.7489211559295654,0.8975290656089783
588,0.9027349948883057,0.7171722054481506,1e-04,0.9027349948883057,0.8895348906517029,0.7636032104492188,0.8895348906517029
589,0.9044557213783264,0.7172064185142517,1e-04,0.9044557213783264,0.8993459343910217,0.7491961717605591,0.8993459343910217
590,0.8978446125984192,0.7217102646827698,1e-04,0.8978446125984192,0.9018895626068115,0.7311294078826904,0.9018895626068115
591,0.9046368598937988,0.707858681678772,1e-04,0.9046368598937988,0.9029796719551086,0.7342475652694702,0.9029796719551086
592,0.9068103432655334,0.7075982689857483,1e-04,0.9068103432655334,0.8920784592628479,0.7773541212081909,0.8920784592628479
593,0.895308792591095,0.7233327031135559,1e-04,0.895308792591095,0.8975290656089783,0.7665964961051941,0.8975290656089783
594,0.9109762907028198,0.7031525373458862,1e-04,0.9109762907028198,0.9007993936538696,0.749703049659729,0.9007993936538696
595,0.9030066728591919,0.7163007855415344,1e-04,0.9030066728591919,0.8982558250427246,0.7546889781951904,0.8982558250427246
596,0.9015576839447021,0.7149059176445007,1e-04,0.9015576839447021,0.8960756063461304,0.7463968992233276,0.8960756063461304
597,0.9021916389465332,0.7212508320808411,1e-04,0.9021916389465332,0.9051598906517029,0.7263393998146057,0.9051598906517029
598,0.9018293619155884,0.7164645195007324,1e-04,0.9018293619155884,0.9153342843055725,0.7360740303993225,0.9153342843055725
599,0.8987502455711365,0.7203201651573181,1e-04,0.8987502455711365,0.9033430218696594,0.7466394305229187,0.9033430218696594
600,0.9035500884056091,0.7176473140716553,1e-04,0.9035500884056091,0.8891715407371521,0.7700778245925903,0.8891715407371521
601,0.9078971147537231,0.7019413709640503,1e-04,0.9078971147537231,0.8949854373931885,0.7446279525756836,0.8949854373931885
602,0.9049990773200989,0.7120168805122375,1e-04,0.9049990773200989,0.898982584476471,0.749783992767334,0.898982584476471
603,0.9037312269210815,0.712591290473938,1e-04,0.9037312269210815,0.8862645626068115,0.7640684247016907,0.8862645626068115
604,0.9087122082710266,0.697950005531311,1e-04,0.9087122082710266,0.9040697813034058,0.7543901801109314,0.9040697813034058
605,0.9078971147537231,0.708461582660675,1e-04,0.9078971147537231,0.8982558250427246,0.7484245300292969,0.8982558250427246
606,0.9047273993492126,0.7084453105926514,1e-04,0.9047273993492126,0.8884447813034058,0.7604858875274658,0.8884447813034058
607,0.909980058670044,0.7034567594528198,1e-04,0.909980058670044,0.898982584476471,0.7446884512901306,0.898982584476471
608,0.9061763882637024,0.7042415142059326,1e-04,0.9061763882637024,0.9069767594337463,0.7328493595123291,0.9069767594337463
609,0.9070820212364197,0.7061266303062439,1e-04,0.9070820212364197,0.9040697813034058,0.7457382678985596,0.9040697813034058
610,0.9153233170509338,0.6910246014595032,1e-04,0.9153233170509338,0.9077034592628479,0.7488273978233337,0.9077034592628479
611,0.9049990773200989,0.7110499143600464,1e-04,0.9049990773200989,0.9087936282157898,0.7372295260429382,0.9087936282157898
612,0.9119724631309509,0.6975082755088806,1e-04,0.9119724631309509,0.9022529125213623,0.751253604888916,0.9022529125213623
613,0.9052707552909851,0.7054135203361511,1e-04,0.9052707552909851,0.9018895626068115,0.7355680465698242,0.9018895626068115
614,0.9089838862419128,0.7044544816017151,1e-04,0.9089838862419128,0.8938953280448914,0.7569655776023865,0.8938953280448914
615,0.9093461036682129,0.698964536190033,1e-04,0.9093461036682129,0.8866279125213623,0.7743654251098633,0.8866279125213623
616,0.9030066728591919,0.7204597592353821,1e-04,0.9030066728591919,0.8964389562606812,0.743726372718811,0.8964389562606812
617,0.9116101861000061,0.6942687034606934,1e-04,0.9116101861000061,0.8855378031730652,0.7729139924049377,0.8855378031730652
618,0.9080782532691956,0.6959589719772339,1e-04,0.9080782532691956,0.898982584476471,0.7557957768440247,0.898982584476471
619,0.9110668301582336,0.6967724561691284,1e-04,0.9110668301582336,0.8993459343910217,0.7673475742340088,0.8993459343910217
620,0.907987654209137,0.7035160660743713,1e-04,0.907987654209137,0.8909883499145508,0.7617140412330627,0.8909883499145508
621,0.9113385081291199,0.6938382387161255,1e-04,0.9113385081291199,0.8851743936538696,0.7936046719551086,0.8851743936538696
622,0.9098895192146301,0.7011356353759766,1e-04,0.9098895192146301,0.8993459343910217,0.7575223445892334,0.8993459343910217
623,0.9053613543510437,0.7053802013397217,1e-04,0.9053613543510437,0.8913517594337463,0.7754364013671875,0.8913517594337463
624,0.9177685379981995,0.6860787868499756,1e-04,0.9177685379981995,0.8986191749572754,0.7593765258789062,0.8986191749572754
625,0.9115196466445923,0.6916085481643677,1e-04,0.9115196466445923,0.9044331312179565,0.752819836139679,0.9044331312179565
626,0.9101611971855164,0.6984536051750183,1e-04,0.9101611971855164,0.879723846912384,0.7932450175285339,0.879723846912384
627,0.9092555642127991,0.6966823935508728,1e-04,0.9092555642127991,0.9084302186965942,0.7405501008033752,0.9084302186965942
628,0.9059953093528748,0.7060844898223877,1e-04,0.9059953093528748,0.8848110437393188,0.7642511129379272,0.8848110437393188
629,0.916953444480896,0.6887650489807129,1e-04,0.916953444480896,0.910973846912384,0.7285839319229126,0.910973846912384
630,0.9119724631309509,0.6923867464065552,1e-04,0.9119724631309509,0.9051598906517029,0.7480741739273071,0.9051598906517029
631,0.9092555642127991,0.6928799152374268,1e-04,0.9092555642127991,0.9011628031730652,0.742458701133728,0.9011628031730652
632,0.9101611971855164,0.6969917416572571,1e-04,0.9101611971855164,0.9073401093482971,0.7355860471725464,0.9073401093482971
633,0.9122441411018372,0.6882541179656982,1e-04,0.9122441411018372,0.8735465407371521,0.8333387970924377,0.8735465407371521
634,0.9156855344772339,0.689852774143219,1e-04,0.9156855344772339,0.859375,0.870993971824646,0.859375
635,0.9043651223182678,0.709809422492981,1e-04,0.9043651223182678,0.8986191749572754,0.7562107443809509,0.8986191749572754
636,0.9150516390800476,0.6833887696266174,1e-04,0.9150516390800476,0.8913517594337463,0.8152745962142944,0.8913517594337463
637,0.9103423357009888,0.6983898878097534,1e-04,0.9103423357009888,0.8789970874786377,0.808102548122406,0.8789970874786377
638,0.9104328751564026,0.6988723278045654,1e-04,0.9104328751564026,0.898982584476471,0.7366798520088196,0.898982584476471
639,0.9064481258392334,0.7031367421150208,1e-04,0.9064481258392334,0.8946220874786377,0.7642750144004822,0.8946220874786377
640,0.9155949950218201,0.687416672706604,1e-04,0.9155949950218201,0.9040697813034058,0.7602638602256775,0.9040697813034058
641,0.9128780961036682,0.6898928284645081,1e-04,0.9128780961036682,0.895348846912384,0.7603636384010315,0.895348846912384
642,0.906900942325592,0.7005214095115662,1e-04,0.906900942325592,0.9026162624359131,0.7519778609275818,0.9026162624359131
643,0.9150516390800476,0.6863405704498291,1e-04,0.9150516390800476,0.885901153087616,0.7897593379020691,0.885901153087616
644,0.916953444480896,0.6817241907119751,1e-04,0.916953444480896,0.8888081312179565,0.8015090823173523,0.8888081312179565
645,0.9161383509635925,0.6837092041969299,1e-04,0.9161383509635925,0.9026162624359131,0.7363831996917725,0.9026162624359131
646,0.921572208404541,0.6740807890892029,1e-04,0.921572208404541,0.8931686282157898,0.769848108291626,0.8931686282157898
647,0.92130047082901,0.6754303574562073,1e-04,0.92130047082901,0.9022529125213623,0.7692651152610779,0.9022529125213623
648,0.9137837290763855,0.6885474324226379,1e-04,0.9137837290763855,0.9080668687820435,0.725068211555481,0.9080668687820435
649,0.914327085018158,0.6899824142456055,1e-04,0.914327085018158,0.9011628031730652,0.7511740326881409,0.9011628031730652
650,0.9226589202880859,0.6697511076927185,1e-04,0.9226589202880859,0.8946220874786377,0.7715186476707458,0.8946220874786377
651,0.9165006279945374,0.6786240935325623,1e-04,0.9165006279945374,0.8975290656089783,0.7708598375320435,0.8975290656089783
652,0.9191269874572754,0.6788566708564758,1e-04,0.9191269874572754,0.9026162624359131,0.7557723522186279,0.9026162624359131
653,0.9165911674499512,0.6825670003890991,1e-04,0.9165911674499512,0.8997092843055725,0.764575183391571,0.8997092843055725
654,0.9160478115081787,0.6784123778343201,1e-04,0.9160478115081787,0.901526153087616,0.7603809237480164,0.901526153087616
655,0.9184024930000305,0.6793152689933777,1e-04,0.9184024930000305,0.8920784592628479,0.7816975712776184,0.8920784592628479
656,0.914961040019989,0.6876415014266968,1e-04,0.914961040019989,0.9022529125213623,0.7386987209320068,0.9022529125213623
657,0.9159572720527649,0.676232635974884,1e-04,0.9159572720527649,0.8949854373931885,0.7666789889335632,0.8949854373931885
658,0.9257380962371826,0.6704720854759216,1e-04,0.9257380962371826,0.9007993936538696,0.7453333139419556,0.9007993936538696
659,0.9126969575881958,0.6810105443000793,1e-04,0.9126969575881958,0.9080668687820435,0.732064962387085,0.9080668687820435
660,0.9116101861000061,0.6879369020462036,1e-04,0.9116101861000061,0.9095203280448914,0.7233190536499023,0.9095203280448914
661,0.9227495193481445,0.6697229146957397,1e-04,0.9227495193481445,0.9095203280448914,0.7310603260993958,0.9095203280448914
662,0.9182213544845581,0.6788686513900757,1e-04,0.9182213544845581,0.8837209343910217,0.8063423037528992,0.8837209343910217
663,0.9203042984008789,0.6723259687423706,1e-04,0.9203042984008789,0.8982558250427246,0.7656570076942444,0.8982558250427246
664,0.9196703433990479,0.6703681945800781,1e-04,0.9196703433990479,0.9026162624359131,0.7404131293296814,0.9026162624359131
665,0.919579803943634,0.6730296611785889,1e-04,0.919579803943634,0.8829941749572754,0.8234513998031616,0.8829941749572754
666,0.9166817665100098,0.6793471574783325,1e-04,0.9166817665100098,0.9117006063461304,0.7420297861099243,0.9117006063461304
667,0.9179496765136719,0.6853981614112854,1e-04,0.9179496765136719,0.9098837375640869,0.7344171404838562,0.9098837375640869
668,0.9194892048835754,0.6746257543563843,1e-04,0.9194892048835754,0.9044331312179565,0.7428892850875854,0.9044331312179565
669,0.9218438863754272,0.6670556664466858,1e-04,0.9218438863754272,0.9077034592628479,0.7432901263237,0.9077034592628479
670,0.9211193919181824,0.6700248718261719,1e-04,0.9211193919181824,0.882267415523529,0.8107924461364746,0.882267415523529
671,0.9171345829963684,0.6747103929519653,1e-04,0.9171345829963684,0.9055232405662537,0.7466565370559692,0.9055232405662537
672,0.9178590774536133,0.6762327551841736,1e-04,0.9178590774536133,0.8731831312179565,0.800006091594696,0.8731831312179565
673,0.92130047082901,0.6730920672416687,1e-04,0.92130047082901,0.9077034592628479,0.7437122464179993,0.9077034592628479
674,0.9237456917762756,0.6631667017936707,1e-04,0.9237456917762756,0.8877180218696594,0.791954755783081,0.8877180218696594
675,0.9210287928581238,0.6704255938529968,1e-04,0.9210287928581238,0.8938953280448914,0.7747626900672913,0.8938953280448914
676,0.9228400588035583,0.6676027178764343,1e-04,0.9228400588035583,0.9033430218696594,0.7779667973518372,0.9033430218696594
677,0.9165006279945374,0.678290069103241,1e-04,0.9165006279945374,0.9077034592628479,0.7498248815536499,0.9077034592628479
678,0.9171345829963684,0.6725168228149414,1e-04,0.9171345829963684,0.8851743936538696,0.8022803664207458,0.8851743936538696
679,0.9241985082626343,0.662987232208252,1e-04,0.9241985082626343,0.9124273061752319,0.7366070747375488,0.9124273061752319
680,0.9197609424591064,0.6678675413131714,1e-04,0.9197609424591064,0.9018895626068115,0.7657381296157837,0.9018895626068115
681,0.9267342686653137,0.6537628769874573,1e-04,0.9267342686653137,0.8993459343910217,0.7625575661659241,0.8993459343910217
682,0.9246513247489929,0.6648133993148804,1e-04,0.9246513247489929,0.8935319781303406,0.7596288323402405,0.8935319781303406
683,0.9190363883972168,0.671051025390625,1e-04,0.9190363883972168,0.8815407156944275,0.8048091530799866,0.8815407156944275
684,0.9249230027198792,0.6571837067604065,1e-04,0.9249230027198792,0.9066133499145508,0.7517521977424622,0.9066133499145508
685,0.9208476543426514,0.6669782996177673,1e-04,0.9208476543426514,0.9098837375640869,0.7279027104377747,0.9098837375640869
686,0.9261003732681274,0.6595913171768188,1e-04,0.9261003732681274,0.8710029125213623,0.8372986316680908,0.8710029125213623
687,0.921572208404541,0.6695431470870972,1e-04,0.921572208404541,0.8815407156944275,0.8234233260154724,0.8815407156944275
688,0.927277684211731,0.6587541699409485,1e-04,0.927277684211731,0.9098837375640869,0.733907163143158,0.9098837375640869
689,0.9243796467781067,0.6627227067947388,1e-04,0.9243796467781067,0.8837209343910217,0.8092435598373413,0.8837209343910217
690,0.9225683808326721,0.6624349355697632,1e-04,0.9225683808326721,0.9127907156944275,0.7348830699920654,0.9127907156944275
691,0.9237456917762756,0.6545833945274353,1e-04,0.9237456917762756,0.8957121968269348,0.7546139359474182,0.8957121968269348
692,0.9233834743499756,0.6606876254081726,1e-04,0.9233834743499756,0.8829941749572754,0.8054415583610535,0.8829941749572754
693,0.9243796467781067,0.6618903279304504,1e-04,0.9243796467781067,0.9106104373931885,0.7203270792961121,0.9106104373931885
694,0.9257586598396301,0.6579959988594055,1e-04,0.9257586598396301,0.9080668687820435,0.7290849089622498,0.9080668687820435
695,0.9216627478599548,0.6641038060188293,1e-04,0.9216627478599548,0.9087936282157898,0.7477972507476807,0.9087936282157898
696,0.9246513247489929,0.6630141735076904,1e-04,0.9246513247489929,0.9058866500854492,0.7365955114364624,0.9058866500854492
697,0.9248324632644653,0.6603263020515442,1e-04,0.9248324632644653,0.9069767594337463,0.7478763461112976,0.9069767594337463
698,0.9241079688072205,0.6605321168899536,1e-04,0.9241079688072205,0.9077034592628479,0.7353695034980774,0.9077034592628479
699,0.9288172721862793,0.6471915245056152,1e-04,0.9288172721862793,0.90625,0.7421383857727051,0.90625
700,0.9234740138053894,0.6643537282943726,1e-04,0.9234740138053894,0.8343023061752319,0.9257570505142212,0.8343023061752319
701,0.9242891073226929,0.6665679216384888,1e-04,0.9242891073226929,0.9095203280448914,0.7313392758369446,0.9095203280448914
702,0.9247419238090515,0.6613415479660034,1e-04,0.9247419238090515,0.8837209343910217,0.7924209237098694,0.8837209343910217
703,0.9268248677253723,0.6596338152885437,1e-04,0.9268248677253723,0.8938953280448914,0.7938957810401917,0.8938953280448914
704,0.9238362908363342,0.6597529649734497,1e-04,0.9238362908363342,0.9044331312179565,0.7384493947029114,0.9044331312179565
705,0.9280927181243896,0.6532825827598572,1e-04,0.9280927181243896,0.8920784592628479,0.7878835797309875,0.8920784592628479
706,0.9261003732681274,0.6589142084121704,1e-04,0.9261003732681274,0.8920784592628479,0.7786151170730591,0.8920784592628479
707,0.9249230027198792,0.6636016368865967,1e-04,0.9249230027198792,0.9098837375640869,0.725043773651123,0.9098837375640869
708,0.929632306098938,0.654704213142395,1e-04,0.929632306098938,0.9051598906517029,0.7596130967140198,0.9051598906517029
709,0.9309002161026001,0.641736626625061,1e-04,0.9309002161026001,0.9047965407371521,0.7667228579521179,0.9047965407371521
710,0.9250136017799377,0.661241352558136,1e-04,0.9250136017799377,0.9018895626068115,0.7589191198348999,0.9018895626068115
711,0.9213910698890686,0.661726176738739,1e-04,0.9213910698890686,0.9095203280448914,0.735680341720581,0.9095203280448914
712,0.9261909127235413,0.6536936163902283,1e-04,0.9261909127235413,0.9113371968269348,0.7382071018218994,0.9113371968269348
713,0.9207571148872375,0.6658874154090881,1e-04,0.9207571148872375,0.9051598906517029,0.7684268355369568,0.9051598906517029
714,0.9258286356925964,0.6577470302581787,1e-04,0.9258286356925964,0.9087936282157898,0.7385901808738708,0.9087936282157898
715,0.9222967028617859,0.6592810153961182,1e-04,0.9222967028617859,0.8877180218696594,0.7929028272628784,0.8877180218696594
716,0.9240173697471619,0.6607022881507874,1e-04,0.9240173697471619,0.8993459343910217,0.7784280180931091,0.8993459343910217
717,0.9299945831298828,0.646288275718689,1e-04,0.9299945831298828,0.897892415523529,0.7484995722770691,0.897892415523529
718,0.927277684211731,0.6502351760864258,1e-04,0.927277684211731,0.9073401093482971,0.7396730184555054,0.9073401093482971
719,0.9317152500152588,0.64225172996521,1e-04,0.9317152500152588,0.8997092843055725,0.7569910883903503,0.8997092843055725
720,0.9241985082626343,0.6593451499938965,1e-04,0.9241985082626343,0.90625,0.7347432374954224,0.90625
721,0.927639901638031,0.6534760594367981,1e-04,0.927639901638031,0.8986191749572754,0.779205858707428,0.8986191749572754
722,0.9267342686653137,0.6523515582084656,1e-04,0.9267342686653137,0.9113371968269348,0.7320548295974731,0.9113371968269348
723,0.930266261100769,0.645453929901123,1e-04,0.930266261100769,0.9098837375640869,0.741644024848938,0.9098837375640869
724,0.9264625906944275,0.6545412540435791,1e-04,0.9264625906944275,0.9066133499145508,0.7634605765342712,0.9066133499145508
725,0.9314435720443726,0.6397729516029358,1e-04,0.9314435720443726,0.9164243936538696,0.7195159792900085,0.9164243936538696
726,0.9270060062408447,0.6537999510765076,1e-04,0.9270060062408447,0.8986191749572754,0.7901924252510071,0.8986191749572754
727,0.9289078116416931,0.651740550994873,1e-04,0.9289078116416931,0.8938953280448914,0.7869123220443726,0.8938953280448914
728,0.9260097742080688,0.6505611538887024,1e-04,0.9260097742080688,0.9029796719551086,0.7591999173164368,0.9029796719551086
729,0.9305379390716553,0.644376277923584,1e-04,0.9305379390716553,0.9026162624359131,0.7473999857902527,0.9026162624359131
730,0.9273682236671448,0.6464726328849792,1e-04,0.9273682236671448,0.90625,0.7707961201667786,0.90625
731,0.9315341711044312,0.6426790952682495,1e-04,0.9315341711044312,0.9073401093482971,0.7597327828407288,0.9073401093482971
732,0.9353377819061279,0.6398329734802246,1e-04,0.9353377819061279,0.9073401093482971,0.743934154510498,0.9073401093482971
733,0.9319869875907898,0.6478236317634583,1e-04,0.9319869875907898,0.9127907156944275,0.7367608547210693,0.9127907156944275
734,0.9318058490753174,0.641139805316925,1e-04,0.9318058490753174,0.90625,0.7631252408027649,0.90625
735,0.9324398040771484,0.6466307044029236,1e-04,0.9324398040771484,0.9098837375640869,0.7269396185874939,0.9098837375640869
736,0.9334359765052795,0.6432362198829651,1e-04,0.9334359765052795,0.9037063717842102,0.7554114460945129,0.9037063717842102
737,0.933617115020752,0.6373084187507629,1e-04,0.933617115020752,0.9091569781303406,0.7449462413787842,0.9091569781303406
738,0.930266261100769,0.6451697945594788,1e-04,0.930266261100769,0.9044331312179565,0.759274959564209,0.9044331312179565
739,0.930266261100769,0.6408168077468872,1e-04,0.930266261100769,0.8938953280448914,0.7922309041023254,0.8938953280448914
740,0.927639901638031,0.6543259620666504,1e-04,0.927639901638031,0.9018895626068115,0.7599400281906128,0.9018895626068115
741,0.9320775270462036,0.6357760429382324,1e-04,0.9320775270462036,0.9117006063461304,0.7305306792259216,0.9117006063461304
742,0.9350661039352417,0.6375067830085754,1e-04,0.9350661039352417,0.8844476938247681,0.8309822082519531,0.8844476938247681
743,0.9304473996162415,0.6456857323646545,1e-04,0.9304473996162415,0.9131540656089783,0.7332971692085266,0.9131540656089783
744,0.9321680665016174,0.6402589082717896,1e-04,0.9321680665016174,0.9055232405662537,0.7689241766929626,0.9055232405662537
745,0.9306285381317139,0.6388440132141113,1e-04,0.9306285381317139,0.8942587375640869,0.805873692035675,0.8942587375640869
746,0.931624710559845,0.6460146903991699,1e-04,0.931624710559845,0.9044331312179565,0.7468675971031189,0.9044331312179565
747,0.9329831600189209,0.634209394454956,1e-04,0.9329831600189209,0.9033430218696594,0.773071825504303,0.9033430218696594
748,0.9266437292098999,0.6481343507766724,1e-04,0.9266437292098999,0.9004360437393188,0.7459626197814941,0.9004360437393188
749,0.9345227479934692,0.6348106265068054,1e-04,0.9345227479934692,0.9142441749572754,0.7216486930847168,0.9142441749572754
750,0.93660569190979,0.6316373944282532,1e-04,0.93660569190979,0.914607584476471,0.7458982467651367,0.914607584476471
751,0.9334359765052795,0.6379510164260864,1e-04,0.9334359765052795,0.9080668687820435,0.7572648525238037,0.9080668687820435
752,0.933617115020752,0.6399843096733093,1e-04,0.933617115020752,0.9051598906517029,0.7559975981712341,0.9051598906517029
753,0.9314435720443726,0.6437997817993164,1e-04,0.9314435720443726,0.9077034592628479,0.7313127517700195,0.9077034592628479
754,0.9357905983924866,0.6267952919006348,1e-04,0.9357905983924866,0.8960756063461304,0.8096044063568115,0.8960756063461304
755,0.9298134446144104,0.643933892250061,1e-04,0.9298134446144104,0.9073401093482971,0.7492759823799133,0.9073401093482971
756,0.9358811974525452,0.6306738257408142,1e-04,0.9358811974525452,0.913517415523529,0.7450358271598816,0.913517415523529
757,0.9351567029953003,0.627249538898468,1e-04,0.9351567029953003,0.9138808250427246,0.759036123752594,0.9138808250427246
758,0.9353377819061279,0.6343108415603638,1e-04,0.9353377819061279,0.9142441749572754,0.742397129535675,0.9142441749572754
759,0.933617115020752,0.6352085471153259,1e-04,0.933617115020752,0.9164243936538696,0.7206296920776367,0.9164243936538696
760,0.9353377819061279,0.6309000253677368,1e-04,0.9353377819061279,0.8949854373931885,0.8098081350326538,0.8949854373931885
761,0.9352472424507141,0.6375709772109985,1e-04,0.9352472424507141,0.9117006063461304,0.7157444357872009,0.9117006063461304
762,0.93660569190979,0.6241925358772278,1e-04,0.93660569190979,0.9011628031730652,0.7760938405990601,0.9011628031730652
763,0.9377830028533936,0.6319471597671509,1e-04,0.9377830028533936,0.9051598906517029,0.7459399104118347,0.9051598906517029
764,0.9369679689407349,0.6307820081710815,1e-04,0.9369679689407349,0.9044331312179565,0.7773668169975281,0.9044331312179565
765,0.9344321489334106,0.6341790556907654,1e-04,0.9344321489334106,0.9029796719551086,0.756283700466156,0.9029796719551086
766,0.9347944259643555,0.6340757012367249,1e-04,0.9347944259643555,0.9149709343910217,0.7270227074623108,0.9149709343910217
767,0.9414961338043213,0.6207417249679565,1e-04,0.9414961338043213,0.9091569781303406,0.7304048538208008,0.9091569781303406
768,0.9308096170425415,0.6407848000526428,1e-04,0.9308096170425415,0.9138808250427246,0.7674299478530884,0.9138808250427246
769,0.9367868304252625,0.6334854364395142,1e-04,0.9367868304252625,0.917151153087616,0.7602914571762085,0.917151153087616
770,0.9331642985343933,0.6286728382110596,1e-04,0.9331642985343933,0.9102470874786377,0.7465315461158752,0.9102470874786377
771,0.9376018643379211,0.6231422424316406,1e-04,0.9376018643379211,0.910973846912384,0.7429630756378174,0.910973846912384
772,0.9404093623161316,0.6181442141532898,1e-04,0.9404093623161316,0.9156976938247681,0.7327775955200195,0.9156976938247681
773,0.9356095194816589,0.630112886428833,1e-04,0.9356095194816589,0.910973846912384,0.7339101433753967,0.910973846912384
774,0.9347038865089417,0.6277817487716675,1e-04,0.9347038865089417,0.9153342843055725,0.7542426586151123,0.9153342843055725
775,0.9375113248825073,0.6293161511421204,1e-04,0.9375113248825073,0.9058866500854492,0.7317773699760437,0.9058866500854492
776,0.9377830028533936,0.6260731220245361,1e-04,0.9377830028533936,0.913517415523529,0.7220194339752197,0.913517415523529
777,0.9372396469116211,0.6304083466529846,1e-04,0.9372396469116211,0.9091569781303406,0.7442781329154968,0.9091569781303406
778,0.9340699315071106,0.633120059967041,1e-04,0.9340699315071106,0.9051598906517029,0.7519062161445618,0.9051598906517029
779,0.9393225908279419,0.620169997215271,1e-04,0.9393225908279419,0.8986191749572754,0.7894206643104553,0.8986191749572754
780,0.9381452798843384,0.6289554238319397,1e-04,0.9381452798843384,0.910973846912384,0.7255645990371704,0.910973846912384
781,0.9343416094779968,0.6305668950080872,1e-04,0.9343416094779968,0.9087936282157898,0.7382091283798218,0.9087936282157898
782,0.9361528754234314,0.6286629438400269,1e-04,0.9361528754234314,0.9175145626068115,0.7337073087692261,0.9175145626068115
783,0.9395037293434143,0.6175195574760437,1e-04,0.9395037293434143,0.9102470874786377,0.7402636408805847,0.9102470874786377
784,0.9348849654197693,0.6298908591270447,1e-04,0.9348849654197693,0.8844476938247681,0.805662214756012,0.8844476938247681
785,0.9361528754234314,0.6289833784103394,1e-04,0.9361528754234314,0.9200581312179565,0.724716067314148,0.9200581312179565
786,0.9308096170425415,0.6400396823883057,1e-04,0.9308096170425415,0.9164243936538696,0.7246845960617065,0.9164243936538696
787,0.9400470852851868,0.6147835850715637,1e-04,0.9400470852851868,0.9160610437393188,0.7402883768081665,0.9160610437393188
788,0.9395942687988281,0.6198362112045288,1e-04,0.9395942687988281,0.9102470874786377,0.7543216347694397,0.9102470874786377
789,0.9401376843452454,0.6210984587669373,1e-04,0.9401376843452454,0.9091569781303406,0.7389468550682068,0.9091569781303406
790,0.9372396469116211,0.619211733341217,1e-04,0.9372396469116211,0.9018895626068115,0.7810805439949036,0.9018895626068115
791,0.940952718257904,0.619065523147583,1e-04,0.940952718257904,0.9142441749572754,0.7370233535766602,0.9142441749572754
792,0.939956545829773,0.6171520352363586,1e-04,0.939956545829773,0.9098837375640869,0.748894989490509,0.9098837375640869
793,0.9350661039352417,0.6295872926712036,1e-04,0.9350661039352417,0.8913517594337463,0.8205083608627319,0.8913517594337463
794,0.9335265159606934,0.6430740356445312,1e-04,0.9335265159606934,0.9066133499145508,0.7445746064186096,0.9066133499145508
795,0.9357000589370728,0.6258030533790588,1e-04,0.9357000589370728,0.9124273061752319,0.7239574790000916,0.9124273061752319
796,0.9393225908279419,0.6199871897697449,1e-04,0.9393225908279419,0.921875,0.7191802859306335,0.921875
797,0.9413149952888489,0.6161401271820068,1e-04,0.9413149952888489,0.9040697813034058,0.785376250743866,0.9040697813034058
798,0.9401376843452454,0.6166574954986572,1e-04,0.9401376843452454,0.9098837375640869,0.7400917410850525,0.9098837375640869
799,0.9417678117752075,0.6170040965080261,1e-04,0.9417678117752075,0.898982584476471,0.7602858543395996,0.898982584476471
800,0.9422206282615662,0.6133044362068176,1e-04,0.9422206282615662,0.9182412624359131,0.7373411655426025,0.9182412624359131
801,0.9418583512306213,0.6130358576774597,1e-04,0.9418583512306213,0.9124273061752319,0.7343215942382812,0.9124273061752319
802,0.939956545829773,0.6180903315544128,1e-04,0.939956545829773,0.9073401093482971,0.7304331660270691,0.9073401093482971
803,0.9374207854270935,0.6170793175697327,1e-04,0.9374207854270935,0.9211482405662537,0.7468980550765991,0.9211482405662537
804,0.9357905983924866,0.6277352571487427,1e-04,0.9357905983924866,0.9102470874786377,0.7493957877159119,0.9102470874786377
805,0.9390509128570557,0.6183319091796875,1e-04,0.9390509128570557,0.9080668687820435,0.7579351663589478,0.9080668687820435
806,0.9373301863670349,0.6197360157966614,1e-04,0.9373301863670349,0.9127907156944275,0.7481776475906372,0.9127907156944275
807,0.9367868304252625,0.6239975094795227,1e-04,0.9367868304252625,0.9113371968269348,0.7320150136947632,0.9113371968269348
808,0.9432168006896973,0.61327064037323,1e-04,0.9432168006896973,0.914607584476471,0.7527875900268555,0.914607584476471
809,0.9418583512306213,0.6084886193275452,1e-04,0.9418583512306213,0.9215116500854492,0.7147145867347717,0.9215116500854492
810,0.9411338567733765,0.6178005337715149,1e-04,0.9411338567733765,0.8869912624359131,0.8078410029411316,0.8869912624359131
811,0.9404999017715454,0.6158890128135681,1e-04,0.9404999017715454,0.9117006063461304,0.7486305236816406,0.9117006063461304
812,0.9450280666351318,0.6052960753440857,1e-04,0.9450280666351318,0.9226017594337463,0.730542778968811,0.9226017594337463
813,0.9419489502906799,0.6124264597892761,1e-04,0.9419489502906799,0.9044331312179565,0.752133309841156,0.9044331312179565
814,0.9422206282615662,0.6118087768554688,1e-04,0.9422206282615662,0.9178779125213623,0.7278690338134766,0.9178779125213623
815,0.940590500831604,0.6146934032440186,1e-04,0.940590500831604,0.9084302186965942,0.7501213550567627,0.9084302186965942
816,0.9427639842033386,0.6080097556114197,1e-04,0.9427639842033386,0.9236918687820435,0.7206704616546631,0.9236918687820435
817,0.9446658492088318,0.6080435514450073,1e-04,0.9446658492088318,0.9098837375640869,0.7522775530815125,0.9098837375640869
818,0.9368773698806763,0.6235805749893188,1e-04,0.9368773698806763,0.8844476938247681,0.8035541772842407,0.8844476938247681
819,0.9420394897460938,0.6154658198356628,1e-04,0.9420394897460938,0.90625,0.7379716634750366,0.90625
820,0.94231116771698,0.6100664138793945,1e-04,0.94231116771698,0.9196947813034058,0.7263123393058777,0.9196947813034058
821,0.9410433173179626,0.6168637871742249,1e-04,0.9410433173179626,0.9120639562606812,0.7220867276191711,0.9120639562606812
822,0.9447563886642456,0.6082594990730286,1e-04,0.9447563886642456,0.8898982405662537,0.8058249950408936,0.8898982405662537
823,0.9402282238006592,0.6134021282196045,1e-04,0.9402282238006592,0.914607584476471,0.7431782484054565,0.914607584476471
824,0.9425828456878662,0.60946124792099,1e-04,0.9425828456878662,0.9044331312179565,0.7405800223350525,0.9044331312179565
825,0.9382358193397522,0.623038649559021,1e-04,0.9382358193397522,0.9091569781303406,0.7234178781509399,0.9091569781303406
826,0.944303572177887,0.6034632921218872,1e-04,0.944303572177887,0.9156976938247681,0.7531734704971313,0.9156976938247681
827,0.9414961338043213,0.6069195866584778,1e-04,0.9414961338043213,0.8993459343910217,0.7658196091651917,0.8993459343910217
828,0.9412243962287903,0.6122372150421143,1e-04,0.9412243962287903,0.8993459343910217,0.7604390382766724,0.8993459343910217
829,0.9426734447479248,0.6094297170639038,1e-04,0.9426734447479248,0.9156976938247681,0.7300112247467041,0.9156976938247681
830,0.9350661039352417,0.6254819631576538,1e-04,0.9350661039352417,0.9131540656089783,0.748745322227478,0.9131540656089783
831,0.9426734447479248,0.6072245836257935,1e-04,0.9426734447479248,0.9106104373931885,0.769843339920044,0.9106104373931885
832,0.9414055347442627,0.608745276927948,1e-04,0.9414055347442627,0.9087936282157898,0.7537857890129089,0.9087936282157898
833,0.944303572177887,0.6000719666481018,1e-04,0.944303572177887,0.9156976938247681,0.7610335946083069,0.9156976938247681
834,0.9430356621742249,0.6087020039558411,1e-04,0.9430356621742249,0.9215116500854492,0.7346412539482117,0.9215116500854492
835,0.9464771151542664,0.6009294986724854,1e-04,0.9464771151542664,0.9164243936538696,0.7407010793685913,0.9164243936538696
836,0.9468393325805664,0.6018726825714111,1e-04,0.9468393325805664,0.9207848906517029,0.7154335379600525,0.9207848906517029
837,0.9414055347442627,0.6150239109992981,1e-04,0.9414055347442627,0.9182412624359131,0.7121596932411194,0.9182412624359131
838,0.9434884786605835,0.6018980145454407,1e-04,0.9434884786605835,0.913517415523529,0.7323095202445984,0.913517415523529
839,0.9432168006896973,0.6090144515037537,1e-04,0.9432168006896973,0.9022529125213623,0.7711016535758972,0.9022529125213623
840,0.9411338567733765,0.610410749912262,1e-04,0.9411338567733765,0.9131540656089783,0.750067412853241,0.9131540656089783
841,0.9414961338043213,0.6105633974075317,1e-04,0.9414961338043213,0.895348846912384,0.8000712990760803,0.895348846912384
842,0.9447563886642456,0.6029948592185974,1e-04,0.9447563886642456,0.9149709343910217,0.7329352498054504,0.9149709343910217
843,0.9464771151542664,0.6026818752288818,1e-04,0.9464771151542664,0.9142441749572754,0.7109758853912354,0.9142441749572754
844,0.9463865160942078,0.5995584726333618,1e-04,0.9463865160942078,0.9142441749572754,0.7487066388130188,0.9142441749572754
845,0.9435790777206421,0.6094480156898499,1e-04,0.9435790777206421,0.9055232405662537,0.7429451942443848,0.9055232405662537
846,0.9453903436660767,0.6006883978843689,1e-04,0.9453903436660767,0.8844476938247681,0.8244296908378601,0.8844476938247681
847,0.940952718257904,0.6094970703125,1e-04,0.940952718257904,0.9186046719551086,0.7242985963821411,0.9186046719551086
848,0.944937527179718,0.6006380915641785,1e-04,0.944937527179718,0.9138808250427246,0.730383038520813,0.9138808250427246
849,0.946658194065094,0.599502444267273,1e-04,0.946658194065094,0.898982584476471,0.7832320332527161,0.898982584476471
850,0.9499185085296631,0.5943589210510254,1e-04,0.9499185085296631,0.9186046719551086,0.7252945303916931,0.9186046719551086
851,0.9436696171760559,0.6076979637145996,1e-04,0.9436696171760559,0.9131540656089783,0.7233065962791443,0.9131540656089783
852,0.942945122718811,0.6023487448692322,1e-04,0.942945122718811,0.9011628031730652,0.7821046710014343,0.9011628031730652
853,0.946295976638794,0.6006028056144714,1e-04,0.946295976638794,0.9215116500854492,0.7084481120109558,0.9215116500854492
854,0.9439412951469421,0.6038391590118408,1e-04,0.9439412951469421,0.9113371968269348,0.7426173686981201,0.9113371968269348
855,0.947292149066925,0.5987737774848938,1e-04,0.947292149066925,0.914607584476471,0.7282755374908447,0.914607584476471
856,0.9479261040687561,0.5940616726875305,1e-04,0.9479261040687561,0.9149709343910217,0.7298433780670166,0.9149709343910217
857,0.9474732875823975,0.5996808409690857,1e-04,0.9474732875823975,0.913517415523529,0.7481850981712341,0.913517415523529
858,0.9450280666351318,0.6035031080245972,1e-04,0.9450280666351318,0.9058866500854492,0.7626674771308899,0.9058866500854492
859,0.949284553527832,0.5937673449516296,1e-04,0.949284553527832,0.9073401093482971,0.7553291916847229,0.9073401093482971
860,0.9451186656951904,0.6007117629051208,1e-04,0.9451186656951904,0.898982584476471,0.7782874703407288,0.898982584476471
861,0.9450280666351318,0.6014484763145447,1e-04,0.9450280666351318,0.9069767594337463,0.7524359822273254,0.9069767594337463
862,0.9447563886642456,0.5997006297111511,1e-04,0.9447563886642456,0.9175145626068115,0.7364377975463867,0.9175145626068115
863,0.9440318942070007,0.6056762933731079,1e-04,0.9440318942070007,0.9113371968269348,0.740397036075592,0.9113371968269348
864,0.946658194065094,0.5955555438995361,1e-04,0.946658194065094,0.9127907156944275,0.7139416337013245,0.9127907156944275
865,0.9395037293434143,0.6176196336746216,1e-04,0.9395037293434143,0.9142441749572754,0.7446454167366028,0.9142441749572754
866,0.9437602162361145,0.6043614149093628,1e-04,0.9437602162361145,0.9178779125213623,0.7093608975410461,0.9178779125213623
867,0.9531787633895874,0.5848054885864258,1e-04,0.9531787633895874,0.9167878031730652,0.7498629093170166,0.9167878031730652
868,0.9464771151542664,0.6019772887229919,1e-04,0.9464771151542664,0.913517415523529,0.73296719789505,0.913517415523529
869,0.9505524635314941,0.5909488797187805,1e-04,0.9505524635314941,0.9182412624359131,0.7193741202354431,0.9182412624359131
870,0.9495562314987183,0.5888055562973022,1e-04,0.9495562314987183,0.9011628031730652,0.7920323610305786,0.9011628031730652
871,0.9458431601524353,0.5988162755966187,1e-04,0.9458431601524353,0.901526153087616,0.789700984954834,0.901526153087616
872,0.9526354074478149,0.5851748585700989,1e-04,0.9526354074478149,0.9167878031730652,0.7420737147331238,0.9167878031730652
873,0.9491940140724182,0.5895906090736389,1e-04,0.9491940140724182,0.9091569781303406,0.7368777394294739,0.9091569781303406
874,0.9484694600105286,0.596645176410675,1e-04,0.9484694600105286,0.9196947813034058,0.7231488227844238,0.9196947813034058
875,0.9456620216369629,0.6014618277549744,1e-04,0.9456620216369629,0.9226017594337463,0.7171699404716492,0.9226017594337463
876,0.9481977820396423,0.5890039801597595,1e-04,0.9481977820396423,0.9196947813034058,0.7127702236175537,0.9196947813034058
877,0.9477449655532837,0.5961254239082336,1e-04,0.9477449655532837,0.9131540656089783,0.7751295566558838,0.9131540656089783
878,0.9482883810997009,0.5929030179977417,1e-04,0.9482883810997009,0.9113371968269348,0.7440746426582336,0.9113371968269348
879,0.9459336996078491,0.5995831489562988,1e-04,0.9459336996078491,0.9051598906517029,0.7465223073959351,0.9051598906517029
880,0.9523637294769287,0.5832020044326782,1e-04,0.9523637294769287,0.910973846912384,0.7619495987892151,0.910973846912384
881,0.9487411975860596,0.5884650349617004,1e-04,0.9487411975860596,0.9193313717842102,0.7440896034240723,0.9193313717842102
882,0.9468393325805664,0.5966571569442749,1e-04,0.9468393325805664,0.9186046719551086,0.721281886100769,0.9186046719551086
883,0.9472016096115112,0.6001035571098328,1e-04,0.9472016096115112,0.9164243936538696,0.730878472328186,0.9164243936538696
884,0.9502807259559631,0.5890513062477112,1e-04,0.9502807259559631,0.9149709343910217,0.7298868894577026,0.9149709343910217
885,0.9475638270378113,0.5991200804710388,1e-04,0.9475638270378113,0.9113371968269348,0.740212082862854,0.9113371968269348
886,0.9504618644714355,0.5858801603317261,1e-04,0.9504618644714355,0.9182412624359131,0.7264893054962158,0.9182412624359131
887,0.9552617073059082,0.5794310569763184,1e-04,0.9552617073059082,0.901526153087616,0.773644745349884,0.901526153087616
888,0.9479261040687561,0.5962757468223572,1e-04,0.9479261040687561,0.9095203280448914,0.747428297996521,0.9095203280448914
889,0.9458431601524353,0.6012657880783081,1e-04,0.9458431601524353,0.910973846912384,0.7588822841644287,0.910973846912384
890,0.9464771151542664,0.5968388319015503,1e-04,0.9464771151542664,0.9131540656089783,0.7419593930244446,0.9131540656089783
891,0.9502807259559631,0.5934937000274658,1e-04,0.9502807259559631,0.9153342843055725,0.7212947607040405,0.9153342843055725
892,0.9484694600105286,0.5915245413780212,1e-04,0.9484694600105286,0.9095203280448914,0.7459295392036438,0.9095203280448914
893,0.9509146809577942,0.583930492401123,1e-04,0.9509146809577942,0.9095203280448914,0.7497660517692566,0.9095203280448914
894,0.9493750929832458,0.5930748581886292,1e-04,0.9493750929832458,0.9120639562606812,0.73829185962677,0.9120639562606812
895,0.954990029335022,0.5771735310554504,1e-04,0.954990029335022,0.9080668687820435,0.7572906017303467,0.9080668687820435
896,0.9513674974441528,0.5885565876960754,1e-04,0.9513674974441528,0.9091569781303406,0.7589102387428284,0.9091569781303406
897,0.9458431601524353,0.599276602268219,1e-04,0.9458431601524353,0.9113371968269348,0.7403535842895508,0.9113371968269348
898,0.9513674974441528,0.5860573649406433,1e-04,0.9513674974441528,0.914607584476471,0.7550003528594971,0.914607584476471
899,0.9501901865005493,0.5891532301902771,1e-04,0.9501901865005493,0.9207848906517029,0.7519996762275696,0.9207848906517029
900,0.9494656920433044,0.588354766368866,1e-04,0.9494656920433044,0.9204215407371521,0.72933030128479,0.9204215407371521
901,0.9500996470451355,0.587760329246521,1e-04,0.9500996470451355,0.9196947813034058,0.7474396228790283,0.9196947813034058
902,0.9503713250160217,0.5862048864364624,1e-04,0.9503713250160217,0.9058866500854492,0.8225286602973938,0.9058866500854492
903,0.9508241415023804,0.5883169770240784,1e-04,0.9508241415023804,0.9200581312179565,0.7139388918876648,0.9200581312179565
904,0.9510958194732666,0.5851373076438904,1e-04,0.9510958194732666,0.9040697813034058,0.7778420448303223,0.9040697813034058
905,0.9515486359596252,0.5828121900558472,1e-04,0.9515486359596252,0.9240552186965942,0.7339911460876465,0.9240552186965942
906,0.9507335424423218,0.5853793621063232,1e-04,0.9507335424423218,0.9160610437393188,0.7626460790634155,0.9160610437393188
907,0.9515486359596252,0.5840433835983276,1e-04,0.9515486359596252,0.9120639562606812,0.7417187094688416,0.9120639562606812
908,0.9518203139305115,0.5834416747093201,1e-04,0.9518203139305115,0.9196947813034058,0.7388485074043274,0.9196947813034058
909,0.951276957988739,0.5827386379241943,1e-04,0.951276957988739,0.9182412624359131,0.728724479675293,0.9182412624359131
910,0.9518203139305115,0.581057608127594,1e-04,0.9518203139305115,0.9117006063461304,0.7744348049163818,0.9117006063461304
911,0.9515486359596252,0.5803729295730591,1e-04,0.9515486359596252,0.914607584476471,0.7531858682632446,0.914607584476471
912,0.9491940140724182,0.586314857006073,1e-04,0.9491940140724182,0.9211482405662537,0.7104816436767578,0.9211482405662537
913,0.9493750929832458,0.5870903134346008,1e-04,0.9493750929832458,0.9189680218696594,0.7156192064285278,0.9189680218696594
914,0.956982433795929,0.5762727856636047,1e-04,0.956982433795929,0.9102470874786377,0.7732919454574585,0.9102470874786377
915,0.9484694600105286,0.5902263522148132,1e-04,0.9484694600105286,0.9106104373931885,0.773632824420929,0.9106104373931885
916,0.9488317370414734,0.5895103216171265,1e-04,0.9488317370414734,0.910973846912384,0.738277792930603,0.910973846912384
917,0.9527259469032288,0.5789952874183655,1e-04,0.9527259469032288,0.9189680218696594,0.751677393913269,0.9189680218696594
918,0.9514580965042114,0.5827723145484924,1e-04,0.9514580965042114,0.9073401093482971,0.7350683212280273,0.9073401093482971
919,0.9539938569068909,0.5779778957366943,1e-04,0.9539938569068909,0.9095203280448914,0.7624075412750244,0.9095203280448914
920,0.9540843963623047,0.5746079683303833,1e-04,0.9540843963623047,0.910973846912384,0.8103241920471191,0.910973846912384
921,0.951276957988739,0.5886675119400024,1e-04,0.951276957988739,0.9156976938247681,0.7497382164001465,0.9156976938247681
922,0.9533599019050598,0.5762661695480347,1e-04,0.9533599019050598,0.9037063717842102,0.7748264074325562,0.9037063717842102
923,0.9559862613677979,0.5726645588874817,1e-04,0.9559862613677979,0.9211482405662537,0.7577091455459595,0.9211482405662537
924,0.9515486359596252,0.5826030969619751,1e-04,0.9515486359596252,0.9255087375640869,0.7143433690071106,0.9255087375640869
925,0.9558956623077393,0.572014331817627,1e-04,0.9558956623077393,0.9215116500854492,0.7276173830032349,0.9215116500854492
926,0.9496468305587769,0.5811428427696228,1e-04,0.9496468305587769,0.9204215407371521,0.7437297701835632,0.9204215407371521
927,0.9543560743331909,0.5772939920425415,1e-04,0.9543560743331909,0.9091569781303406,0.757631778717041,0.9091569781303406
928,0.9513674974441528,0.586210310459137,1e-04,0.9513674974441528,0.9058866500854492,0.8026390075683594,0.9058866500854492
929,0.9538127183914185,0.5786181092262268,1e-04,0.9538127183914185,0.9167878031730652,0.7380138635635376,0.9167878031730652
930,0.9534504413604736,0.5794830918312073,1e-04,0.9534504413604736,0.9156976938247681,0.7495067715644836,0.9156976938247681
931,0.9562579393386841,0.5748165249824524,1e-04,0.9562579393386841,0.910973846912384,0.7796711325645447,0.910973846912384
932,0.9557145237922668,0.57503342628479,1e-04,0.9557145237922668,0.9186046719551086,0.7338831424713135,0.9186046719551086
933,0.9575257897377014,0.5734522342681885,1e-04,0.9575257897377014,0.9098837375640869,0.7607100605964661,0.9098837375640869
934,0.9564390778541565,0.5715464949607849,1e-04,0.9564390778541565,0.9236918687820435,0.7259203195571899,0.9236918687820435
935,0.9540843963623047,0.5740324258804321,1e-04,0.9540843963623047,0.9077034592628479,0.7741533517837524,0.9077034592628479
936,0.9544466733932495,0.5766608715057373,1e-04,0.9544466733932495,0.9193313717842102,0.7243117094039917,0.9193313717842102
937,0.9555334448814392,0.5781404972076416,1e-04,0.9555334448814392,0.9207848906517029,0.7452572584152222,0.9207848906517029
938,0.9557145237922668,0.5729970335960388,1e-04,0.9557145237922668,0.9160610437393188,0.7590275406837463,0.9160610437393188
939,0.9567107558250427,0.5701559782028198,1e-04,0.9567107558250427,0.9149709343910217,0.7469542026519775,0.9149709343910217
940,0.954990029335022,0.5757601857185364,1e-04,0.954990029335022,0.8993459343910217,0.8315433263778687,0.8993459343910217
941,0.9573447108268738,0.575822651386261,1e-04,0.9573447108268738,0.9149709343910217,0.7448332905769348,0.9149709343910217
942,0.9554428458213806,0.5736953616142273,1e-04,0.9554428458213806,0.9153342843055725,0.7223564982414246,0.9153342843055725
943,0.9575257897377014,0.5634162425994873,1e-04,0.9575257897377014,0.9047965407371521,0.7921853065490723,0.9047965407371521
944,0.9583408832550049,0.5691810846328735,1e-04,0.9583408832550049,0.9055232405662537,0.7555409073829651,0.9055232405662537
945,0.9542655348777771,0.5789013504981995,1e-04,0.9542655348777771,0.9131540656089783,0.7298842668533325,0.9131540656089783
946,0.9534504413604736,0.5735081434249878,1e-04,0.9534504413604736,0.8848110437393188,0.8615695238113403,0.8848110437393188
947,0.9551711678504944,0.5750857591629028,1e-04,0.9551711678504944,0.9120639562606812,0.7442291378974915,0.9120639562606812
948,0.9537221789360046,0.5777738094329834,1e-04,0.9537221789360046,0.9113371968269348,0.777804434299469,0.9113371968269348
949,0.9552617073059082,0.5711861848831177,1e-04,0.9552617073059082,0.9124273061752319,0.7493523955345154,0.9124273061752319
950,0.9519109129905701,0.582287609577179,1e-04,0.9519109129905701,0.9175145626068115,0.7362027168273926,0.9175145626068115
951,0.9550806283950806,0.5696073174476624,1e-04,0.9550806283950806,0.9004360437393188,0.844582736492157,0.9004360437393188
952,0.9547183513641357,0.5742179751396179,1e-04,0.9547183513641357,0.9149709343910217,0.738520085811615,0.9149709343910217
953,0.9587936997413635,0.5693269968032837,1e-04,0.9587936997413635,0.926598846912384,0.7573127150535583,0.926598846912384
954,0.9562579393386841,0.5705969929695129,1e-04,0.9562579393386841,0.9215116500854492,0.7522773742675781,0.9215116500854492
955,0.9568012952804565,0.5723238587379456,1e-04,0.9568012952804565,0.9196947813034058,0.7410082817077637,0.9196947813034058
956,0.9525448083877563,0.5765269994735718,1e-04,0.9525448083877563,0.9098837375640869,0.7676365971565247,0.9098837375640869
957,0.9575257897377014,0.564885139465332,1e-04,0.9575257897377014,0.9182412624359131,0.7518156170845032,0.9182412624359131
958,0.9595181941986084,0.5638548731803894,1e-04,0.9595181941986084,0.9091569781303406,0.7744080424308777,0.9091569781303406
959,0.954990029335022,0.5701535940170288,1e-04,0.954990029335022,0.9204215407371521,0.7231999039649963,0.9204215407371521
960,0.9587936997413635,0.5678502917289734,1e-04,0.9587936997413635,0.913517415523529,0.7765239477157593,0.913517415523529
961,0.9564390778541565,0.5721936821937561,1e-04,0.9564390778541565,0.9222383499145508,0.7212603688240051,0.9222383499145508
962,0.9587031602859497,0.5648664236068726,1e-04,0.9587031602859497,0.9153342843055725,0.775887131690979,0.9153342843055725
963,0.9605144262313843,0.5597914457321167,1e-04,0.9605144262313843,0.9124273061752319,0.7676198482513428,0.9124273061752319
964,0.9568918943405151,0.5695757269859314,1e-04,0.9568918943405151,0.9044331312179565,0.7741479277610779,0.9044331312179565
965,0.9568012952804565,0.5651127696037292,1e-04,0.9568012952804565,0.9160610437393188,0.7592365145683289,0.9160610437393188
966,0.9577069282531738,0.5649933218955994,1e-04,0.9577069282531738,0.9040697813034058,0.7796002626419067,0.9040697813034058
967,0.9563484787940979,0.5727061629295349,1e-04,0.9563484787940979,0.9182412624359131,0.7565169334411621,0.9182412624359131
968,0.9570729732513428,0.563326358795166,1e-04,0.9570729732513428,0.9175145626068115,0.7211093306541443,0.9175145626068115
969,0.9572541117668152,0.5665706396102905,1e-04,0.9572541117668152,0.913517415523529,0.7500741481781006,0.913517415523529
970,0.9591559767723083,0.5626629590988159,1e-04,0.9591559767723083,0.9124273061752319,0.7330693006515503,0.9124273061752319
971,0.9574352502822876,0.5690547227859497,1e-04,0.9574352502822876,0.9091569781303406,0.7904625535011292,0.9091569781303406
972,0.9572541117668152,0.5681232810020447,1e-04,0.9572541117668152,0.9153342843055725,0.7416805624961853,0.9153342843055725
973,0.9567107558250427,0.5675140619277954,1e-04,0.9567107558250427,0.921875,0.7596580982208252,0.921875
974,0.9592465162277222,0.5629441142082214,1e-04,0.9592465162277222,0.9189680218696594,0.7599859237670898,0.9189680218696594
975,0.9565296173095703,0.5679234266281128,1e-04,0.9565296173095703,0.917151153087616,0.7607608437538147,0.917151153087616
976,0.9585220217704773,0.5642166137695312,1e-04,0.9585220217704773,0.9186046719551086,0.7389877438545227,0.9186046719551086
977,0.9608766436576843,0.5579388737678528,1e-04,0.9608766436576843,0.9047965407371521,0.781920850276947,0.9047965407371521
978,0.9604238271713257,0.55973881483078,1e-04,0.9604238271713257,0.9204215407371521,0.7346019148826599,0.9204215407371521
979,0.9575257897377014,0.5655702352523804,1e-04,0.9575257897377014,0.9240552186965942,0.7495771646499634,0.9240552186965942
980,0.959608793258667,0.5652374029159546,1e-04,0.959608793258667,0.9186046719551086,0.7442353963851929,0.9186046719551086
981,0.9535410404205322,0.5788891911506653,1e-04,0.9535410404205322,0.9106104373931885,0.7835451364517212,0.9106104373931885
982,0.9558956623077393,0.5655993819236755,1e-04,0.9558956623077393,0.913517415523529,0.749871015548706,0.913517415523529
983,0.9621445536613464,0.5554906129837036,1e-04,0.9621445536613464,0.9102470874786377,0.7946174144744873,0.9102470874786377
984,0.9561673402786255,0.5647199749946594,1e-04,0.9561673402786255,0.9193313717842102,0.760464072227478,0.9193313717842102
985,0.9575257897377014,0.5647681355476379,1e-04,0.9575257897377014,0.9091569781303406,0.739759624004364,0.9091569781303406
986,0.954990029335022,0.5697802901268005,1e-04,0.954990029335022,0.8942587375640869,0.7962219715118408,0.8942587375640869
987,0.9617822766304016,0.5545044541358948,1e-04,0.9617822766304016,0.9138808250427246,0.762622594833374,0.9138808250427246
988,0.9543560743331909,0.5757606029510498,1e-04,0.9543560743331909,0.8938953280448914,0.811047375202179,0.8938953280448914
989,0.961329460144043,0.5603636503219604,1e-04,0.961329460144043,0.9211482405662537,0.7420064806938171,0.9211482405662537
990,0.9581597447395325,0.5667582154273987,1e-04,0.9581597447395325,0.9102470874786377,0.759462833404541,0.9102470874786377
991,0.9574352502822876,0.5702758431434631,1e-04,0.9574352502822876,0.9044331312179565,0.7725458145141602,0.9044331312179565
992,0.9588842391967773,0.5641713738441467,1e-04,0.9588842391967773,0.9117006063461304,0.765590488910675,0.9117006063461304
993,0.9574352502822876,0.5643824338912964,1e-04,0.9574352502822876,0.9167878031730652,0.7446196675300598,0.9167878031730652
994,0.9557145237922668,0.5688115358352661,1e-04,0.9557145237922668,0.9142441749572754,0.7313232421875,0.9142441749572754
995,0.9603332877159119,0.5600602030754089,1e-04,0.9603332877159119,0.8971657156944275,0.8280854225158691,0.8971657156944275
996,0.9573447108268738,0.565607488155365,1e-04,0.9573447108268738,0.8993459343910217,0.7989485263824463,0.8993459343910217
997,0.9550806283950806,0.5652517676353455,1e-04,0.9550806283950806,0.9051598906517029,0.8025014400482178,0.9051598906517029
998,0.9605144262313843,0.5596120357513428,1e-04,0.9605144262313843,0.9091569781303406,0.7867134213447571,0.9091569781303406
999,0.9604238271713257,0.5570122003555298,1e-04,0.9604238271713257,0.914607584476471,0.7846214175224304,0.914607584476471
1000,0.9627785086631775,0.5562750101089478,1e-04,0.9627785086631775,0.9182412624359131,0.7446747422218323,0.9182412624359131
1001,0.9623256921768188,0.5538939833641052,1e-04,0.9623256921768188,0.9120639562606812,0.7919591069221497,0.9120639562606812
1002,0.961329460144043,0.5555292367935181,1e-04,0.961329460144043,0.9175145626068115,0.7738169431686401,0.9175145626068115
1003,0.9601521492004395,0.5622480511665344,1e-04,0.9601521492004395,0.9138808250427246,0.7681244015693665,0.9138808250427246
1004,0.9588842391967773,0.5638755559921265,1e-04,0.9588842391967773,0.914607584476471,0.7936031222343445,0.914607584476471
1005,0.961963415145874,0.5502318739891052,1e-04,0.961963415145874,0.9098837375640869,0.8222472667694092,0.9098837375640869
1006,0.9596993327140808,0.5583159327507019,1e-04,0.9596993327140808,0.9120639562606812,0.7643945217132568,0.9120639562606812
1007,0.9583408832550049,0.5611308217048645,1e-04,0.9583408832550049,0.9113371968269348,0.7873270511627197,0.9113371968269348
1008,0.9612389206886292,0.5582979321479797,1e-04,0.9612389206886292,0.9029796719551086,0.8431518077850342,0.9029796719551086
1009,0.961329460144043,0.5599203109741211,1e-04,0.961329460144043,0.9113371968269348,0.7496652007102966,0.9113371968269348
1010,0.9627785086631775,0.547232985496521,1e-04,0.9627785086631775,0.913517415523529,0.836696207523346,0.913517415523529
1011,0.9592465162277222,0.5575074553489685,1e-04,0.9592465162277222,0.9113371968269348,0.798187255859375,0.9113371968269348
1012,0.9611483216285706,0.5538999438285828,1e-04,0.9611483216285706,0.9142441749572754,0.7671568989753723,0.9142441749572754
1013,0.9603332877159119,0.5550728440284729,1e-04,0.9603332877159119,0.910973846912384,0.8318668007850647,0.910973846912384
1014,0.959971010684967,0.5532341599464417,1e-04,0.959971010684967,0.8968023061752319,0.8539204001426697,0.8968023061752319
1015,0.9606049656867981,0.5582807064056396,1e-04,0.9606049656867981,0.8957121968269348,0.865813672542572,0.8957121968269348
1016,0.9578880667686462,0.5606005787849426,1e-04,0.9578880667686462,0.9044331312179565,0.8354036211967468,0.9044331312179565
1017,0.9616917371749878,0.5530537962913513,1e-04,0.9616917371749878,0.9131540656089783,0.7602737545967102,0.9131540656089783
1018,0.9606955051422119,0.5555475354194641,1e-04,0.9606955051422119,0.8938953280448914,0.8218297958374023,0.8938953280448914
1019,0.9598804712295532,0.5610796809196472,1e-04,0.9598804712295532,0.9080668687820435,0.8012413382530212,0.9080668687820435
1020,0.9602426886558533,0.5563600659370422,1e-04,0.9602426886558533,0.9066133499145508,0.7770134806632996,0.9066133499145508
1021,0.9653142690658569,0.5476976633071899,1e-04,0.9653142690658569,0.9215116500854492,0.7797301411628723,0.9215116500854492
1022,0.9579786062240601,0.5637762546539307,1e-04,0.9579786062240601,0.9193313717842102,0.7585557699203491,0.9193313717842102
1023,0.9602426886558533,0.5572316646575928,1e-04,0.9602426886558533,0.9044331312179565,0.8128647804260254,0.9044331312179565
1024,0.9597898721694946,0.5583888292312622,1e-04,0.9597898721694946,0.9160610437393188,0.7831123471260071,0.9160610437393188
1025,0.9590653777122498,0.5581470727920532,1e-04,0.9590653777122498,0.9204215407371521,0.7471795082092285,0.9204215407371521
1026,0.9590653777122498,0.557182252407074,1e-04,0.9590653777122498,0.9077034592628479,0.792780339717865,0.9077034592628479
1027,0.9583408832550049,0.5596863627433777,1e-04,0.9583408832550049,0.9058866500854492,0.7684842348098755,0.9058866500854492
1028,0.9582503437995911,0.5585334300994873,1e-04,0.9582503437995911,0.9087936282157898,0.7977380156517029,0.9087936282157898
1029,0.9623256921768188,0.5557708740234375,1e-04,0.9623256921768188,0.9000726938247681,0.793000340461731,0.9000726938247681
1030,0.961329460144043,0.5517413020133972,1e-04,0.961329460144043,0.9026162624359131,0.8421255350112915,0.9026162624359131
1031,0.9595181941986084,0.5584501028060913,1e-04,0.9595181941986084,0.9120639562606812,0.7629667520523071,0.9120639562606812
1032,0.961963415145874,0.5528154969215393,1e-04,0.961963415145874,0.9196947813034058,0.7958426475524902,0.9196947813034058
1033,0.9571635723114014,0.5605524182319641,1e-04,0.9571635723114014,0.9077034592628479,0.7706502079963684,0.9077034592628479
1034,0.9629595875740051,0.5502965450286865,1e-04,0.9629595875740051,0.9149709343910217,0.7684516906738281,0.9149709343910217
1035,0.9625973701477051,0.5529695153236389,1e-04,0.9625973701477051,0.9160610437393188,0.765255868434906,0.9160610437393188
1036,0.9638652205467224,0.5474801659584045,1e-04,0.9638652205467224,0.9084302186965942,0.7577371001243591,0.9084302186965942
1037,0.9620539546012878,0.552241325378418,1e-04,0.9620539546012878,0.9149709343910217,0.7866782546043396,0.9149709343910217
1038,0.9646803140640259,0.5453893542289734,1e-04,0.9646803140640259,0.9102470874786377,0.7609769105911255,0.9102470874786377
1039,0.9617822766304016,0.554496705532074,1e-04,0.9617822766304016,0.8920784592628479,0.8612006306648254,0.8920784592628479
1040,0.9567107558250427,0.5640867352485657,1e-04,0.9567107558250427,0.917151153087616,0.7467539310455322,0.917151153087616
1041,0.966130793094635,0.5413432121276855,1e-04,0.966130793094635,0.9073401093482971,0.8347465395927429,0.9073401093482971
1042,0.9617822766304016,0.5516070127487183,1e-04,0.9617822766304016,0.914607584476471,0.7687129378318787,0.914607584476471
1043,0.9622350931167603,0.5488065481185913,1e-04,0.9622350931167603,0.9131540656089783,0.7729939222335815,0.9131540656089783
1044,0.9558051228523254,0.5707457065582275,1e-04,0.9558051228523254,0.9102470874786377,0.7853339314460754,0.9102470874786377
1045,0.9652236700057983,0.54155433177948,1e-04,0.9652236700057983,0.9091569781303406,0.7936637997627258,0.9091569781303406
1046,0.9638652205467224,0.5455089211463928,1e-04,0.9638652205467224,0.9200581312179565,0.7698624134063721,0.9200581312179565
1047,0.9598804712295532,0.5563511848449707,1e-04,0.9598804712295532,0.9091569781303406,0.8182225823402405,0.9091569781303406
1048,0.9625973701477051,0.5514839291572571,1e-04,0.9625973701477051,0.9084302186965942,0.8034133911132812,0.9084302186965942
1049,0.963955819606781,0.547888457775116,1e-04,0.963955819606781,0.9080668687820435,0.7919614315032959,0.9080668687820435
1050,0.9615105986595154,0.5548784136772156,1e-04,0.9615105986595154,0.9124273061752319,0.7628580927848816,0.9124273061752319
1051,0.9598804712295532,0.5522509813308716,1e-04,0.9598804712295532,0.9211482405662537,0.7552399039268494,0.9211482405662537
1052,0.9609672427177429,0.5507382750511169,1e-04,0.9609672427177429,0.917151153087616,0.7358694076538086,0.917151153087616
1053,0.9672160744667053,0.5393097996711731,1e-04,0.9672160744667053,0.9236918687820435,0.7547828555107117,0.9236918687820435
1054,0.9634124040603638,0.5476003289222717,1e-04,0.9634124040603638,0.8902616500854492,0.8571471571922302,0.8902616500854492
1055,0.9614200592041016,0.5528409481048584,1e-04,0.9614200592041016,0.9124273061752319,0.795319139957428,0.9124273061752319
1056,0.9674877524375916,0.5386523604393005,1e-04,0.9674877524375916,0.9131540656089783,0.7520318031311035,0.9131540656089783
1057,0.96332186460495,0.5459995865821838,1e-04,0.96332186460495,0.9091569781303406,0.8086326718330383,0.9091569781303406
1058,0.9600616097450256,0.5529466867446899,1e-04,0.9600616097450256,0.9215116500854492,0.7707505226135254,0.9215116500854492
1059,0.963955819606781,0.5416277050971985,1e-04,0.963955819606781,0.9167878031730652,0.7843044996261597,0.9167878031730652
1060,0.9635030031204224,0.5485276579856873,1e-04,0.9635030031204224,0.9240552186965942,0.7620993256568909,0.9240552186965942
1061,0.9668538570404053,0.5366078019142151,1e-04,0.9668538570404053,0.9178779125213623,0.7831469774246216,0.9178779125213623
1062,0.9654954075813293,0.5436059832572937,1e-04,0.9654954075813293,0.9164243936538696,0.8062282204627991,0.9164243936538696
1063,0.9664010405540466,0.5428961515426636,1e-04,0.9664010405540466,0.9156976938247681,0.7740142941474915,0.9156976938247681
1064,0.9629595875740051,0.5462376475334167,1e-04,0.9629595875740051,0.914607584476471,0.8253169655799866,0.914607584476471
1065,0.96332186460495,0.5461715459823608,1e-04,0.96332186460495,0.9040697813034058,0.8434693813323975,0.9040697813034058
1066,0.9528165459632874,0.5763461589813232,1e-04,0.9528165459632874,0.9211482405662537,0.7459084391593933,0.9211482405662537
1067,0.9592465162277222,0.5543423891067505,1e-04,0.9592465162277222,0.9189680218696594,0.7386961579322815,0.9189680218696594
1068,0.9647708535194397,0.541488766670227,1e-04,0.9647708535194397,0.9095203280448914,0.816561758518219,0.9095203280448914
1069,0.9654048085212708,0.5440707802772522,1e-04,0.9654048085212708,0.9204215407371521,0.7943800091743469,0.9204215407371521
1070,0.9631407260894775,0.5440770387649536,1e-04,0.9631407260894775,0.9080668687820435,0.8183679580688477,0.9080668687820435
1071,0.9677594900131226,0.5423347353935242,1e-04,0.9677594900131226,0.9117006063461304,0.7687599062919617,0.9117006063461304
1072,0.9644086360931396,0.54486083984375,1e-04,0.9644086360931396,0.9095203280448914,0.7727566957473755,0.9095203280448914
1073,0.9635935425758362,0.5418945550918579,1e-04,0.9635935425758362,0.9102470874786377,0.7841235995292664,0.9102470874786377
1074,0.967668890953064,0.5357717871665955,1e-04,0.967668890953064,0.9084302186965942,0.818473219871521,0.9084302186965942
1075,0.9647708535194397,0.5430799722671509,1e-04,0.9647708535194397,0.9153342843055725,0.7911304235458374,0.9153342843055725
1076,0.9657670855522156,0.5451114773750305,1e-04,0.9657670855522156,0.9193313717842102,0.780669629573822,0.9193313717842102
1077,0.9637746810913086,0.5443772673606873,1e-04,0.9637746810913086,0.9098837375640869,0.8279114365577698,0.9098837375640869
1078,0.9641369581222534,0.5438130497932434,1e-04,0.9641369581222534,0.9193313717842102,0.7864924669265747,0.9193313717842102
1079,0.9653142690658569,0.5422805547714233,1e-04,0.9653142690658569,0.9244186282157898,0.7679860591888428,0.9244186282157898
1080,0.9652236700057983,0.5392491817474365,1e-04,0.9652236700057983,0.9153342843055725,0.8266639113426208,0.9153342843055725
1081,0.9652236700057983,0.5431435704231262,1e-04,0.9652236700057983,0.9095203280448914,0.8030349612236023,0.9095203280448914
1082,0.9674877524375916,0.5375570058822632,1e-04,0.9674877524375916,0.910973846912384,0.8190857768058777,0.910973846912384
1083,0.9667632579803467,0.538905680179596,1e-04,0.9667632579803467,0.9211482405662537,0.7692816853523254,0.9211482405662537
1084,0.8862524628639221,0.7327561378479004,1e-04,0.8862524628639221,0.9142441749572754,0.7417778372764587,0.9142441749572754
1085,0.9561673402786255,0.5646553039550781,1e-04,0.9561673402786255,0.9022529125213623,0.8473632335662842,0.9022529125213623
1086,0.9628690481185913,0.5469522476196289,1e-04,0.9628690481185913,0.9131540656089783,0.7590541243553162,0.9131540656089783
1087,0.9606049656867981,0.5509969592094421,1e-04,0.9606049656867981,0.9193313717842102,0.77738356590271,0.9193313717842102
1088,0.9632313251495361,0.5498350262641907,1e-04,0.9632313251495361,0.9007993936538696,0.879159688949585,0.9007993936538696
1089,0.9602426886558533,0.5532424449920654,1e-04,0.9602426886558533,0.9167878031730652,0.7741279006004333,0.9167878031730652
1090,0.9653142690658569,0.5415836572647095,1e-04,0.9653142690658569,0.9117006063461304,0.7999709248542786,0.9117006063461304
1091,0.9644991755485535,0.5431796908378601,1e-04,0.9644991755485535,0.9178779125213623,0.8412626385688782,0.9178779125213623
1092,0.9660387635231018,0.5415766835212708,1e-04,0.9660387635231018,0.9236918687820435,0.7556228637695312,0.9236918687820435
1093,0.9644991755485535,0.5378056168556213,1e-04,0.9644991755485535,0.914607584476471,0.771847128868103,0.914607584476471
1094,0.9679405689239502,0.5381413698196411,1e-04,0.9679405689239502,0.9066133499145508,0.7983900308609009,0.9066133499145508
1095,0.9628690481185913,0.5476571917533875,1e-04,0.9628690481185913,0.921875,0.7688814401626587,0.921875
1096,0.9666727185249329,0.5372267961502075,1e-04,0.9666727185249329,0.9262354373931885,0.7723953723907471,0.9262354373931885
1097,0.9644991755485535,0.5411514043807983,1e-04,0.9644991755485535,0.9229651093482971,0.7866745591163635,0.9229651093482971
1098,0.9631407260894775,0.5456380844116211,1e-04,0.9631407260894775,0.9077034592628479,0.7802186012268066,0.9077034592628479
1099,0.9627785086631775,0.5460489988327026,1e-04,0.9627785086631775,0.9226017594337463,0.7461262345314026,0.9226017594337463
1100,0.9641369581222534,0.545428454875946,1e-04,0.9641369581222534,0.9204215407371521,0.7576375603675842,0.9204215407371521
1101,0.9670349359512329,0.5352769494056702,1e-04,0.9670349359512329,0.9080668687820435,0.8043674230575562,0.9080668687820435
1102,0.9642274975776672,0.543472945690155,1e-04,0.9642274975776672,0.9200581312179565,0.7621294260025024,0.9200581312179565
1103,0.965948224067688,0.5379402041435242,1e-04,0.965948224067688,0.9131540656089783,0.7778819799423218,0.9131540656089783
1104,0.9685745239257812,0.5329076647758484,1e-04,0.9685745239257812,0.9098837375640869,0.7825855612754822,0.9098837375640869
1105,0.9665821194648743,0.5378314256668091,1e-04,0.9665821194648743,0.9117006063461304,0.815491259098053,0.9117006063461304
1106,0.9657670855522156,0.5385596752166748,1e-04,0.9657670855522156,0.9098837375640869,0.792878270149231,0.9098837375640869
1107,0.9678500294685364,0.5328503251075745,1e-04,0.9678500294685364,0.910973846912384,0.8018977046012878,0.910973846912384
1108,0.9693896174430847,0.5336146354675293,1e-04,0.9693896174430847,0.9142441749572754,0.7560787796974182,0.9142441749572754
1109,0.9673972129821777,0.5369449853897095,1e-04,0.9673972129821777,0.9124273061752319,0.7651394009590149,0.9124273061752319
1110,0.9653142690658569,0.5418965220451355,1e-04,0.9653142690658569,0.9193313717842102,0.7401386499404907,0.9193313717842102
1111,0.9623256921768188,0.5438529253005981,1e-04,0.9623256921768188,0.9117006063461304,0.8356103897094727,0.9117006063461304
1112,0.9657670855522156,0.5347976088523865,1e-04,0.9657670855522156,0.9207848906517029,0.749784529209137,0.9207848906517029
1113,0.9664010405540466,0.5357236266136169,1e-04,0.9664010405540466,0.9182412624359131,0.7515740394592285,0.9182412624359131
1114,0.9654048085212708,0.5380893349647522,1e-04,0.9654048085212708,0.9160610437393188,0.7922419905662537,0.9160610437393188
1115,0.9671255350112915,0.5342163443565369,1e-04,0.9671255350112915,0.9077034592628479,0.7952666878700256,0.9077034592628479
1116,0.9708386063575745,0.5252489447593689,1e-04,0.9708386063575745,0.9164243936538696,0.8297591805458069,0.9164243936538696
1117,0.9665821194648743,0.5391557812690735,1e-04,0.9665821194648743,0.9167878031730652,0.8036410212516785,0.9167878031730652
1118,0.9677594900131226,0.5339263081550598,1e-04,0.9677594900131226,0.9204215407371521,0.7935329079627991,0.9204215407371521
1119,0.9673066735267639,0.5362262725830078,1e-04,0.9673066735267639,0.9258720874786377,0.766603946685791,0.9258720874786377
1120,0.9675783514976501,0.5369515419006348,1e-04,0.9675783514976501,0.8993459343910217,0.8729503750801086,0.8993459343910217
1121,0.9683933854103088,0.5321184396743774,1e-04,0.9683933854103088,0.9164243936538696,0.7653585076332092,0.9164243936538696
1122,0.9683933854103088,0.5331632494926453,1e-04,0.9683933854103088,0.9226017594337463,0.7776422500610352,0.9226017594337463
1123,0.9674877524375916,0.5305970311164856,1e-04,0.9674877524375916,0.913517415523529,0.8038495779037476,0.913517415523529
1124,0.9675783514976501,0.5372152924537659,1e-04,0.9675783514976501,0.9124273061752319,0.7678354978561401,0.9124273061752319
1125,0.9662199020385742,0.5382622480392456,1e-04,0.9662199020385742,0.9207848906517029,0.7725088596343994,0.9207848906517029
1126,0.9695707559585571,0.528541088104248,1e-04,0.9695707559585571,0.9117006063461304,0.826204240322113,0.9117006063461304
1127,0.9649519920349121,0.5381487011909485,1e-04,0.9649519920349121,0.9251453280448914,0.744653046131134,0.9251453280448914
1128,0.9692084789276123,0.5310200452804565,1e-04,0.9692084789276123,0.9175145626068115,0.7965460419654846,0.9175145626068115
1129,0.9666727185249329,0.5337825417518616,1e-04,0.9666727185249329,0.9233284592628479,0.7393118143081665,0.9233284592628479
1130,0.9654048085212708,0.5355080366134644,1e-04,0.9654048085212708,0.9226017594337463,0.7630900144577026,0.9226017594337463
1131,0.969661295413971,0.5318489670753479,1e-04,0.969661295413971,0.9051598906517029,0.794671893119812,0.9051598906517029
1132,0.9682123064994812,0.5312531590461731,1e-04,0.9682123064994812,0.9149709343910217,0.7688577175140381,0.9149709343910217
1133,0.9698424339294434,0.5292035341262817,1e-04,0.9698424339294434,0.9167878031730652,0.7858831882476807,0.9167878031730652
1134,0.9675783514976501,0.5333151817321777,1e-04,0.9675783514976501,0.914607584476471,0.8177622556686401,0.914607584476471
1135,0.964318037033081,0.5395267009735107,1e-04,0.964318037033081,0.9255087375640869,0.7386276721954346,0.9255087375640869
1136,0.9683933854103088,0.5297266840934753,1e-04,0.9683933854103088,0.9269621968269348,0.7443255186080933,0.9269621968269348
1137,0.9660387635231018,0.5360730290412903,1e-04,0.9660387635231018,0.9138808250427246,0.8128591179847717,0.9138808250427246
1138,0.9702046513557434,0.5269536972045898,1e-04,0.9702046513557434,0.914607584476471,0.767585039138794,0.914607584476471
1139,0.9672160744667053,0.5352709293365479,1e-04,0.9672160744667053,0.9186046719551086,0.772824227809906,0.9186046719551086
1140,0.9679405689239502,0.5302314162254333,1e-04,0.9679405689239502,0.9200581312179565,0.7483775019645691,0.9200581312179565
1141,0.9630501866340637,0.5403390526771545,1e-04,0.9630501866340637,0.8982558250427246,0.8348115682601929,0.8982558250427246
1142,0.9685745239257812,0.5302205681800842,1e-04,0.9685745239257812,0.9051598906517029,0.8414328098297119,0.9051598906517029
1143,0.970295250415802,0.5284073352813721,1e-04,0.970295250415802,0.9189680218696594,0.7703554034233093,0.9189680218696594
1144,0.9679405689239502,0.5271828770637512,1e-04,0.9679405689239502,0.914607584476471,0.7949564456939697,0.914607584476471
1145,0.9625067710876465,0.5408525466918945,1e-04,0.9625067710876465,0.8960756063461304,0.8419748544692993,0.8960756063461304
1146,0.9646803140640259,0.5417445302009583,1e-04,0.9646803140640259,0.9222383499145508,0.7647305727005005,0.9222383499145508
1147,0.9671255350112915,0.5342674851417542,1e-04,0.9671255350112915,0.9131540656089783,0.7782835960388184,0.9131540656089783
1148,0.9664915800094604,0.5329774022102356,1e-04,0.9664915800094604,0.9200581312179565,0.7723156213760376,0.9200581312179565
1149,0.9672160744667053,0.5302043557167053,1e-04,0.9672160744667053,0.9069767594337463,0.7880943417549133,0.9069767594337463
1150,0.9695707559585571,0.528087854385376,1e-04,0.9695707559585571,0.917151153087616,0.7672197222709656,0.917151153087616
1151,0.9724687337875366,0.5216483473777771,1e-04,0.9724687337875366,0.921875,0.7531329393386841,0.921875
1152,0.9531787633895874,0.5685500502586365,1e-04,0.9531787633895874,0.921875,0.744449257850647,0.921875
1153,0.9644086360931396,0.5381715297698975,1e-04,0.9644086360931396,0.9186046719551086,0.7490465044975281,0.9186046719551086
1154,0.969661295413971,0.5240311026573181,1e-04,0.969661295413971,0.9222383499145508,0.7740805745124817,0.9222383499145508
1155,0.9667632579803467,0.5339716076850891,1e-04,0.9667632579803467,0.9156976938247681,0.7935078740119934,0.9156976938247681
1156,0.9716536998748779,0.5250164270401001,1e-04,0.9716536998748779,0.921875,0.7822644710540771,0.921875
1157,0.9691179394721985,0.5291069746017456,1e-04,0.9691179394721985,0.9262354373931885,0.7679986357688904,0.9262354373931885
1158,0.9698424339294434,0.5271762013435364,1e-04,0.9698424339294434,0.9160610437393188,0.7995145320892334,0.9160610437393188
1159,0.9695707559585571,0.5252421498298645,1e-04,0.9695707559585571,0.917151153087616,0.8402274250984192,0.917151153087616
1160,0.9646803140640259,0.536713182926178,1e-04,0.9646803140640259,0.9102470874786377,0.7899634838104248,0.9102470874786377
1161,0.9673972129821777,0.5288181900978088,1e-04,0.9673972129821777,0.9167878031730652,0.7820728421211243,0.9167878031730652
1162,0.9699329733848572,0.5240177512168884,1e-04,0.9699329733848572,0.9211482405662537,0.8034005165100098,0.9211482405662537
1163,0.967668890953064,0.5290349721908569,1e-04,0.967668890953064,0.9167878031730652,0.771117627620697,0.9167878031730652
1164,0.9732838273048401,0.5162739157676697,1e-04,0.9732838273048401,0.9200581312179565,0.8116937875747681,0.9200581312179565
1165,0.9686651229858398,0.5285516977310181,1e-04,0.9686651229858398,0.9182412624359131,0.7882540225982666,0.9182412624359131
1166,0.9672160744667053,0.5331699848175049,1e-04,0.9672160744667053,0.9106104373931885,0.768425703048706,0.9106104373931885
1167,0.9710197448730469,0.5225640535354614,1e-04,0.9710197448730469,0.9211482405662537,0.8024641275405884,0.9211482405662537
1168,0.9712008833885193,0.5255472660064697,1e-04,0.9712008833885193,0.9178779125213623,0.799308180809021,0.9178779125213623
1169,0.9711102843284607,0.5272182822227478,1e-04,0.9711102843284607,0.9236918687820435,0.7502495646476746,0.9236918687820435
1170,0.9703857898712158,0.5275242924690247,1e-04,0.9703857898712158,0.9095203280448914,0.7996332049369812,0.9095203280448914
1171,0.9688462018966675,0.5225023031234741,1e-04,0.9688462018966675,0.9131540656089783,0.7733227014541626,0.9131540656089783
1172,0.9692084789276123,0.5261209011077881,1e-04,0.9692084789276123,0.914607584476471,0.8112954497337341,0.914607584476471
1173,0.9708386063575745,0.5241166353225708,1e-04,0.9708386063575745,0.9069767594337463,0.8367393612861633,0.9069767594337463
1174,0.9690273404121399,0.5263038873672485,1e-04,0.9690273404121399,0.9149709343910217,0.7965240478515625,0.9149709343910217
1175,0.9702046513557434,0.5249989628791809,1e-04,0.9702046513557434,0.9178779125213623,0.7765780687332153,0.9178779125213623
1176,0.9687556624412537,0.5291510820388794,1e-04,0.9687556624412537,0.9156976938247681,0.804282546043396,0.9156976938247681
1177,0.9687556624412537,0.5238752961158752,1e-04,0.9687556624412537,0.9207848906517029,0.7590929269790649,0.9207848906517029
1178,0.9712008833885193,0.5239070653915405,1e-04,0.9712008833885193,0.9037063717842102,0.8578221797943115,0.9037063717842102
1179,0.9689368009567261,0.5239807367324829,1e-04,0.9689368009567261,0.9196947813034058,0.7848523855209351,0.9196947813034058
1180,0.9700235724449158,0.5227760076522827,1e-04,0.9700235724449158,0.9186046719551086,0.7586350440979004,0.9186046719551086
1181,0.9718348383903503,0.5183842778205872,1e-04,0.9718348383903503,0.921875,0.7492281198501587,0.921875
1182,0.9713820219039917,0.5243697166442871,1e-04,0.9713820219039917,0.913517415523529,0.7716296911239624,0.913517415523529
1183,0.9717442393302917,0.5205333232879639,1e-04,0.9717442393302917,0.9215116500854492,0.7687419652938843,0.9215116500854492
1184,0.9688462018966675,0.5269593596458435,1e-04,0.9688462018966675,0.9204215407371521,0.7633998990058899,0.9204215407371521
1185,0.972287654876709,0.5224815607070923,1e-04,0.972287654876709,0.9258720874786377,0.7783349752426147,0.9258720874786377
1186,0.9691179394721985,0.5238494277000427,1e-04,0.9691179394721985,0.9164243936538696,0.7651650309562683,0.9164243936538696
1187,0.9717442393302917,0.5201495885848999,1e-04,0.9717442393302917,0.9204215407371521,0.7755580544471741,0.9204215407371521
1188,0.965676486492157,0.5334984064102173,1e-04,0.965676486492157,0.9073401093482971,0.8144818544387817,0.9073401093482971
1189,0.9673972129821777,0.5305027365684509,1e-04,0.9673972129821777,0.9058866500854492,0.7739161252975464,0.9058866500854492
1190,0.9690273404121399,0.5258959531784058,1e-04,0.9690273404121399,0.926598846912384,0.7435166835784912,0.926598846912384
1191,0.9688462018966675,0.5262305736541748,1e-04,0.9688462018966675,0.9233284592628479,0.7378283739089966,0.9233284592628479
1192,0.9712914228439331,0.5245118141174316,1e-04,0.9712914228439331,0.9236918687820435,0.7270666360855103,0.9236918687820435
1193,0.9686651229858398,0.5268277525901794,1e-04,0.9686651229858398,0.9255087375640869,0.7389698028564453,0.9255087375640869
1194,0.9716536998748779,0.5229470729827881,1e-04,0.9716536998748779,0.9200581312179565,0.7442473769187927,0.9200581312179565
1195,0.9683933854103088,0.5283657908439636,1e-04,0.9683933854103088,0.9255087375640869,0.76946622133255,0.9255087375640869
1196,0.970657467842102,0.5242661237716675,1e-04,0.970657467842102,0.921875,0.7554786801338196,0.921875
1197,0.9731932878494263,0.5155975222587585,1e-04,0.9731932878494263,0.9196947813034058,0.751409649848938,0.9196947813034058
1198,0.972287654876709,0.5180160999298096,1e-04,0.972287654876709,0.9258720874786377,0.7692722082138062,0.9258720874786377
1199,0.9702046513557434,0.5243744254112244,1e-04,0.9702046513557434,0.9233284592628479,0.7265644073486328,0.9233284592628479
1200,0.9673066735267639,0.526818037033081,1e-04,0.9673066735267639,0.9127907156944275,0.7790042161941528,0.9127907156944275
1201,0.9731026887893677,0.518547534942627,1e-04,0.9731026887893677,0.9236918687820435,0.7554186582565308,0.9236918687820435
1202,0.9661293029785156,0.5347549319267273,1e-04,0.9661293029785156,0.9240552186965942,0.7330554723739624,0.9240552186965942
1203,0.9716536998748779,0.520586371421814,1e-04,0.9716536998748779,0.9138808250427246,0.7769731879234314,0.9138808250427246
1204,0.9675783514976501,0.5295343995094299,1e-04,0.9675783514976501,0.914607584476471,0.7839502096176147,0.914607584476471
1205,0.9683933854103088,0.5243112444877625,1e-04,0.9683933854103088,0.9226017594337463,0.7247247695922852,0.9226017594337463
1206,0.9658576250076294,0.5412977933883667,1e-04,0.9658576250076294,0.9178779125213623,0.7433347702026367,0.9178779125213623
1207,0.9708386063575745,0.5212036371231079,1e-04,0.9708386063575745,0.917151153087616,0.8298245668411255,0.917151153087616
1208,0.9675783514976501,0.52726811170578,1e-04,0.9675783514976501,0.9204215407371521,0.7601577639579773,0.9204215407371521
1209,0.9708386063575745,0.5222182869911194,1e-04,0.9708386063575745,0.9175145626068115,0.7825279831886292,0.9175145626068115
1210,0.9729215502738953,0.5169689655303955,1e-04,0.9729215502738953,0.9149709343910217,0.8307304382324219,0.9149709343910217
1211,0.9730121493339539,0.51475989818573,1e-04,0.9730121493339539,0.9215116500854492,0.7530741095542908,0.9215116500854492
1212,0.9711102843284607,0.5195570588111877,1e-04,0.9711102843284607,0.9196947813034058,0.7868092656135559,0.9196947813034058
1213,0.9710197448730469,0.5185062885284424,1e-04,0.9710197448730469,0.9196947813034058,0.7571406960487366,0.9196947813034058
1214,0.9713820219039917,0.522339403629303,1e-04,0.9713820219039917,0.9222383499145508,0.7727159261703491,0.9222383499145508
1215,0.9721065163612366,0.5157220363616943,1e-04,0.9721065163612366,0.9189680218696594,0.787409782409668,0.9189680218696594
1216,0.9740989208221436,0.5122894644737244,1e-04,0.9740989208221436,0.9087936282157898,0.8092242479324341,0.9087936282157898
1217,0.9734649658203125,0.5149880647659302,1e-04,0.9734649658203125,0.914607584476471,0.7627972364425659,0.914607584476471
1218,0.9677594900131226,0.5255650281906128,1e-04,0.9677594900131226,0.9240552186965942,0.7660030722618103,0.9240552186965942
1219,0.9747328162193298,0.5137583017349243,1e-04,0.9747328162193298,0.9276889562606812,0.7483144998550415,0.9276889562606812
1220,0.9760912656784058,0.5073717832565308,1e-04,0.9760912656784058,0.9189680218696594,0.782861590385437,0.9189680218696594
1221,0.9729215502738953,0.5194478034973145,1e-04,0.9729215502738953,0.9066133499145508,0.8358024954795837,0.9066133499145508
1222,0.970657467842102,0.5208390951156616,1e-04,0.970657467842102,0.9106104373931885,0.8311996459960938,0.9106104373931885
1223,0.9707480669021606,0.5228538513183594,1e-04,0.9707480669021606,0.9193313717842102,0.8060771226882935,0.9193313717842102
1224,0.9713820219039917,0.5177593231201172,1e-04,0.9713820219039917,0.9131540656089783,0.8105186820030212,0.9131540656089783
1225,0.9756384491920471,0.5116515755653381,1e-04,0.9756384491920471,0.9244186282157898,0.7679682970046997,0.9244186282157898
1226,0.9740989208221436,0.5132133960723877,1e-04,0.9740989208221436,0.9262354373931885,0.7552631497383118,0.9262354373931885
1227,0.9715631008148193,0.5146564245223999,1e-04,0.9715631008148193,0.9233284592628479,0.7667726874351501,0.9233284592628479
1228,0.970657467842102,0.5188243389129639,1e-04,0.970657467842102,0.9178779125213623,0.7650822401046753,0.9178779125213623
1229,0.9702046513557434,0.5193119049072266,1e-04,0.9702046513557434,0.9258720874786377,0.7717329263687134,0.9258720874786377
1230,0.972015917301178,0.515568733215332,1e-04,0.972015917301178,0.90625,0.8443601727485657,0.90625
1231,0.9721065163612366,0.5198166966438293,1e-04,0.9721065163612366,0.9244186282157898,0.7633102536201477,0.9244186282157898
1232,0.9750045537948608,0.5074549913406372,1e-04,0.9750045537948608,0.9164243936538696,0.7831206917762756,0.9164243936538696
1233,0.9681217074394226,0.525791347026825,1e-04,0.9681217074394226,0.9269621968269348,0.7166330218315125,0.9269621968269348
1234,0.9748234152793884,0.5100179314613342,1e-04,0.9748234152793884,0.9222383499145508,0.7620696425437927,0.9222383499145508
1235,0.970295250415802,0.5169525742530823,1e-04,0.970295250415802,0.926598846912384,0.7498216032981873,0.926598846912384
1236,0.974008321762085,0.5105209946632385,1e-04,0.974008321762085,0.9026162624359131,0.8963953852653503,0.9026162624359131
1237,0.9721970558166504,0.5146893262863159,1e-04,0.9721970558166504,0.9182412624359131,0.7786971926689148,0.9182412624359131
1238,0.9739177823066711,0.5124722719192505,1e-04,0.9739177823066711,0.9153342843055725,0.8247126936912537,0.9153342843055725
1239,0.9744611382484436,0.5099615454673767,1e-04,0.9744611382484436,0.9160610437393188,0.8265964388847351,0.9160610437393188
1240,0.9721970558166504,0.5133142471313477,1e-04,0.9721970558166504,0.9207848906517029,0.7784020900726318,0.9207848906517029
1241,0.9715631008148193,0.5202780365943909,1e-04,0.9715631008148193,0.9175145626068115,0.8054978251457214,0.9175145626068115
1242,0.9723781943321228,0.5134137868881226,1e-04,0.9723781943321228,0.9236918687820435,0.7674036026000977,0.9236918687820435
1243,0.9727404713630676,0.5173659324645996,1e-04,0.9727404713630676,0.9156976938247681,0.7868022322654724,0.9156976938247681
1244,0.9742799997329712,0.5120980143547058,1e-04,0.9742799997329712,0.9055232405662537,0.8965883255004883,0.9055232405662537
1245,0.9717442393302917,0.5161440372467041,1e-04,0.9717442393302917,0.926598846912384,0.7705672383308411,0.926598846912384
1246,0.9715631008148193,0.5173404812812805,1e-04,0.9715631008148193,0.9247819781303406,0.7667306661605835,0.9247819781303406
1247,0.9751856327056885,0.5096943378448486,1e-04,0.9751856327056885,0.9175145626068115,0.8136783242225647,0.9175145626068115
1248,0.9736461043357849,0.5121358633041382,1e-04,0.9736461043357849,0.9131540656089783,0.8526471257209778,0.9131540656089783
1249,0.9711102843284607,0.5154131650924683,1e-04,0.9711102843284607,0.9244186282157898,0.7688060402870178,0.9244186282157898
1250,0.9729215502738953,0.5130089521408081,1e-04,0.9729215502738953,0.9095203280448914,0.7718189358711243,0.9095203280448914
1251,0.9750950932502747,0.5118995904922485,1e-04,0.9750950932502747,0.9204215407371521,0.8254212737083435,0.9204215407371521
1252,0.9715631008148193,0.5131530165672302,1e-04,0.9715631008148193,0.9131540656089783,0.8153345584869385,0.9131540656089783
1253,0.9716536998748779,0.5151406526565552,1e-04,0.9716536998748779,0.9211482405662537,0.7964938879013062,0.9211482405662537
1254,0.9697518348693848,0.5185595750808716,1e-04,0.9697518348693848,0.9149709343910217,0.8007698059082031,0.9149709343910217
1255,0.9750950932502747,0.5094139575958252,1e-04,0.9750950932502747,0.9240552186965942,0.7967476844787598,0.9240552186965942
1256,0.9740989208221436,0.5129533410072327,1e-04,0.9740989208221436,0.9204215407371521,0.802560031414032,0.9204215407371521
1257,0.9716536998748779,0.5181588530540466,1e-04,0.9716536998748779,0.9127907156944275,0.796093225479126,0.9127907156944275
1258,0.972649872303009,0.51341712474823,1e-04,0.972649872303009,0.9120639562606812,0.7781208157539368,0.9120639562606812
1259,0.9756384491920471,0.5054596066474915,1e-04,0.9756384491920471,0.9175145626068115,0.8085433840751648,0.9175145626068115
1260,0.9763630032539368,0.5083926320075989,1e-04,0.9763630032539368,0.914607584476471,0.7916032671928406,0.914607584476471
1261,0.9698424339294434,0.5221580266952515,1e-04,0.9698424339294434,0.9229651093482971,0.7409210801124573,0.9229651093482971
1262,0.9710197448730469,0.5191730856895447,1e-04,0.9710197448730469,0.9167878031730652,0.7669663429260254,0.9167878031730652
1263,0.9700235724449158,0.5177887082099915,1e-04,0.9700235724449158,0.9047965407371521,0.8079786896705627,0.9047965407371521
1264,0.9718348383903503,0.5177299380302429,1e-04,0.9718348383903503,0.9164243936538696,0.7950885891914368,0.9164243936538696
1265,0.9699329733848572,0.5197475552558899,1e-04,0.9699329733848572,0.9244186282157898,0.7512413859367371,0.9244186282157898
1266,0.9740989208221436,0.5089306831359863,1e-04,0.9740989208221436,0.9233284592628479,0.8013740181922913,0.9233284592628479
1267,0.9697518348693848,0.5176641345024109,1e-04,0.9697518348693848,0.9186046719551086,0.775444746017456,0.9186046719551086
1268,0.9721065163612366,0.515562891960144,1e-04,0.9721065163612366,0.9222383499145508,0.7508766651153564,0.9222383499145508
1269,0.9721065163612366,0.5154299736022949,1e-04,0.9721065163612366,0.9066133499145508,0.7994968295097351,0.9066133499145508
1270,0.9731932878494263,0.5098874568939209,1e-04,0.9731932878494263,0.9087936282157898,0.8363234996795654,0.9087936282157898
1271,0.9758195877075195,0.5051548480987549,1e-04,0.9758195877075195,0.9226017594337463,0.8062117695808411,0.9226017594337463
1272,0.9749139547348022,0.5085073113441467,1e-04,0.9749139547348022,0.9164243936538696,0.8152657151222229,0.9164243936538696
1273,0.9733743667602539,0.5115804672241211,1e-04,0.9733743667602539,0.9233284592628479,0.7724660038948059,0.9233284592628479
1274,0.9747328162193298,0.5078225135803223,1e-04,0.9747328162193298,0.9204215407371521,0.7409152388572693,0.9204215407371521
1275,0.9745517373085022,0.5115617513656616,1e-04,0.9745517373085022,0.9204215407371521,0.8225998282432556,0.9204215407371521
1276,0.9759101867675781,0.5021377801895142,1e-04,0.9759101867675781,0.9084302186965942,0.8714175820350647,0.9084302186965942
1277,0.9756384491920471,0.5070891380310059,1e-04,0.9756384491920471,0.9251453280448914,0.7890123128890991,0.9251453280448914
1278,0.9721065163612366,0.5164267420768738,1e-04,0.9721065163612366,0.9211482405662537,0.7668778300285339,0.9211482405662537
1279,0.9697518348693848,0.5168851017951965,1e-04,0.9697518348693848,0.9178779125213623,0.7798901200294495,0.9178779125213623
1280,0.9758195877075195,0.5077850818634033,1e-04,0.9758195877075195,0.9222383499145508,0.7924495935440063,0.9222383499145508
1281,0.9709292054176331,0.5181992650032043,1e-04,0.9709292054176331,0.9215116500854492,0.7531116604804993,0.9215116500854492
1282,0.9764535427093506,0.5073151588439941,1e-04,0.9764535427093506,0.9098837375640869,0.8188982009887695,0.9098837375640869
1283,0.9715631008148193,0.5156952142715454,1e-04,0.9715631008148193,0.9229651093482971,0.7921152114868164,0.9229651093482971
1284,0.9715631008148193,0.5127671360969543,1e-04,0.9715631008148193,0.926598846912384,0.7486586570739746,0.926598846912384
1285,0.9756384491920471,0.5082125067710876,1e-04,0.9756384491920471,0.9117006063461304,0.8022584319114685,0.9117006063461304
1286,0.9734649658203125,0.5117612481117249,1e-04,0.9734649658203125,0.9207848906517029,0.7787978649139404,0.9207848906517029
1287,0.9754573702812195,0.5075516700744629,1e-04,0.9754573702812195,0.921875,0.7940833568572998,0.921875
1288,0.9721065163612366,0.5120130777359009,1e-04,0.9721065163612366,0.9124273061752319,0.8078379034996033,0.9124273061752319
1289,0.9756384491920471,0.5058304667472839,1e-04,0.9756384491920471,0.9247819781303406,0.7511780261993408,0.9247819781303406
1290,0.9760912656784058,0.5048894882202148,1e-04,0.9760912656784058,0.9258720874786377,0.7984774112701416,0.9258720874786377
1291,0.9733743667602539,0.5110633373260498,1e-04,0.9733743667602539,0.913517415523529,0.7940986156463623,0.913517415523529
1292,0.9728310108184814,0.5104680061340332,1e-04,0.9728310108184814,0.9196947813034058,0.780826985836029,0.9196947813034058
1293,0.9737366437911987,0.5076509714126587,1e-04,0.9737366437911987,0.9186046719551086,0.7671661972999573,0.9186046719551086
1294,0.9725593328475952,0.5137805938720703,1e-04,0.9725593328475952,0.9204215407371521,0.7863044738769531,0.9204215407371521
1295,0.9736461043357849,0.5102238655090332,1e-04,0.9736461043357849,0.9211482405662537,0.7653459906578064,0.9211482405662537
1296,0.9773591756820679,0.5018017292022705,1e-04,0.9773591756820679,0.9186046719551086,0.821831464767456,0.9186046719551086
1297,0.972649872303009,0.5133354663848877,1e-04,0.972649872303009,0.9280523061752319,0.7018446922302246,0.9280523061752319
1298,0.9739177823066711,0.5097696781158447,1e-04,0.9739177823066711,0.9095203280448914,0.8248347640037537,0.9095203280448914
1299,0.9729215502738953,0.5117350816726685,1e-04,0.9729215502738953,0.9215116500854492,0.7730671167373657,0.9215116500854492
1300,0.9763630032539368,0.5001688599586487,1e-04,0.9763630032539368,0.9204215407371521,0.8019262552261353,0.9204215407371521
1301,0.9751856327056885,0.5036390423774719,1e-04,0.9751856327056885,0.9193313717842102,0.8206100463867188,0.9193313717842102
1302,0.9760007262229919,0.505068302154541,1e-04,0.9760007262229919,0.9047965407371521,0.8417876362800598,0.9047965407371521
1303,0.9736461043357849,0.5055336952209473,1e-04,0.9736461043357849,0.9193313717842102,0.7906965017318726,0.9193313717842102
1304,0.976996898651123,0.5029228329658508,1e-04,0.976996898651123,0.9160610437393188,0.8325109481811523,0.9160610437393188
1305,0.974008321762085,0.5064383745193481,1e-04,0.974008321762085,0.9164243936538696,0.7628684639930725,0.9164243936538696
1306,0.9738271832466125,0.5087620615959167,1e-04,0.9738271832466125,0.9229651093482971,0.7896504998207092,0.9229651093482971
1307,0.9768158197402954,0.5040187239646912,1e-04,0.9768158197402954,0.9196947813034058,0.7995780110359192,0.9196947813034058
1308,0.9752762317657471,0.5054309368133545,1e-04,0.9752762317657471,0.9098837375640869,0.812084436416626,0.9098837375640869
1309,0.9731026887893677,0.5072223544120789,1e-04,0.9731026887893677,0.9084302186965942,0.8315647840499878,0.9084302186965942
1310,0.9753667712211609,0.5060833692550659,1e-04,0.9753667712211609,0.9167878031730652,0.8082791566848755,0.9167878031730652
1311,0.9776308536529541,0.5004099607467651,1e-04,0.9776308536529541,0.9178779125213623,0.852839469909668,0.9178779125213623
1312,0.9788081645965576,0.49617594480514526,1e-04,0.9788081645965576,0.921875,0.791283905506134,0.921875
1313,0.9755479097366333,0.5039549469947815,1e-04,0.9755479097366333,0.9236918687820435,0.7606586813926697,0.9236918687820435
1314,0.9777214527130127,0.49892207980155945,1e-04,0.9777214527130127,0.9207848906517029,0.7817453742027283,0.9207848906517029
1315,0.9774497151374817,0.5003582835197449,1e-04,0.9774497151374817,0.9153342843055725,0.8366410136222839,0.9153342843055725
1316,0.9733743667602539,0.5117800235748291,1e-04,0.9733743667602539,0.9204215407371521,0.7762488722801208,0.9204215407371521
1317,0.976634681224823,0.50390625,1e-04,0.976634681224823,0.9102470874786377,0.8074068427085876,0.9102470874786377
1318,0.9721065163612366,0.5117480754852295,1e-04,0.9721065163612366,0.9229651093482971,0.7638651132583618,0.9229651093482971
1319,0.977268636226654,0.5006290078163147,1e-04,0.977268636226654,0.9215116500854492,0.8783671259880066,0.9215116500854492
1320,0.9748234152793884,0.5051917433738708,1e-04,0.9748234152793884,0.9153342843055725,0.8288429379463196,0.9153342843055725
1321,0.9773591756820679,0.5011703968048096,1e-04,0.9773591756820679,0.9178779125213623,0.7856118083000183,0.9178779125213623
1322,0.9737366437911987,0.5102517604827881,1e-04,0.9737366437911987,0.9160610437393188,0.829886794090271,0.9160610437393188
1323,0.974008321762085,0.5089399218559265,1e-04,0.974008321762085,0.9142441749572754,0.8032562732696533,0.9142441749572754
1324,0.9741894602775574,0.5075832605361938,1e-04,0.9741894602775574,0.9167878031730652,0.8073575496673584,0.9167878031730652
1325,0.9780836701393127,0.4977187216281891,1e-04,0.9780836701393127,0.9138808250427246,0.9030004739761353,0.9138808250427246
1326,0.9761818647384644,0.5038758516311646,1e-04,0.9761818647384644,0.9207848906517029,0.8002626299858093,0.9207848906517029
1327,0.9761818647384644,0.5046370029449463,1e-04,0.9761818647384644,0.9153342843055725,0.785452663898468,0.9153342843055725
1328,0.9756384491920471,0.5013778209686279,1e-04,0.9756384491920471,0.910973846912384,0.8825035691261292,0.910973846912384
1329,0.976634681224823,0.5026059746742249,1e-04,0.976634681224823,0.913517415523529,0.8177261352539062,0.913517415523529
1330,0.977268636226654,0.4981778860092163,1e-04,0.977268636226654,0.9251453280448914,0.7836477756500244,0.9251453280448914
1331,0.9743705987930298,0.5085323452949524,1e-04,0.9743705987930298,0.913517415523529,0.8419670462608337,0.913517415523529
1332,0.9768158197402954,0.4993775188922882,1e-04,0.9768158197402954,0.9262354373931885,0.7639776468276978,0.9262354373931885
1333,0.9733743667602539,0.5070497393608093,1e-04,0.9733743667602539,0.9229651093482971,0.782397449016571,0.9229651093482971
1334,0.9752762317657471,0.5047078132629395,1e-04,0.9752762317657471,0.9316860437393188,0.777213454246521,0.9316860437393188
1335,0.9723781943321228,0.5079475045204163,1e-04,0.9723781943321228,0.913517415523529,0.8367781639099121,0.913517415523529
1336,0.9759101867675781,0.49970826506614685,1e-04,0.9759101867675781,0.9098837375640869,0.8650674819946289,0.9098837375640869
1337,0.9719253778457642,0.516420841217041,1e-04,0.9719253778457642,0.9153342843055725,0.7916239500045776,0.9153342843055725
1338,0.9785364866256714,0.49771565198898315,1e-04,0.9785364866256714,0.9124273061752319,0.8362960815429688,0.9124273061752319
1339,0.9788987636566162,0.4960584044456482,1e-04,0.9788987636566162,0.9066133499145508,0.8436960577964783,0.9066133499145508
1340,0.9779931306838989,0.4997691214084625,1e-04,0.9779931306838989,0.9106104373931885,0.8161061406135559,0.9106104373931885
1341,0.9768158197402954,0.49825912714004517,1e-04,0.9768158197402954,0.9178779125213623,0.8128020763397217,0.9178779125213623
1342,0.9749139547348022,0.5020879507064819,1e-04,0.9749139547348022,0.913517415523529,0.8377593159675598,0.913517415523529
1343,0.9744611382484436,0.5067518949508667,1e-04,0.9744611382484436,0.9084302186965942,0.8390889763832092,0.9084302186965942
1344,0.9738271832466125,0.5049276947975159,1e-04,0.9738271832466125,0.9138808250427246,0.805629551410675,0.9138808250427246
1345,0.9790799021720886,0.4937552809715271,1e-04,0.9790799021720886,0.921875,0.7837731838226318,0.921875
1346,0.9745517373085022,0.5059634447097778,1e-04,0.9745517373085022,0.9153342843055725,0.7797238826751709,0.9153342843055725
1347,0.9774497151374817,0.49987995624542236,1e-04,0.9774497151374817,0.9149709343910217,0.7948178052902222,0.9149709343910217
1348,0.9748234152793884,0.505236029624939,1e-04,0.9748234152793884,0.9175145626068115,0.8158817887306213,0.9175145626068115
1349,0.9742799997329712,0.5041793584823608,1e-04,0.9742799997329712,0.9164243936538696,0.8068162798881531,0.9164243936538696
1350,0.9725593328475952,0.5116391777992249,1e-04,0.9725593328475952,0.9084302186965942,0.8114299178123474,0.9084302186965942
1351,0.978355348110199,0.4989066421985626,1e-04,0.978355348110199,0.9120639562606812,0.8298354148864746,0.9120639562606812
1352,0.9742799997329712,0.5078132748603821,1e-04,0.9742799997329712,0.9244186282157898,0.8142538666725159,0.9244186282157898
1353,0.9770874977111816,0.5014820694923401,1e-04,0.9770874977111816,0.9182412624359131,0.8575422763824463,0.9182412624359131
1354,0.9774497151374817,0.5004286170005798,1e-04,0.9774497151374817,0.9233284592628479,0.7772015333175659,0.9233284592628479
1355,0.9780836701393127,0.4953060448169708,1e-04,0.9780836701393127,0.9222383499145508,0.8316412568092346,0.9222383499145508
1356,0.9764535427093506,0.4972010850906372,1e-04,0.9764535427093506,0.917151153087616,0.8285830020904541,0.917151153087616
1357,0.9787176251411438,0.4944359362125397,1e-04,0.9787176251411438,0.9153342843055725,0.7992174625396729,0.9153342843055725
1358,0.9747328162193298,0.505818247795105,1e-04,0.9747328162193298,0.9153342843055725,0.7950708866119385,0.9153342843055725
1359,0.9745517373085022,0.5024049282073975,1e-04,0.9745517373085022,0.9189680218696594,0.8066850900650024,0.9189680218696594
1360,0.978355348110199,0.49490299820899963,1e-04,0.978355348110199,0.9117006063461304,0.8880103230476379,0.9117006063461304
1361,0.9782648086547852,0.49525806307792664,1e-04,0.9782648086547852,0.9196947813034058,0.7913291454315186,0.9196947813034058
1362,0.977268636226654,0.49829062819480896,1e-04,0.977268636226654,0.9236918687820435,0.7795789837837219,0.9236918687820435
1363,0.9731932878494263,0.5059736371040344,1e-04,0.9731932878494263,0.9091569781303406,0.8009888529777527,0.9091569781303406
1364,0.9779025316238403,0.49531105160713196,1e-04,0.9779025316238403,0.9167878031730652,0.8465017080307007,0.9167878031730652
1365,0.9755479097366333,0.49909165501594543,1e-04,0.9755479097366333,0.9117006063461304,0.8630469441413879,0.9117006063461304
1366,0.9769063591957092,0.49605655670166016,1e-04,0.9769063591957092,0.9018895626068115,0.9387106895446777,0.9018895626068115
1367,0.9781742691993713,0.4946178197860718,1e-04,0.9781742691993713,0.910973846912384,0.8605748414993286,0.910973846912384
1368,0.9758195877075195,0.49808982014656067,1e-04,0.9758195877075195,0.9211482405662537,0.809398889541626,0.9211482405662537
1369,0.980981707572937,0.48942679166793823,1e-04,0.980981707572937,0.9211482405662537,0.8167924880981445,0.9211482405662537
1370,0.9776308536529541,0.49696773290634155,1e-04,0.9776308536529541,0.9204215407371521,0.812107503414154,0.9204215407371521
1371,0.9784459471702576,0.49687835574150085,1e-04,0.9784459471702576,0.9095203280448914,0.8886317014694214,0.9095203280448914
1372,0.9750950932502747,0.5002588629722595,1e-04,0.9750950932502747,0.9226017594337463,0.8385968804359436,0.9226017594337463
1373,0.9776308536529541,0.4960727095603943,1e-04,0.9776308536529541,0.9077034592628479,0.860817551612854,0.9077034592628479
1374,0.9767252206802368,0.49920570850372314,1e-04,0.9767252206802368,0.9066133499145508,0.8958126306533813,0.9066133499145508
1375,0.9788081645965576,0.4931633174419403,1e-04,0.9788081645965576,0.9229651093482971,0.8076144456863403,0.9229651093482971
1376,0.9784459471702576,0.4926389157772064,1e-04,0.9784459471702576,0.9160610437393188,0.8302608132362366,0.9160610437393188
1377,0.9793515801429749,0.4916999638080597,1e-04,0.9793515801429749,0.9175145626068115,0.8356517553329468,0.9175145626068115
1378,0.9750045537948608,0.5029796957969666,1e-04,0.9750045537948608,0.9087936282157898,0.8934038877487183,0.9087936282157898
1379,0.9754573702812195,0.5018517971038818,1e-04,0.9754573702812195,0.9113371968269348,0.840201199054718,0.9113371968269348
1380,0.9788987636566162,0.49434611201286316,1e-04,0.9788987636566162,0.9262354373931885,0.8469858169555664,0.9262354373931885
1381,0.9758195877075195,0.500788688659668,1e-04,0.9758195877075195,0.914607584476471,0.8599836826324463,0.914607584476471
1382,0.9758195877075195,0.5036315321922302,1e-04,0.9758195877075195,0.9153342843055725,0.8598458766937256,0.9153342843055725
1383,0.9785364866256714,0.4929867684841156,1e-04,0.9785364866256714,0.9236918687820435,0.7983478903770447,0.9236918687820435
1384,0.9756384491920471,0.49915096163749695,1e-04,0.9756384491920471,0.9200581312179565,0.8123871684074402,0.9200581312179565
1385,0.9714725613594055,0.5078619122505188,1e-04,0.9714725613594055,0.9160610437393188,0.8090591430664062,0.9160610437393188
1386,0.9763630032539368,0.49910449981689453,1e-04,0.9763630032539368,0.926598846912384,0.7719004154205322,0.926598846912384
1387,0.9788987636566162,0.49194613099098206,1e-04,0.9788987636566162,0.9156976938247681,0.8578628897666931,0.9156976938247681
1388,0.9783236980438232,0.4911743700504303,1e-04,0.9783236980438232,0.9236918687820435,0.8389743566513062,0.9236918687820435
1389,0.9791704416275024,0.4945301115512848,1e-04,0.9791704416275024,0.9124273061752319,0.811363160610199,0.9124273061752319
1390,0.9795327186584473,0.49079689383506775,1e-04,0.9795327186584473,0.9149709343910217,0.8411759734153748,0.9149709343910217
1391,0.9799855351448059,0.48798668384552,1e-04,0.9799855351448059,0.9193313717842102,0.8371798396110535,0.9193313717842102
1392,0.9802572131156921,0.4922178387641907,1e-04,0.9802572131156921,0.9189680218696594,0.8305538296699524,0.9189680218696594
1393,0.9758195877075195,0.5005313754081726,1e-04,0.9758195877075195,0.9160610437393188,0.7947959303855896,0.9160610437393188
1394,0.9767252206802368,0.4950747489929199,1e-04,0.9767252206802368,0.9087936282157898,0.8166496753692627,0.9087936282157898
1395,0.9779931306838989,0.49787637591362,1e-04,0.9779931306838989,0.9211482405662537,0.7887166142463684,0.9211482405662537
1396,0.9787176251411438,0.4923632740974426,1e-04,0.9787176251411438,0.9142441749572754,0.7849546074867249,0.9142441749572754
1397,0.9774497151374817,0.4967084527015686,1e-04,0.9774497151374817,0.9149709343910217,0.8385719656944275,0.9149709343910217
1398,0.9782648086547852,0.4967072606086731,1e-04,0.9782648086547852,0.9182412624359131,0.7884774208068848,0.9182412624359131
1399,0.9775403141975403,0.4900152087211609,1e-04,0.9775403141975403,0.9211482405662537,0.8362077474594116,0.9211482405662537
1400,0.9779931306838989,0.4916456341743469,1e-04,0.9779931306838989,0.9142441749572754,0.7938970327377319,0.9142441749572754
1401,0.9749139547348022,0.498110294342041,1e-04,0.9749139547348022,0.9138808250427246,0.8221800923347473,0.9138808250427246
1402,0.9775403141975403,0.49532029032707214,1e-04,0.9775403141975403,0.9222383499145508,0.8133623003959656,0.9222383499145508
1403,0.9804383516311646,0.48816773295402527,1e-04,0.9804383516311646,0.9193313717842102,0.8559139370918274,0.9193313717842102
1404,0.9781742691993713,0.4916752874851227,1e-04,0.9781742691993713,0.9175145626068115,0.8199880123138428,0.9175145626068115
1405,0.978355348110199,0.49261245131492615,1e-04,0.978355348110199,0.926598846912384,0.8050439357757568,0.926598846912384
1406,0.9796232581138611,0.4892407953739166,1e-04,0.9796232581138611,0.9193313717842102,0.809518575668335,0.9193313717842102
1407,0.9777214527130127,0.4900738000869751,1e-04,0.9777214527130127,0.9073401093482971,0.8735160231590271,0.9073401093482971
1408,0.9777214527130127,0.4910477101802826,1e-04,0.9777214527130127,0.9200581312179565,0.8660621643066406,0.9200581312179565
1409,0.9740989208221436,0.5003309845924377,1e-04,0.9740989208221436,0.9262354373931885,0.7487069964408875,0.9262354373931885
1410,0.9784459471702576,0.4882422089576721,1e-04,0.9784459471702576,0.9251453280448914,0.7912697196006775,0.9251453280448914
1411,0.9753667712211609,0.4973028600215912,1e-04,0.9753667712211609,0.9127907156944275,0.8168880343437195,0.9127907156944275
1412,0.9795327186584473,0.4915596544742584,1e-04,0.9795327186584473,0.9262354373931885,0.7790078520774841,0.9262354373931885
1413,0.9800760746002197,0.4885084629058838,1e-04,0.9800760746002197,0.9244186282157898,0.8233562111854553,0.9244186282157898
1414,0.9787176251411438,0.48767924308776855,1e-04,0.9787176251411438,0.9255087375640869,0.8343336582183838,0.9255087375640869
1415,0.9701141119003296,0.5142414569854736,1e-04,0.9701141119003296,0.9149709343910217,0.8049824833869934,0.9149709343910217
1416,0.9758195877075195,0.49687618017196655,1e-04,0.9758195877075195,0.9236918687820435,0.7834134697914124,0.9236918687820435
1417,0.9768158197402954,0.49398621916770935,1e-04,0.9768158197402954,0.9226017594337463,0.8066856265068054,0.9226017594337463
1418,0.9753667712211609,0.4989311397075653,1e-04,0.9753667712211609,0.9193313717842102,0.827633798122406,0.9193313717842102
1419,0.9798043966293335,0.4890521466732025,1e-04,0.9798043966293335,0.9200581312179565,0.815281331539154,0.9200581312179565
1420,0.97862708568573,0.48770442605018616,1e-04,0.97862708568573,0.9095203280448914,0.857974648475647,0.9095203280448914
1421,0.9764535427093506,0.4987437427043915,1e-04,0.9764535427093506,0.9175145626068115,0.7943094968795776,0.9175145626068115
1422,0.9765440821647644,0.49590757489204407,1e-04,0.9765440821647644,0.9258720874786377,0.7804812788963318,0.9258720874786377
1423,0.9774497151374817,0.4947916865348816,1e-04,0.9774497151374817,0.9233284592628479,0.8127893805503845,0.9233284592628479
1424,0.9804383516311646,0.4872053563594818,1e-04,0.9804383516311646,0.9269621968269348,0.8217916488647461,0.9269621968269348
1425,0.977268636226654,0.49607646465301514,1e-04,0.977268636226654,0.9160610437393188,0.8312333822250366,0.9160610437393188
1426,0.9769063591957092,0.49379292130470276,1e-04,0.9769063591957092,0.9196947813034058,0.7948973774909973,0.9196947813034058
1427,0.9793515801429749,0.48597246408462524,1e-04,0.9793515801429749,0.9215116500854492,0.819916307926178,0.9215116500854492
1428,0.9776308536529541,0.49278077483177185,1e-04,0.9776308536529541,0.9200581312179565,0.8235095739364624,0.9200581312179565
1429,0.97898930311203,0.48912927508354187,1e-04,0.97898930311203,0.9284157156944275,0.8006751537322998,0.9284157156944275
1430,0.9793515801429749,0.49280500411987305,1e-04,0.9793515801429749,0.9204215407371521,0.8302844762802124,0.9204215407371521
1431,0.9791704416275024,0.4892956614494324,1e-04,0.9791704416275024,0.9207848906517029,0.8124156594276428,0.9207848906517029
1432,0.9782648086547852,0.49229925870895386,1e-04,0.9782648086547852,0.9189680218696594,0.8160876035690308,0.9189680218696594
1433,0.9779025316238403,0.49018722772598267,1e-04,0.9779025316238403,0.921875,0.8097812533378601,0.921875
1434,0.9777214527130127,0.49130234122276306,1e-04,0.9777214527130127,0.9178779125213623,0.8359864950180054,0.9178779125213623
1435,0.9768158197402954,0.49343034625053406,1e-04,0.9768158197402954,0.9276889562606812,0.777843713760376,0.9276889562606812
1436,0.9776308536529541,0.49333781003952026,1e-04,0.9776308536529541,0.9160610437393188,0.856690526008606,0.9160610437393188
1437,0.9781742691993713,0.4903324246406555,1e-04,0.9781742691993713,0.9207848906517029,0.8255394101142883,0.9207848906517029
1438,0.9769063591957092,0.49238458275794983,1e-04,0.9769063591957092,0.9095203280448914,0.8341578841209412,0.9095203280448914
1439,0.9816156625747681,0.48401328921318054,1e-04,0.9816156625747681,0.9215116500854492,0.8149641156196594,0.9215116500854492
1440,0.9790799021720886,0.4875180423259735,1e-04,0.9790799021720886,0.9240552186965942,0.76936936378479,0.9240552186965942
1441,0.9774497151374817,0.49060139060020447,1e-04,0.9774497151374817,0.9211482405662537,0.8032169938087463,0.9211482405662537
1442,0.9807100296020508,0.4855537712574005,1e-04,0.9807100296020508,0.9247819781303406,0.8186781406402588,0.9247819781303406
1443,0.9782648086547852,0.4883861541748047,1e-04,0.9782648086547852,0.9233284592628479,0.8068677186965942,0.9233284592628479
1444,0.977268636226654,0.4920712113380432,1e-04,0.977268636226654,0.9207848906517029,0.7643272280693054,0.9207848906517029
1445,0.9775403141975403,0.4910573959350586,1e-04,0.9775403141975403,0.9186046719551086,0.7569522261619568,0.9186046719551086
1446,0.9804383516311646,0.482984721660614,1e-04,0.9804383516311646,0.9229651093482971,0.7975918054580688,0.9229651093482971
1447,0.9767252206802368,0.4945882260799408,1e-04,0.9767252206802368,0.9211482405662537,0.7805655598640442,0.9211482405662537
1448,0.9794421195983887,0.4858672022819519,1e-04,0.9794421195983887,0.9273256063461304,0.7832874655723572,0.9273256063461304
1449,0.9768158197402954,0.49693483114242554,1e-04,0.9768158197402954,0.921875,0.8096383810043335,0.921875
1450,0.980347752571106,0.4866622984409332,1e-04,0.980347752571106,0.9258720874786377,0.7861971259117126,0.9258720874786377
1451,0.9785364866256714,0.4904322624206543,1e-04,0.9785364866256714,0.9233284592628479,0.7838754057884216,0.9233284592628479
1452,0.9813439846038818,0.4823537766933441,1e-04,0.9813439846038818,0.9247819781303406,0.7947552800178528,0.9247819781303406
1453,0.9820684790611267,0.48170652985572815,1e-04,0.9820684790611267,0.9182412624359131,0.8443637490272522,0.9182412624359131
1454,0.980981707572937,0.4860350787639618,1e-04,0.980981707572937,0.9204215407371521,0.7996750473976135,0.9204215407371521
1455,0.9771780371665955,0.492644339799881,1e-04,0.9771780371665955,0.9222383499145508,0.7984285354614258,0.9222383499145508
1456,0.9793515801429749,0.4881681203842163,1e-04,0.9793515801429749,0.9284157156944275,0.7802051901817322,0.9284157156944275
1457,0.9755479097366333,0.4947780966758728,1e-04,0.9755479097366333,0.9182412624359131,0.8344199657440186,0.9182412624359131
1458,0.9771780371665955,0.493182897567749,1e-04,0.9771780371665955,0.9258720874786377,0.7595528960227966,0.9258720874786377
1459,0.9781742691993713,0.49011218547821045,1e-04,0.9781742691993713,0.9236918687820435,0.7852036952972412,0.9236918687820435
1460,0.980347752571106,0.4892438054084778,1e-04,0.980347752571106,0.9182412624359131,0.837302029132843,0.9182412624359131
1461,0.9798949360847473,0.4871295690536499,1e-04,0.9798949360847473,0.9273256063461304,0.8043447732925415,0.9273256063461304
1462,0.9798043966293335,0.4857400059700012,1e-04,0.9798043966293335,0.917151153087616,0.8030202388763428,0.917151153087616
1463,0.9819778800010681,0.4832647144794464,1e-04,0.9819778800010681,0.9189680218696594,0.8273102641105652,0.9189680218696594
1464,0.9814345240592957,0.48053035140037537,1e-04,0.9814345240592957,0.9229651093482971,0.8199506402015686,0.9229651093482971
1465,0.9776308536529541,0.48858991265296936,1e-04,0.9776308536529541,0.9186046719551086,0.7980453968048096,0.9186046719551086
1466,0.9792609810829163,0.48678091168403625,1e-04,0.9792609810829163,0.9276889562606812,0.8077463507652283,0.9276889562606812
1467,0.9779931306838989,0.4888077676296234,1e-04,0.9779931306838989,0.9186046719551086,0.7585503458976746,0.9186046719551086
1468,0.9799855351448059,0.4855029284954071,1e-04,0.9799855351448059,0.9077034592628479,0.9050899744033813,0.9077034592628479
1469,0.9802572131156921,0.4928739666938782,1e-04,0.9802572131156921,0.913517415523529,0.8044402599334717,0.913517415523529
1470,0.9784459471702576,0.4869087040424347,1e-04,0.9784459471702576,0.9207848906517029,0.7960538864135742,0.9207848906517029
1471,0.9800760746002197,0.48449909687042236,1e-04,0.9800760746002197,0.9156976938247681,0.797172486782074,0.9156976938247681
1472,0.9793515801429749,0.48449453711509705,1e-04,0.9793515801429749,0.9167878031730652,0.8485985398292542,0.9167878031730652
1473,0.9797137975692749,0.4845890402793884,1e-04,0.9797137975692749,0.921875,0.8264932632446289,0.921875
1474,0.980981707572937,0.4855802655220032,1e-04,0.980981707572937,0.9186046719551086,0.7996282577514648,0.9186046719551086
1475,0.9747328162193298,0.49829229712486267,1e-04,0.9747328162193298,0.9251453280448914,0.7956284880638123,0.9251453280448914
1476,0.9771780371665955,0.4911377429962158,1e-04,0.9771780371665955,0.9251453280448914,0.7920156121253967,0.9251453280448914
1477,0.980981707572937,0.4801313877105713,1e-04,0.980981707572937,0.9229651093482971,0.8085296750068665,0.9229651093482971
1478,0.9777214527130127,0.4896821975708008,1e-04,0.9777214527130127,0.9189680218696594,0.7796930074691772,0.9189680218696594
1479,0.9785364866256714,0.4830315113067627,1e-04,0.9785364866256714,0.9182412624359131,0.825407087802887,0.9182412624359131
1480,0.9817968010902405,0.480312705039978,1e-04,0.9817968010902405,0.9247819781303406,0.762363851070404,0.9247819781303406
1481,0.9813439846038818,0.47909483313560486,1e-04,0.9813439846038818,0.9287790656089783,0.7982339859008789,0.9287790656089783
1482,0.9768158197402954,0.4905793070793152,1e-04,0.9768158197402954,0.9182412624359131,0.7897605895996094,0.9182412624359131
1483,0.9804383516311646,0.48768576979637146,1e-04,0.9804383516311646,0.9240552186965942,0.7991132736206055,0.9240552186965942
1484,0.976996898651123,0.4900040626525879,1e-04,0.976996898651123,0.9178779125213623,0.7578502297401428,0.9178779125213623
1485,0.9785364866256714,0.48898589611053467,1e-04,0.9785364866256714,0.9240552186965942,0.7840206027030945,0.9240552186965942
1486,0.983336329460144,0.4796757400035858,1e-04,0.983336329460144,0.9102470874786377,0.8043187260627747,0.9102470874786377
1487,0.9827024340629578,0.47977474331855774,1e-04,0.9827024340629578,0.9222383499145508,0.8310337662696838,0.9222383499145508
1488,0.9779931306838989,0.48906511068344116,1e-04,0.9779931306838989,0.9284157156944275,0.7801560759544373,0.9284157156944275
1489,0.9815250635147095,0.4829171895980835,1e-04,0.9815250635147095,0.9262354373931885,0.7684290409088135,0.9262354373931885
1490,0.9814345240592957,0.4825913608074188,1e-04,0.9814345240592957,0.9280523061752319,0.8116026520729065,0.9280523061752319
1491,0.9815250635147095,0.47993430495262146,1e-04,0.9815250635147095,0.9236918687820435,0.7702041268348694,0.9236918687820435
1492,0.9794421195983887,0.4847449064254761,1e-04,0.9794421195983887,0.9204215407371521,0.8011869192123413,0.9204215407371521
1493,0.9788987636566162,0.48401978611946106,1e-04,0.9788987636566162,0.9189680218696594,0.8088917136192322,0.9189680218696594
1494,0.977268636226654,0.49122416973114014,1e-04,0.977268636226654,0.9251453280448914,0.8082760572433472,0.9251453280448914
1495,0.983336329460144,0.4770629405975342,1e-04,0.983336329460144,0.9280523061752319,0.8072564005851746,0.9280523061752319
1496,0.978355348110199,0.49055343866348267,1e-04,0.978355348110199,0.9280523061752319,0.7658981680870056,0.9280523061752319
1497,0.9794421195983887,0.48633480072021484,1e-04,0.9794421195983887,0.9240552186965942,0.8026012778282166,0.9240552186965942
1498,0.9816156625747681,0.4835294187068939,1e-04,0.9816156625747681,0.9124273061752319,0.8676300644874573,0.9124273061752319
1499,0.9806194305419922,0.48338544368743896,1e-04,0.9806194305419922,0.9196947813034058,0.8248499631881714,0.9196947813034058
1500,0.9805288910865784,0.48157647252082825,1e-04,0.9805288910865784,0.9222383499145508,0.815814197063446,0.9222383499145508
1501,0.9777214527130127,0.4925645589828491,1e-04,0.9777214527130127,0.9178779125213623,0.8334739208221436,0.9178779125213623
1502,0.9806194305419922,0.4853947162628174,1e-04,0.9806194305419922,0.9149709343910217,0.8366579413414001,0.9149709343910217
1503,0.9807100296020508,0.4825315773487091,1e-04,0.9807100296020508,0.921875,0.8027196526527405,0.921875
1504,0.9798043966293335,0.4836731255054474,1e-04,0.9798043966293335,0.9178779125213623,0.8040157556533813,0.9178779125213623
1505,0.9804383516311646,0.48242002725601196,1e-04,0.9804383516311646,0.9229651093482971,0.7995531558990479,0.9229651093482971
1506,0.9819778800010681,0.48133406043052673,1e-04,0.9819778800010681,0.9193313717842102,0.7993581891059875,0.9193313717842102
1507,0.9813439846038818,0.4808565080165863,1e-04,0.9813439846038818,0.930232584476471,0.776057243347168,0.930232584476471
1508,0.978355348110199,0.48672425746917725,1e-04,0.978355348110199,0.9193313717842102,0.8039231300354004,0.9193313717842102
1509,0.980347752571106,0.4814201593399048,1e-04,0.980347752571106,0.9211482405662537,0.7733760476112366,0.9211482405662537
1510,0.9814345240592957,0.47943204641342163,1e-04,0.9814345240592957,0.9186046719551086,0.8067924976348877,0.9186046719551086
1511,0.9812533855438232,0.4779821038246155,1e-04,0.9812533855438232,0.9196947813034058,0.805546760559082,0.9196947813034058
1512,0.9808005690574646,0.48062461614608765,1e-04,0.9808005690574646,0.9276889562606812,0.7756120562553406,0.9276889562606812
1513,0.9798949360847473,0.4808822572231293,1e-04,0.9798949360847473,0.9255087375640869,0.78326016664505,0.9255087375640869
1514,0.9820684790611267,0.4777849316596985,1e-04,0.9820684790611267,0.9295058250427246,0.7845326066017151,0.9295058250427246
1515,0.9821590185165405,0.4770936369895935,1e-04,0.9821590185165405,0.9247819781303406,0.7681893706321716,0.9247819781303406
1516,0.9811628460884094,0.4814232885837555,1e-04,0.9811628460884094,0.9211482405662537,0.8115211129188538,0.9211482405662537
1517,0.97898930311203,0.48202186822891235,1e-04,0.97898930311203,0.9244186282157898,0.7853502035140991,0.9244186282157898
1518,0.97862708568573,0.4814808964729309,1e-04,0.97862708568573,0.9222383499145508,0.8388475179672241,0.9222383499145508
1519,0.9801666140556335,0.4849843978881836,1e-04,0.9801666140556335,0.9084302186965942,0.8718222975730896,0.9084302186965942
1520,0.9796232581138611,0.4828558564186096,1e-04,0.9796232581138611,0.9236918687820435,0.8090078830718994,0.9236918687820435
1521,0.9822496175765991,0.4769177734851837,1e-04,0.9822496175765991,0.9167878031730652,0.8122596740722656,0.9167878031730652
1522,0.9773591756820679,0.48776015639305115,1e-04,0.9773591756820679,0.9211482405662537,0.7899094223976135,0.9211482405662537
1523,0.9806194305419922,0.48101335763931274,1e-04,0.9806194305419922,0.9189680218696594,0.7767435312271118,0.9189680218696594
1524,0.9805288910865784,0.48155200481414795,1e-04,0.9805288910865784,0.9189680218696594,0.8043365478515625,0.9189680218696594
1525,0.9813439846038818,0.4765424132347107,1e-04,0.9813439846038818,0.926598846912384,0.777219831943512,0.926598846912384
1526,0.9831552505493164,0.4765869081020355,1e-04,0.9831552505493164,0.9175145626068115,0.7925952672958374,0.9175145626068115
1527,0.9828835129737854,0.47683361172676086,1e-04,0.9828835129737854,0.9182412624359131,0.7783326506614685,0.9182412624359131
1528,0.9794421195983887,0.48097503185272217,1e-04,0.9794421195983887,0.9215116500854492,0.8111997842788696,0.9215116500854492
1529,0.9810722470283508,0.4796205461025238,1e-04,0.9810722470283508,0.9196947813034058,0.8118727803230286,0.9196947813034058
1530,0.9800760746002197,0.4834182560443878,1e-04,0.9800760746002197,0.917151153087616,0.8235214352607727,0.917151153087616
1531,0.9794421195983887,0.485613077878952,1e-04,0.9794421195983887,0.9200581312179565,0.8164743781089783,0.9200581312179565
1532,0.9804383516311646,0.48310595750808716,1e-04,0.9804383516311646,0.9244186282157898,0.7752854824066162,0.9244186282157898
1533,0.9808005690574646,0.480482816696167,1e-04,0.9808005690574646,0.9233284592628479,0.784259021282196,0.9233284592628479
1534,0.9826118350028992,0.4765048325061798,1e-04,0.9826118350028992,0.9196947813034058,0.827673614025116,0.9196947813034058
1535,0.9812533855438232,0.47828254103660583,1e-04,0.9812533855438232,0.9251453280448914,0.7739332318305969,0.9251453280448914
1536,0.9818873405456543,0.4788747727870941,1e-04,0.9818873405456543,0.9240552186965942,0.7769072651863098,0.9240552186965942
1537,0.9827929735183716,0.47214943170547485,1e-04,0.9827929735183716,0.9247819781303406,0.8120927810668945,0.9247819781303406
1538,0.9807100296020508,0.47941625118255615,1e-04,0.9807100296020508,0.9164243936538696,0.8326370716094971,0.9164243936538696
1539,0.9816156625747681,0.4785538613796234,1e-04,0.9816156625747681,0.9251453280448914,0.8091927170753479,0.9251453280448914
1540,0.9810722470283508,0.4826638400554657,1e-04,0.9810722470283508,0.9200581312179565,0.8570683598518372,0.9200581312179565
1541,0.9776308536529541,0.48443514108657837,1e-04,0.9776308536529541,0.9200581312179565,0.7991213202476501,0.9200581312179565
1542,0.9825212955474854,0.4769099950790405,1e-04,0.9825212955474854,0.9273256063461304,0.8126157522201538,0.9273256063461304
1543,0.9757290482521057,0.48867687582969666,1e-04,0.9757290482521057,0.9178779125213623,0.7764884829521179,0.9178779125213623
1544,0.9840608835220337,0.4724891781806946,1e-04,0.9840608835220337,0.9189680218696594,0.813596785068512,0.9189680218696594
1545,0.9840608835220337,0.47342896461486816,1e-04,0.9840608835220337,0.9200581312179565,0.8176093697547913,0.9200581312179565
1546,0.9804383516311646,0.4770956337451935,1e-04,0.9804383516311646,0.9215116500854492,0.7712640762329102,0.9215116500854492
1547,0.9865060448646545,0.46847379207611084,1e-04,0.9865060448646545,0.9204215407371521,0.8000736832618713,0.9204215407371521
1548,0.9828835129737854,0.47641733288764954,1e-04,0.9828835129737854,0.9204215407371521,0.7963101863861084,0.9204215407371521
1549,0.9779025316238403,0.4845225214958191,1e-04,0.9779025316238403,0.9233284592628479,0.7886757254600525,0.9233284592628479
1550,0.9845137000083923,0.4685744345188141,1e-04,0.9845137000083923,0.9193313717842102,0.8725794553756714,0.9193313717842102
1551,0.9804383516311646,0.47743210196495056,1e-04,0.9804383516311646,0.9189680218696594,0.822088897228241,0.9189680218696594
1552,0.9817062020301819,0.4786469042301178,1e-04,0.9817062020301819,0.9233284592628479,0.7970564365386963,0.9233284592628479
1553,0.9816156625747681,0.4766758382320404,1e-04,0.9816156625747681,0.9204215407371521,0.786291778087616,0.9204215407371521
1554,0.9800760746002197,0.47715288400650024,1e-04,0.9800760746002197,0.9156976938247681,0.8026401400566101,0.9156976938247681
1555,0.9790799021720886,0.48066145181655884,1e-04,0.9790799021720886,0.9178779125213623,0.7944415807723999,0.9178779125213623
1556,0.9851475954055786,0.4696142375469208,1e-04,0.9851475954055786,0.9236918687820435,0.7863353490829468,0.9236918687820435
1557,0.9838797450065613,0.4716217517852783,1e-04,0.9838797450065613,0.917151153087616,0.797940731048584,0.917151153087616
1558,0.980347752571106,0.48039016127586365,1e-04,0.980347752571106,0.9204215407371521,0.8282188773155212,0.9204215407371521
1559,0.9817062020301819,0.4737916886806488,1e-04,0.9817062020301819,0.9215116500854492,0.7891760468482971,0.9215116500854492
1560,0.9824306964874268,0.4749329388141632,1e-04,0.9824306964874268,0.9273256063461304,0.7870085835456848,0.9273256063461304
1561,0.9832457900047302,0.4738098382949829,1e-04,0.9832457900047302,0.9095203280448914,0.8177244663238525,0.9095203280448914
1562,0.9816156625747681,0.47942838072776794,1e-04,0.9816156625747681,0.9240552186965942,0.7734683752059937,0.9240552186965942
1563,0.9808911681175232,0.48219600319862366,1e-04,0.9808911681175232,0.9207848906517029,0.7950189113616943,0.9207848906517029
1564,0.9791704416275024,0.4835171699523926,1e-04,0.9791704416275024,0.9142441749572754,0.853570818901062,0.9142441749572754
1565,0.9810722470283508,0.47776636481285095,1e-04,0.9810722470283508,0.921875,0.8229920268058777,0.921875
1566,0.9811628460884094,0.47436487674713135,1e-04,0.9811628460884094,0.9269621968269348,0.7821500301361084,0.9269621968269348
1567,0.9816156625747681,0.475452184677124,1e-04,0.9816156625747681,0.9178779125213623,0.8291398882865906,0.9178779125213623
1568,0.9794421195983887,0.4822201728820801,1e-04,0.9794421195983887,0.917151153087616,0.7821033596992493,0.917151153087616
1569,0.9814345240592957,0.47598710656166077,1e-04,0.9814345240592957,0.926598846912384,0.7916997671127319,0.926598846912384
1570,0.9805288910865784,0.4754542410373688,1e-04,0.9805288910865784,0.9247819781303406,0.8031381368637085,0.9247819781303406
1571,0.9788987636566162,0.48344168066978455,1e-04,0.9788987636566162,0.9160610437393188,0.7899609804153442,0.9160610437393188
1572,0.9804383516311646,0.48000696301460266,1e-04,0.9804383516311646,0.9106104373931885,0.7936777472496033,0.9106104373931885
1573,0.9796232581138611,0.4814935028553009,1e-04,0.9796232581138611,0.9251453280448914,0.8158147931098938,0.9251453280448914
1574,0.982974112033844,0.4730422794818878,1e-04,0.982974112033844,0.9186046719551086,0.823856770992279,0.9186046719551086
1575,0.9831552505493164,0.47162848711013794,1e-04,0.9831552505493164,0.9215116500854492,0.8192119002342224,0.9215116500854492
1576,0.9798043966293335,0.47938472032546997,1e-04,0.9798043966293335,0.9247819781303406,0.8024844527244568,0.9247819781303406
1577,0.9820684790611267,0.4744763672351837,1e-04,0.9820684790611267,0.9193313717842102,0.8148334622383118,0.9193313717842102
1578,0.9801666140556335,0.4796481132507324,1e-04,0.9801666140556335,0.9236918687820435,0.8043728470802307,0.9236918687820435
1579,0.9821590185165405,0.4741920530796051,1e-04,0.9821590185165405,0.9222383499145508,0.8103040456771851,0.9222383499145508
1580,0.9830646514892578,0.47170987725257874,1e-04,0.9830646514892578,0.9255087375640869,0.7796258926391602,0.9255087375640869
1581,0.9819778800010681,0.47529417276382446,1e-04,0.9819778800010681,0.9247819781303406,0.7683761715888977,0.9247819781303406
1582,0.9813439846038818,0.4735744893550873,1e-04,0.9813439846038818,0.9182412624359131,0.8216606974601746,0.9182412624359131
1583,0.9795327186584473,0.4851565361022949,1e-04,0.9795327186584473,0.9175145626068115,0.8264433145523071,0.9175145626068115
1584,0.9817062020301819,0.47323623299598694,1e-04,0.9817062020301819,0.913517415523529,0.8917060494422913,0.913517415523529
1585,0.9805288910865784,0.47755497694015503,1e-04,0.9805288910865784,0.9211482405662537,0.8158197402954102,0.9211482405662537
1586,0.9816156625747681,0.4778558611869812,1e-04,0.9816156625747681,0.9189680218696594,0.7795625925064087,0.9189680218696594
1587,0.9822496175765991,0.4718306064605713,1e-04,0.9822496175765991,0.9251453280448914,0.8277807831764221,0.9251453280448914
1588,0.9830646514892578,0.4699593782424927,1e-04,0.9830646514892578,0.9222383499145508,0.8341600298881531,0.9222383499145508
1589,0.9824306964874268,0.4727625548839569,1e-04,0.9824306964874268,0.9255087375640869,0.8034302592277527,0.9255087375640869
1590,0.9802572131156921,0.4751197099685669,1e-04,0.9802572131156921,0.9178779125213623,0.852715253829956,0.9178779125213623
1591,0.9807100296020508,0.4776235818862915,1e-04,0.9807100296020508,0.9207848906517029,0.7799831032752991,0.9207848906517029
1592,0.9807100296020508,0.47640398144721985,1e-04,0.9807100296020508,0.9233284592628479,0.8551938533782959,0.9233284592628479
1593,0.9792609810829163,0.481652170419693,1e-04,0.9792609810829163,0.9287790656089783,0.7395626902580261,0.9287790656089783
1594,0.980347752571106,0.47734883427619934,1e-04,0.980347752571106,0.9153342843055725,0.893100380897522,0.9153342843055725
1595,0.9810722470283508,0.4765072166919708,1e-04,0.9810722470283508,0.9211482405662537,0.7740798592567444,0.9211482405662537
1596,0.9791704416275024,0.47714346647262573,1e-04,0.9791704416275024,0.9222383499145508,0.8238979578018188,0.9222383499145508
1597,0.983336329460144,0.47136208415031433,1e-04,0.983336329460144,0.9156976938247681,0.7921247482299805,0.9156976938247681
1598,0.983336329460144,0.47553911805152893,1e-04,0.983336329460144,0.917151153087616,0.7897672653198242,0.917151153087616
1599,0.9802572131156921,0.4783321022987366,1e-04,0.9802572131156921,0.930232584476471,0.8014450073242188,0.930232584476471
1600,0.9827024340629578,0.472166508436203,1e-04,0.9827024340629578,0.921875,0.8177782297134399,0.921875
1601,0.9838797450065613,0.47054049372673035,1e-04,0.9838797450065613,0.9098837375640869,0.8482340574264526,0.9098837375640869
1602,0.9776308536529541,0.48211950063705444,1e-04,0.9776308536529541,0.9186046719551086,0.7948068380355835,0.9186046719551086
1603,0.9817062020301819,0.47389256954193115,1e-04,0.9817062020301819,0.9186046719551086,0.8272387385368347,0.9186046719551086
1604,0.9781742691993713,0.48210880160331726,1e-04,0.9781742691993713,0.9207848906517029,0.7873083353042603,0.9207848906517029
1605,0.9850570559501648,0.46693527698516846,1e-04,0.9850570559501648,0.9226017594337463,0.8114426136016846,0.9226017594337463
1606,0.980347752571106,0.4755704998970032,1e-04,0.980347752571106,0.9167878031730652,0.7953672409057617,0.9167878031730652
1607,0.9844231009483337,0.4687155485153198,1e-04,0.9844231009483337,0.9149709343910217,0.8507044315338135,0.9149709343910217
1608,0.9827929735183716,0.4706460237503052,1e-04,0.9827929735183716,0.9273256063461304,0.7607781887054443,0.9273256063461304
1609,0.9827024340629578,0.47222644090652466,1e-04,0.9827024340629578,0.9244186282157898,0.8055142164230347,0.9244186282157898
1610,0.9817062020301819,0.4741171598434448,1e-04,0.9817062020301819,0.9204215407371521,0.8361451029777527,0.9204215407371521
1611,0.9816156625747681,0.4747031629085541,1e-04,0.9816156625747681,0.9193313717842102,0.852116048336029,0.9193313717842102
1612,0.9827929735183716,0.4677525758743286,1e-04,0.9827929735183716,0.9120639562606812,0.8816418051719666,0.9120639562606812
1613,0.9848759174346924,0.46650078892707825,1e-04,0.9848759174346924,0.9193313717842102,0.8413687348365784,0.9193313717842102
1614,0.9817968010902405,0.47364407777786255,1e-04,0.9817968010902405,0.9186046719551086,0.8272347450256348,0.9186046719551086
1615,0.9818873405456543,0.47487813234329224,1e-04,0.9818873405456543,0.9262354373931885,0.8008506894111633,0.9262354373931885
1616,0.9830646514892578,0.4697403013706207,1e-04,0.9830646514892578,0.9196947813034058,0.8286947011947632,0.9196947813034058
1617,0.9794421195983887,0.47750425338745117,1e-04,0.9794421195983887,0.9255087375640869,0.8405553102493286,0.9255087375640869
1618,0.9843325614929199,0.4693899154663086,1e-04,0.9843325614929199,0.9200581312179565,0.8117735981941223,0.9200581312179565
1619,0.9813439846038818,0.4741535484790802,1e-04,0.9813439846038818,0.9167878031730652,0.8307881951332092,0.9167878031730652
1620,0.9830646514892578,0.467934787273407,1e-04,0.9830646514892578,0.9215116500854492,0.8040898442268372,0.9215116500854492
1621,0.986687183380127,0.46156489849090576,1e-04,0.986687183380127,0.9193313717842102,0.8325655460357666,0.9193313717842102
1622,0.9814345240592957,0.4744948148727417,1e-04,0.9814345240592957,0.9178779125213623,0.8298200368881226,0.9178779125213623
1623,0.9824306964874268,0.4709797203540802,1e-04,0.9824306964874268,0.9258720874786377,0.7832181453704834,0.9258720874786377
1624,0.9834269285202026,0.47028324007987976,1e-04,0.9834269285202026,0.926598846912384,0.798369288444519,0.926598846912384
1625,0.9821590185165405,0.4714333415031433,1e-04,0.9821590185165405,0.9087936282157898,0.8387091159820557,0.9087936282157898
1626,0.9850570559501648,0.46461379528045654,1e-04,0.9850570559501648,0.9287790656089783,0.7901473641395569,0.9287790656089783
1627,0.9822496175765991,0.4711151123046875,1e-04,0.9822496175765991,0.930232584476471,0.8054636716842651,0.930232584476471
1628,0.9836986064910889,0.4721294939517975,1e-04,0.9836986064910889,0.9258720874786377,0.7837525010108948,0.9258720874786377
1629,0.9817062020301819,0.47086969017982483,1e-04,0.9817062020301819,0.9244186282157898,0.7604795098304749,0.9244186282157898
1630,0.9788987636566162,0.4791930913925171,1e-04,0.9788987636566162,0.914607584476471,0.7942448258399963,0.914607584476471
1631,0.9811628460884094,0.4721986651420593,1e-04,0.9811628460884094,0.9280523061752319,0.795663595199585,0.9280523061752319
1632,0.9788987636566162,0.4769606292247772,1e-04,0.9788987636566162,0.9189680218696594,0.7976882457733154,0.9189680218696594
1633,0.985328733921051,0.46668902039527893,1e-04,0.985328733921051,0.930232584476471,0.771797776222229,0.930232584476471
1634,0.9817968010902405,0.4716472327709198,1e-04,0.9817968010902405,0.9178779125213623,0.8360176682472229,0.9178779125213623
1635,0.9837891459465027,0.46848610043525696,1e-04,0.9837891459465027,0.9236918687820435,0.820077657699585,0.9236918687820435
1636,0.9773591756820679,0.4826640784740448,1e-04,0.9773591756820679,0.9233284592628479,0.7730478048324585,0.9233284592628479
1637,0.983336329460144,0.46903911232948303,1e-04,0.983336329460144,0.9240552186965942,0.8150796294212341,0.9240552186965942
1638,0.9798949360847473,0.47543632984161377,1e-04,0.9798949360847473,0.9247819781303406,0.8007983565330505,0.9247819781303406
1639,0.9836986064910889,0.4680347442626953,1e-04,0.9836986064910889,0.9244186282157898,0.7937354445457458,0.9244186282157898
1640,0.9834269285202026,0.4682019352912903,1e-04,0.9834269285202026,0.9167878031730652,0.8567325472831726,0.9167878031730652
1641,0.9827024340629578,0.46868109703063965,1e-04,0.9827024340629578,0.9207848906517029,0.796541690826416,0.9207848906517029
1642,0.982974112033844,0.4685077965259552,1e-04,0.982974112033844,0.9131540656089783,0.8548712730407715,0.9131540656089783
1643,0.9826118350028992,0.47003477811813354,1e-04,0.9826118350028992,0.9196947813034058,0.8488587737083435,0.9196947813034058
1644,0.9840608835220337,0.46481433510780334,1e-04,0.9840608835220337,0.917151153087616,0.8156083822250366,0.917151153087616
1645,0.9848759174346924,0.465104877948761,1e-04,0.9848759174346924,0.9131540656089783,0.8203019499778748,0.9131540656089783
1646,0.9850570559501648,0.46329236030578613,1e-04,0.9850570559501648,0.9233284592628479,0.8353468179702759,0.9233284592628479
1647,0.9827929735183716,0.4663933515548706,1e-04,0.9827929735183716,0.9229651093482971,0.8162931203842163,0.9229651093482971
1648,0.9818873405456543,0.47111913561820984,1e-04,0.9818873405456543,0.9287790656089783,0.833618700504303,0.9287790656089783
1649,0.982974112033844,0.46975505352020264,1e-04,0.982974112033844,0.9284157156944275,0.8402976989746094,0.9284157156944275
1650,0.9834269285202026,0.47031375765800476,1e-04,0.9834269285202026,0.9156976938247681,0.8591878414154053,0.9156976938247681
1651,0.9836986064910889,0.46706250309944153,1e-04,0.9836986064910889,0.9244186282157898,0.8330959677696228,0.9244186282157898
1652,0.9807100296020508,0.473751425743103,1e-04,0.9807100296020508,0.9222383499145508,0.7907816767692566,0.9222383499145508
1653,0.9842419624328613,0.46469441056251526,1e-04,0.9842419624328613,0.9156976938247681,0.7850016951560974,0.9156976938247681
1654,0.9839702844619751,0.4640587866306305,1e-04,0.9839702844619751,0.9295058250427246,0.8014693856239319,0.9295058250427246
1655,0.9806194305419922,0.4716077446937561,1e-04,0.9806194305419922,0.9117006063461304,0.8292236328125,0.9117006063461304
1656,0.9835174679756165,0.4665071368217468,1e-04,0.9835174679756165,0.9255087375640869,0.8041754364967346,0.9255087375640869
1657,0.9825212955474854,0.47247666120529175,1e-04,0.9825212955474854,0.9295058250427246,0.8337956070899963,0.9295058250427246
1658,0.9823401570320129,0.4709741473197937,1e-04,0.9823401570320129,0.9276889562606812,0.7977254986763,0.9276889562606812
1659,0.9832457900047302,0.4667541980743408,1e-04,0.9832457900047302,0.921875,0.8155277967453003,0.921875
1660,0.9827929735183716,0.4678865969181061,1e-04,0.9827929735183716,0.9131540656089783,0.9173417091369629,0.9131540656089783
1661,0.9823401570320129,0.47009289264678955,1e-04,0.9823401570320129,0.9142441749572754,0.8994601964950562,0.9142441749572754
1662,0.9817062020301819,0.4708731472492218,1e-04,0.9817062020301819,0.9258720874786377,0.8101673722267151,0.9258720874786377
1663,0.9844231009483337,0.4629775285720825,1e-04,0.9844231009483337,0.9269621968269348,0.8185261487960815,0.9269621968269348
1664,0.9817968010902405,0.47098028659820557,1e-04,0.9817968010902405,0.9269621968269348,0.80580735206604,0.9269621968269348
1665,0.983336329460144,0.46610063314437866,1e-04,0.983336329460144,0.9058866500854492,0.8947292566299438,0.9058866500854492
1666,0.9816156625747681,0.46829715371131897,1e-04,0.9816156625747681,0.9244186282157898,0.8122705817222595,0.9244186282157898
1667,0.9832457900047302,0.4674812853336334,1e-04,0.9832457900047302,0.9149709343910217,0.8530578017234802,0.9149709343910217
1668,0.980981707572937,0.4699517786502838,1e-04,0.980981707572937,0.9287790656089783,0.7714638113975525,0.9287790656089783
1669,0.982974112033844,0.4679141342639923,1e-04,0.982974112033844,0.9273256063461304,0.7992517352104187,0.9273256063461304
1670,0.9851475954055786,0.45906880497932434,1e-04,0.9851475954055786,0.9236918687820435,0.8455657362937927,0.9236918687820435
1671,0.9820684790611267,0.47271209955215454,1e-04,0.9820684790611267,0.9276889562606812,0.7868446707725525,0.9276889562606812
1672,0.9843325614929199,0.4648789167404175,1e-04,0.9843325614929199,0.9222383499145508,0.8438827991485596,0.9222383499145508
1673,0.9819778800010681,0.46858668327331543,1e-04,0.9819778800010681,0.910973846912384,0.86090087890625,0.910973846912384
1674,0.9819778800010681,0.4702945351600647,1e-04,0.9819778800010681,0.921875,0.7729671597480774,0.921875
1675,0.9834269285202026,0.46455132961273193,1e-04,0.9834269285202026,0.9222383499145508,0.8379818201065063,0.9222383499145508
1676,0.9812533855438232,0.4727175831794739,1e-04,0.9812533855438232,0.914607584476471,0.8207550644874573,0.914607584476471
1677,0.9847853779792786,0.46324050426483154,1e-04,0.9847853779792786,0.9273256063461304,0.8114170432090759,0.9273256063461304
1678,0.9837891459465027,0.46564406156539917,1e-04,0.9837891459465027,0.9287790656089783,0.8149385452270508,0.9287790656089783
1679,0.9858721494674683,0.45846107602119446,1e-04,0.9858721494674683,0.9262354373931885,0.8441575765609741,0.9262354373931885
1680,0.9841514229774475,0.4644388258457184,1e-04,0.9841514229774475,0.9156976938247681,0.8336848020553589,0.9156976938247681
1681,0.9843325614929199,0.46287447214126587,1e-04,0.9843325614929199,0.9222383499145508,0.8540600538253784,0.9222383499145508
1682,0.983336329460144,0.4650033414363861,1e-04,0.983336329460144,0.9222383499145508,0.8371831178665161,0.9222383499145508
1683,0.9845137000083923,0.46487846970558167,1e-04,0.9845137000083923,0.9226017594337463,0.816408634185791,0.9226017594337463
1684,0.9799855351448059,0.47517552971839905,1e-04,0.9799855351448059,0.9233284592628479,0.8324398398399353,0.9233284592628479
1685,0.9816156625747681,0.4718972146511078,1e-04,0.9816156625747681,0.926598846912384,0.7783112525939941,0.926598846912384
1686,0.9838797450065613,0.4638294279575348,1e-04,0.9838797450065613,0.9244186282157898,0.8426181077957153,0.9244186282157898
1687,0.9810722470283508,0.47244027256965637,1e-04,0.9810722470283508,0.9211482405662537,0.8150519728660583,0.9211482405662537
1688,0.9854193329811096,0.4619285762310028,1e-04,0.9854193329811096,0.9193313717842102,0.824450671672821,0.9193313717842102
1689,0.9835174679756165,0.46617504954338074,1e-04,0.9835174679756165,0.9226017594337463,0.7979850172996521,0.9226017594337463
1690,0.9854193329811096,0.4607183039188385,1e-04,0.9854193329811096,0.9240552186965942,0.8174616098403931,0.9240552186965942
1691,0.9840608835220337,0.4634436070919037,1e-04,0.9840608835220337,0.9229651093482971,0.8460969924926758,0.9229651093482971
1692,0.9862343668937683,0.4580940902233124,1e-04,0.9862343668937683,0.926598846912384,0.8417469263076782,0.926598846912384
1693,0.9821590185165405,0.4687865376472473,1e-04,0.9821590185165405,0.9229651093482971,0.7783030271530151,0.9229651093482971
1694,0.982974112033844,0.4640614092350006,1e-04,0.982974112033844,0.921875,0.8486832976341248,0.921875
1695,0.983336329460144,0.4653516113758087,1e-04,0.983336329460144,0.9233284592628479,0.8340359330177307,0.9233284592628479
1696,0.9835174679756165,0.46810558438301086,1e-04,0.9835174679756165,0.9222383499145508,0.8256577849388123,0.9222383499145508
1697,0.9843325614929199,0.4625594913959503,1e-04,0.9843325614929199,0.926598846912384,0.7997496724128723,0.926598846912384
1698,0.9814345240592957,0.47170859575271606,1e-04,0.9814345240592957,0.9193313717842102,0.8306928277015686,0.9193313717842102
1699,0.9837891459465027,0.4648338556289673,1e-04,0.9837891459465027,0.9186046719551086,0.8090423941612244,0.9186046719551086
1700,0.9851475954055786,0.45981767773628235,1e-04,0.9851475954055786,0.9211482405662537,0.8854954838752747,0.9211482405662537
1701,0.9831552505493164,0.4675881862640381,1e-04,0.9831552505493164,0.9142441749572754,0.8107321858406067,0.9142441749572754
1702,0.9840608835220337,0.46384724974632263,1e-04,0.9840608835220337,0.9255087375640869,0.8810870051383972,0.9255087375640869
1703,0.984966516494751,0.4615383744239807,1e-04,0.984966516494751,0.9153342843055725,0.8978626132011414,0.9153342843055725
1704,0.98469477891922,0.4603072702884674,1e-04,0.98469477891922,0.9255087375640869,0.8323878645896912,0.9255087375640869
1705,0.983336329460144,0.46434086561203003,1e-04,0.983336329460144,0.9251453280448914,0.8218591213226318,0.9251453280448914
1706,0.9827929735183716,0.46662065386772156,1e-04,0.9827929735183716,0.9251453280448914,0.853797197341919,0.9251453280448914
1707,0.9846042394638062,0.4618183672428131,1e-04,0.9846042394638062,0.9167878031730652,0.843692421913147,0.9167878031730652
1708,0.982974112033844,0.4640066623687744,1e-04,0.982974112033844,0.9098837375640869,0.858514130115509,0.9098837375640869
1709,0.9854193329811096,0.46140438318252563,1e-04,0.9854193329811096,0.9215116500854492,0.8717591166496277,0.9215116500854492
1710,0.9839702844619751,0.46228116750717163,1e-04,0.9839702844619751,0.9255087375640869,0.8601775765419006,0.9255087375640869
1711,0.9838797450065613,0.46098724007606506,1e-04,0.9838797450065613,0.9273256063461304,0.8189252018928528,0.9273256063461304
1712,0.983608067035675,0.46540188789367676,1e-04,0.983608067035675,0.917151153087616,0.7852535843849182,0.917151153087616
1713,0.9807100296020508,0.46887442469596863,1e-04,0.9807100296020508,0.9204215407371521,0.8426344394683838,0.9204215407371521
1714,0.9843325614929199,0.459509938955307,1e-04,0.9843325614929199,0.9207848906517029,0.82047438621521,0.9207848906517029
1715,0.9868683218955994,0.4576067328453064,1e-04,0.9868683218955994,0.9229651093482971,0.8789758086204529,0.9229651093482971
1716,0.9826118350028992,0.4638444185256958,1e-04,0.9826118350028992,0.9095203280448914,0.9084846377372742,0.9095203280448914
1717,0.9815250635147095,0.46791374683380127,1e-04,0.9815250635147095,0.9269621968269348,0.8163304924964905,0.9269621968269348
1718,0.9854193329811096,0.45963871479034424,1e-04,0.9854193329811096,0.9236918687820435,0.7948364615440369,0.9236918687820435
1719,0.9834269285202026,0.461228609085083,1e-04,0.9834269285202026,0.9273256063461304,0.858481764793396,0.9273256063461304
1720,0.9830646514892578,0.46332699060440063,1e-04,0.9830646514892578,0.9240552186965942,0.8441686630249023,0.9240552186965942
1721,0.9826118350028992,0.4649449586868286,1e-04,0.9826118350028992,0.9258720874786377,0.7852343916893005,0.9258720874786377
1722,0.98469477891922,0.46147406101226807,1e-04,0.98469477891922,0.913517415523529,0.8233138918876648,0.913517415523529
1723,0.9843325614929199,0.4629206359386444,1e-04,0.9843325614929199,0.926598846912384,0.7916430234909058,0.926598846912384
1724,0.9861438274383545,0.45737767219543457,1e-04,0.9861438274383545,0.9196947813034058,0.8366302847862244,0.9196947813034058
1725,0.9858721494674683,0.46032628417015076,1e-04,0.9858721494674683,0.9193313717842102,0.8035246133804321,0.9193313717842102
1726,0.9848759174346924,0.45987603068351746,1e-04,0.9848759174346924,0.9200581312179565,0.8471647500991821,0.9200581312179565
1727,0.9870494604110718,0.4570237696170807,1e-04,0.9870494604110718,0.9215116500854492,0.8317084312438965,0.9215116500854492
1728,0.984966516494751,0.4592871069908142,1e-04,0.984966516494751,0.9204215407371521,0.8282785415649414,0.9204215407371521
1729,0.9832457900047302,0.4673483073711395,1e-04,0.9832457900047302,0.9247819781303406,0.7667819857597351,0.9247819781303406
1730,0.9848759174346924,0.45865899324417114,1e-04,0.9848759174346924,0.9269621968269348,0.8488366007804871,0.9269621968269348
1731,0.9854193329811096,0.4562527537345886,1e-04,0.9854193329811096,0.9211482405662537,0.8834927678108215,0.9211482405662537
1732,0.9845137000083923,0.4608895778656006,1e-04,0.9845137000083923,0.9156976938247681,0.8932321071624756,0.9156976938247681
1733,0.9831552505493164,0.4629318416118622,1e-04,0.9831552505493164,0.9087936282157898,0.8798866868019104,0.9087936282157898
1734,0.9765440821647644,0.48313435912132263,1e-04,0.9765440821647644,0.9255087375640869,0.8093249201774597,0.9255087375640869
1735,0.9840137362480164,0.46071240305900574,1e-04,0.9840137362480164,0.9204215407371521,0.8275044560432434,0.9204215407371521
1736,0.9865966439247131,0.4567609429359436,1e-04,0.9865966439247131,0.9273256063461304,0.8134042620658875,0.9273256063461304
1737,0.9837891459465027,0.463788241147995,1e-04,0.9837891459465027,0.9258720874786377,0.7905421853065491,0.9258720874786377
1738,0.984966516494751,0.4576864242553711,1e-04,0.984966516494751,0.9273256063461304,0.8070518970489502,0.9273256063461304
1739,0.9835174679756165,0.4646695554256439,1e-04,0.9835174679756165,0.926598846912384,0.822448194026947,0.926598846912384
1740,0.9863249659538269,0.4578479528427124,1e-04,0.9863249659538269,0.9233284592628479,0.826076865196228,0.9233284592628479
1741,0.9846042394638062,0.46291249990463257,1e-04,0.9846042394638062,0.9196947813034058,0.8394713401794434,0.9196947813034058
1742,0.9828835129737854,0.46121227741241455,1e-04,0.9828835129737854,0.9175145626068115,0.8269598484039307,0.9175145626068115
1743,0.9836986064910889,0.4643404483795166,1e-04,0.9836986064910889,0.9255087375640869,0.8266501426696777,0.9255087375640869
1744,0.987321138381958,0.45439836382865906,1e-04,0.987321138381958,0.921875,0.8189772963523865,0.921875
1745,0.984966516494751,0.461706280708313,1e-04,0.984966516494751,0.9262354373931885,0.8238660097122192,0.9262354373931885
1746,0.9813439846038818,0.46568411588668823,1e-04,0.9813439846038818,0.9247819781303406,0.7887161374092102,0.9247819781303406
1747,0.984966516494751,0.4584667682647705,1e-04,0.984966516494751,0.9153342843055725,0.8574097156524658,0.9153342843055725
1748,0.9848759174346924,0.4573008716106415,1e-04,0.9848759174346924,0.9178779125213623,0.889886200428009,0.9178779125213623
1749,0.9840608835220337,0.4585232436656952,1e-04,0.9840608835220337,0.9186046719551086,0.8033836483955383,0.9186046719551086
1750,0.9855098724365234,0.4581016004085541,1e-04,0.9855098724365234,0.9164243936538696,0.8326804637908936,0.9164243936538696
1751,0.9827929735183716,0.46489667892456055,1e-04,0.9827929735183716,0.9236918687820435,0.7809072732925415,0.9236918687820435
1752,0.984966516494751,0.4571911096572876,1e-04,0.984966516494751,0.9186046719551086,0.8332354426383972,0.9186046719551086
1753,0.9850570559501648,0.4568849205970764,1e-04,0.9850570559501648,0.9153342843055725,0.8928496837615967,0.9153342843055725
1754,0.9816156625747681,0.46566042304039,1e-04,0.9816156625747681,0.9251453280448914,0.8010261058807373,0.9251453280448914
1755,0.9857815504074097,0.4575059413909912,1e-04,0.9857815504074097,0.917151153087616,0.799775242805481,0.917151153087616
1756,0.9838797450065613,0.45936551690101624,1e-04,0.9838797450065613,0.9233284592628479,0.8028920292854309,0.9233284592628479
1757,0.9842419624328613,0.4570189118385315,1e-04,0.9842419624328613,0.9156976938247681,0.8477669358253479,0.9156976938247681
1758,0.9827024340629578,0.4625921845436096,1e-04,0.9827024340629578,0.9226017594337463,0.8347874283790588,0.9226017594337463
1759,0.9855098724365234,0.4554591774940491,1e-04,0.9855098724365234,0.9149709343910217,0.8527434468269348,0.9149709343910217
1760,0.984966516494751,0.45836755633354187,1e-04,0.984966516494751,0.9189680218696594,0.8385676741600037,0.9189680218696594
1761,0.9857815504074097,0.45732468366622925,1e-04,0.9857815504074097,0.917151153087616,0.8662654757499695,0.917151153087616
1762,0.9839702844619751,0.45788297057151794,1e-04,0.9839702844619751,0.9276889562606812,0.822691798210144,0.9276889562606812
1763,0.9842419624328613,0.45958900451660156,1e-04,0.9842419624328613,0.9233284592628479,0.815972626209259,0.9233284592628479
1764,0.9842419624328613,0.4578775465488434,1e-04,0.9842419624328613,0.9164243936538696,0.8599528670310974,0.9164243936538696
1765,0.9854193329811096,0.4549453854560852,1e-04,0.9854193329811096,0.9215116500854492,0.8748176097869873,0.9215116500854492
1766,0.9859626889228821,0.45541176199913025,1e-04,0.9859626889228821,0.9211482405662537,0.8248329758644104,0.9211482405662537
1767,0.9850570559501648,0.4583894908428192,1e-04,0.9850570559501648,0.929142415523529,0.838692843914032,0.929142415523529
1768,0.9846042394638062,0.45803457498550415,1e-04,0.9846042394638062,0.9262354373931885,0.8331858515739441,0.9262354373931885
1769,0.9841514229774475,0.45913517475128174,1e-04,0.9841514229774475,0.926598846912384,0.8039702773094177,0.926598846912384
1770,0.9843325614929199,0.45783498883247375,1e-04,0.9843325614929199,0.9255087375640869,0.8079225420951843,0.9255087375640869
1771,0.9843325614929199,0.45909491181373596,1e-04,0.9843325614929199,0.9240552186965942,0.8086784482002258,0.9240552186965942
1772,0.983336329460144,0.46075206995010376,1e-04,0.983336329460144,0.9211482405662537,0.8688035011291504,0.9211482405662537
1773,0.9827024340629578,0.46024128794670105,1e-04,0.9827024340629578,0.9280523061752319,0.8136275410652161,0.9280523061752319
1774,0.9830646514892578,0.4596850574016571,1e-04,0.9830646514892578,0.9233284592628479,0.8565709590911865,0.9233284592628479
1775,0.9840608835220337,0.46182960271835327,1e-04,0.9840608835220337,0.9269621968269348,0.7988582849502563,0.9269621968269348
1776,0.9847853779792786,0.4580362141132355,1e-04,0.9847853779792786,0.9142441749572754,0.8575897216796875,0.9142441749572754
1777,0.9867777824401855,0.4553338587284088,1e-04,0.9867777824401855,0.9244186282157898,0.8733489513397217,0.9244186282157898
1778,0.9835174679756165,0.4622938334941864,1e-04,0.9835174679756165,0.9280523061752319,0.795316219329834,0.9280523061752319
1779,0.9843325614929199,0.4571458101272583,1e-04,0.9843325614929199,0.9204215407371521,0.8324516415596008,0.9204215407371521
1780,0.9856004118919373,0.45462897419929504,1e-04,0.9856004118919373,0.9276889562606812,0.8366160988807678,0.9276889562606812
1781,0.9848759174346924,0.46003860235214233,1e-04,0.9848759174346924,0.9149709343910217,0.8353163003921509,0.9149709343910217
1782,0.9819778800010681,0.46457722783088684,1e-04,0.9819778800010681,0.9258720874786377,0.8193473219871521,0.9258720874786377
1783,0.985328733921051,0.4557161331176758,1e-04,0.985328733921051,0.9215116500854492,0.8438709378242493,0.9215116500854492
1784,0.9845137000083923,0.45825815200805664,1e-04,0.9845137000083923,0.9262354373931885,0.8428552150726318,0.9262354373931885
1785,0.9845137000083923,0.45859140157699585,1e-04,0.9845137000083923,0.9200581312179565,0.8576709032058716,0.9200581312179565
1786,0.9846042394638062,0.4563923478126526,1e-04,0.9846042394638062,0.9189680218696594,0.8082171678543091,0.9189680218696594
1787,0.9847853779792786,0.45753607153892517,1e-04,0.9847853779792786,0.9207848906517029,0.8393425345420837,0.9207848906517029
1788,0.982974112033844,0.4595576524734497,1e-04,0.982974112033844,0.9298691749572754,0.8009131550788879,0.9298691749572754
1789,0.9870494604110718,0.4516322612762451,1e-04,0.9870494604110718,0.9080668687820435,0.8495368957519531,0.9080668687820435
1790,0.9854193329811096,0.45760396122932434,1e-04,0.9854193329811096,0.9127907156944275,0.8205068111419678,0.9127907156944275
1791,0.9855098724365234,0.45469704270362854,1e-04,0.9855098724365234,0.9276889562606812,0.8238866329193115,0.9276889562606812
1792,0.9815250635147095,0.4634372889995575,1e-04,0.9815250635147095,0.9222383499145508,0.8134466409683228,0.9222383499145508
1793,0.9847853779792786,0.45826801657676697,1e-04,0.9847853779792786,0.921875,0.8206536769866943,0.921875
1794,0.9864155054092407,0.4543628990650177,1e-04,0.9864155054092407,0.9229651093482971,0.8588674664497375,0.9229651093482971
1795,0.9839702844619751,0.4582233428955078,1e-04,0.9839702844619751,0.9124273061752319,0.8051881790161133,0.9124273061752319
1796,0.9824306964874268,0.4591676592826843,1e-04,0.9824306964874268,0.9247819781303406,0.8222411274909973,0.9247819781303406
1797,0.9850570559501648,0.4571906626224518,1e-04,0.9850570559501648,0.9117006063461304,0.8917325735092163,0.9117006063461304
1798,0.9855098724365234,0.4576945900917053,1e-04,0.9855098724365234,0.9226017594337463,0.8396076560020447,0.9226017594337463
1799,0.9864155054092407,0.45327022671699524,1e-04,0.9864155054092407,0.9204215407371521,0.8426353335380554,0.9204215407371521
1800,0.9855098724365234,0.4527409076690674,1e-04,0.9855098724365234,0.9236918687820435,0.8306806087493896,0.9236918687820435
1801,0.9851475954055786,0.45906227827072144,1e-04,0.9851475954055786,0.9229651093482971,0.8257631659507751,0.9229651093482971
1802,0.98469477891922,0.4579041600227356,1e-04,0.98469477891922,0.930232584476471,0.8322080373764038,0.930232584476471
1803,0.9859626889228821,0.452674925327301,1e-04,0.9859626889228821,0.9276889562606812,0.7867956161499023,0.9276889562606812
1804,0.9861438274383545,0.4550003707408905,1e-04,0.9861438274383545,0.9244186282157898,0.7751834988594055,0.9244186282157898
1805,0.9854193329811096,0.4569738209247589,1e-04,0.9854193329811096,0.930232584476471,0.7602782845497131,0.930232584476471
1806,0.9848759174346924,0.4547061324119568,1e-04,0.9848759174346924,0.9204215407371521,0.8755089640617371,0.9204215407371521
1807,0.9856004118919373,0.4542599618434906,1e-04,0.9856004118919373,0.9284157156944275,0.7987035512924194,0.9284157156944275
1808,0.9854193329811096,0.4509289264678955,1e-04,0.9854193329811096,0.9240552186965942,0.8333037495613098,0.9240552186965942
1809,0.9850570559501648,0.4536956548690796,1e-04,0.9850570559501648,0.9251453280448914,0.8138962388038635,0.9251453280448914
1810,0.9841514229774475,0.4556770324707031,1e-04,0.9841514229774475,0.9262354373931885,0.8194353580474854,0.9262354373931885
1811,0.9838797450065613,0.4591379463672638,1e-04,0.9838797450065613,0.9255087375640869,0.8019895553588867,0.9255087375640869
1812,0.9844231009483337,0.4551929235458374,1e-04,0.9844231009483337,0.9207848906517029,0.7899830937385559,0.9207848906517029
1813,0.9856004118919373,0.45526987314224243,1e-04,0.9856004118919373,0.9309592843055725,0.7969167232513428,0.9309592843055725
1814,0.9854193329811096,0.45188528299331665,1e-04,0.9854193329811096,0.9196947813034058,0.8575620651245117,0.9196947813034058
1815,0.9871399998664856,0.4513394832611084,1e-04,0.9871399998664856,0.9160610437393188,0.8447076678276062,0.9160610437393188
1816,0.9862343668937683,0.4506725072860718,1e-04,0.9862343668937683,0.9233284592628479,0.8630184531211853,0.9233284592628479
1817,0.9856910109519958,0.45717862248420715,1e-04,0.9856910109519958,0.9222383499145508,0.8427167534828186,0.9222383499145508
1818,0.9825212955474854,0.4600861668586731,1e-04,0.9825212955474854,0.9251453280448914,0.8214160203933716,0.9251453280448914
1819,0.9859626889228821,0.4530391991138458,1e-04,0.9859626889228821,0.9309592843055725,0.8254258036613464,0.9309592843055725
1820,0.9848759174346924,0.4516308009624481,1e-04,0.9848759174346924,0.9189680218696594,0.8281940817832947,0.9189680218696594
1821,0.98469477891922,0.456760436296463,1e-04,0.98469477891922,0.9309592843055725,0.8189408183097839,0.9309592843055725
1822,0.9847853779792786,0.45549628138542175,1e-04,0.9847853779792786,0.9251453280448914,0.8200982809066772,0.9251453280448914
1823,0.9862343668937683,0.4513472020626068,1e-04,0.9862343668937683,0.929142415523529,0.808280885219574,0.929142415523529
1824,0.9835174679756165,0.45457467436790466,1e-04,0.9835174679756165,0.9233284592628479,0.8356713652610779,0.9233284592628479
1825,0.9818873405456543,0.45870473980903625,1e-04,0.9818873405456543,0.9189680218696594,0.8408949375152588,0.9189680218696594
1826,0.9877739548683167,0.44789692759513855,1e-04,0.9877739548683167,0.921875,0.8028359413146973,0.921875
1827,0.9855098724365234,0.45454835891723633,1e-04,0.9855098724365234,0.917151153087616,0.8127793669700623,0.917151153087616
1828,0.9856910109519958,0.451755553483963,1e-04,0.9856910109519958,0.9251453280448914,0.7844152450561523,0.9251453280448914
1829,0.9819778800010681,0.45790672302246094,1e-04,0.9819778800010681,0.9269621968269348,0.7839640974998474,0.9269621968269348
1830,0.9869588613510132,0.4494999051094055,1e-04,0.9869588613510132,0.9244186282157898,0.7969785928726196,0.9244186282157898
1831,0.9868683218955994,0.44870275259017944,1e-04,0.9868683218955994,0.9160610437393188,0.8457844853401184,0.9160610437393188
1832,0.9845137000083923,0.457557737827301,1e-04,0.9845137000083923,0.9276889562606812,0.7785066962242126,0.9276889562606812
1833,0.9846042394638062,0.45417165756225586,1e-04,0.9846042394638062,0.914607584476471,0.831308126449585,0.914607584476471
1834,0.9835174679756165,0.4552554488182068,1e-04,0.9835174679756165,0.9215116500854492,0.8231350183486938,0.9215116500854492
1835,0.9836986064910889,0.45229148864746094,1e-04,0.9836986064910889,0.9233284592628479,0.7997423410415649,0.9233284592628479
1836,0.9865966439247131,0.45190659165382385,1e-04,0.9865966439247131,0.9258720874786377,0.7706349492073059,0.9258720874786377
1837,0.9881362318992615,0.4460289180278778,1e-04,0.9881362318992615,0.9193313717842102,0.8782415986061096,0.9193313717842102
1838,0.9859626889228821,0.453578919172287,1e-04,0.9859626889228821,0.9189680218696594,0.7874637842178345,0.9189680218696594
1839,0.9862343668937683,0.45134663581848145,1e-04,0.9862343668937683,0.9211482405662537,0.7976699471473694,0.9211482405662537
1840,0.9821590185165405,0.4576386511325836,1e-04,0.9821590185165405,0.9247819781303406,0.8044243454933167,0.9247819781303406
1841,0.9868683218955994,0.45104628801345825,1e-04,0.9868683218955994,0.926598846912384,0.7985694408416748,0.926598846912384
1842,0.9863249659538269,0.4491525888442993,1e-04,0.9863249659538269,0.929142415523529,0.8219333291053772,0.929142415523529
1843,0.9865966439247131,0.450142502784729,1e-04,0.9865966439247131,0.9269621968269348,0.8139984607696533,0.9269621968269348
1844,0.9846042394638062,0.45682787895202637,1e-04,0.9846042394638062,0.9175145626068115,0.8275262713432312,0.9175145626068115
1845,0.985328733921051,0.4547380805015564,1e-04,0.985328733921051,0.9138808250427246,0.8555006980895996,0.9138808250427246
1846,0.9850570559501648,0.4550439119338989,1e-04,0.9850570559501648,0.9044331312179565,0.9211385250091553,0.9044331312179565
1847,0.9851475954055786,0.4529918432235718,1e-04,0.9851475954055786,0.9200581312179565,0.8322151303291321,0.9200581312179565
1848,0.9877739548683167,0.44863420724868774,1e-04,0.9877739548683167,0.9280523061752319,0.812006950378418,0.9280523061752319
1849,0.9859626889228821,0.44694510102272034,1e-04,0.9859626889228821,0.9240552186965942,0.8212546706199646,0.9240552186965942
1850,0.985328733921051,0.4520285129547119,1e-04,0.985328733921051,0.9178779125213623,0.8115955591201782,0.9178779125213623
1851,0.9839702844619751,0.4543743431568146,1e-04,0.9839702844619751,0.9251453280448914,0.7858787178993225,0.9251453280448914
1852,0.9856910109519958,0.45140761137008667,1e-04,0.9856910109519958,0.917151153087616,0.8576792478561401,0.917151153087616
1853,0.9862343668937683,0.4500792920589447,1e-04,0.9862343668937683,0.9262354373931885,0.7870298624038696,0.9262354373931885
1854,0.984966516494751,0.45285725593566895,1e-04,0.984966516494751,0.9178779125213623,0.8124048113822937,0.9178779125213623
1855,0.9856910109519958,0.4531058073043823,1e-04,0.9856910109519958,0.9269621968269348,0.7735787034034729,0.9269621968269348
1856,0.9856004118919373,0.45198875665664673,1e-04,0.9856004118919373,0.9098837375640869,0.8054090142250061,0.9098837375640869
1857,0.9834269285202026,0.45722538232803345,1e-04,0.9834269285202026,0.9244186282157898,0.7976944446563721,0.9244186282157898
1858,0.9837891459465027,0.45890146493911743,1e-04,0.9837891459465027,0.9251453280448914,0.7835767865180969,0.9251453280448914
1859,0.9884984493255615,0.4446026682853699,1e-04,0.9884984493255615,0.9233284592628479,0.8324773907661438,0.9233284592628479
1860,0.9858721494674683,0.45027977228164673,1e-04,0.9858721494674683,0.9258720874786377,0.8255724310874939,0.9258720874786377
1861,0.9838797450065613,0.4542198181152344,1e-04,0.9838797450065613,0.9258720874786377,0.8201460838317871,0.9258720874786377
1862,0.9879550933837891,0.44818973541259766,1e-04,0.9879550933837891,0.9095203280448914,0.8704699873924255,0.9095203280448914
1863,0.9850570559501648,0.4544914960861206,1e-04,0.9850570559501648,0.9258720874786377,0.8251259326934814,0.9258720874786377
1864,0.9877739548683167,0.4474838078022003,1e-04,0.9877739548683167,0.9236918687820435,0.8092907071113586,0.9236918687820435
1865,0.9868683218955994,0.44951489567756653,1e-04,0.9868683218955994,0.9262354373931885,0.7644064426422119,0.9262354373931885
1866,0.9848759174346924,0.4514193832874298,1e-04,0.9848759174346924,0.926598846912384,0.806247889995575,0.926598846912384
1867,0.9844231009483337,0.45083221793174744,1e-04,0.9844231009483337,0.9258720874786377,0.7876641154289246,0.9258720874786377
1868,0.9832457900047302,0.45723602175712585,1e-04,0.9832457900047302,0.9095203280448914,0.8248763084411621,0.9095203280448914
1869,0.9842419624328613,0.45322123169898987,1e-04,0.9842419624328613,0.9200581312179565,0.8148056864738464,0.9200581312179565
1870,0.9867777824401855,0.44965481758117676,1e-04,0.9867777824401855,0.9251453280448914,0.754844069480896,0.9251453280448914
1871,0.9880456328392029,0.44606447219848633,1e-04,0.9880456328392029,0.9247819781303406,0.7849655151367188,0.9247819781303406
1872,0.9875928163528442,0.4461364448070526,1e-04,0.9875928163528442,0.9255087375640869,0.8036515712738037,0.9255087375640869
1873,0.9846042394638062,0.4522233009338379,1e-04,0.9846042394638062,0.9186046719551086,0.8463812470436096,0.9186046719551086
1874,0.9850570559501648,0.45290982723236084,1e-04,0.9850570559501648,0.9258720874786377,0.8147417902946472,0.9258720874786377
1875,0.9861438274383545,0.4502284824848175,1e-04,0.9861438274383545,0.9313226938247681,0.7779897451400757,0.9313226938247681
1876,0.9864155054092407,0.44890880584716797,1e-04,0.9864155054092407,0.9117006063461304,0.8283718228340149,0.9117006063461304
1877,0.98469477891922,0.4522871673107147,1e-04,0.98469477891922,0.9178779125213623,0.8268824815750122,0.9178779125213623
1878,0.9880456328392029,0.4434828460216522,1e-04,0.9880456328392029,0.9255087375640869,0.8283296823501587,0.9255087375640869
1879,0.983608067035675,0.454316645860672,1e-04,0.983608067035675,0.9258720874786377,0.806128740310669,0.9258720874786377
1880,0.989675760269165,0.4433116316795349,1e-04,0.989675760269165,0.9186046719551086,0.8700806498527527,0.9186046719551086
1881,0.9852381944656372,0.45084527134895325,1e-04,0.9852381944656372,0.9215116500854492,0.8429743647575378,0.9215116500854492
1882,0.9872305989265442,0.44857272505760193,1e-04,0.9872305989265442,0.9226017594337463,0.8090669512748718,0.9226017594337463
1883,0.9867777824401855,0.4487287402153015,1e-04,0.9867777824401855,0.9240552186965942,0.7866016030311584,0.9240552186965942
1884,0.9840608835220337,0.453660786151886,1e-04,0.9840608835220337,0.9262354373931885,0.8129995465278625,0.9262354373931885
1885,0.98469477891922,0.4514927268028259,1e-04,0.98469477891922,0.9229651093482971,0.8161332011222839,0.9229651093482971
1886,0.9824306964874268,0.4567849040031433,1e-04,0.9824306964874268,0.926598846912384,0.758638858795166,0.926598846912384
1887,0.986687183380127,0.4477834105491638,1e-04,0.986687183380127,0.9273256063461304,0.8115595579147339,0.9273256063461304
1888,0.9871399998664856,0.44594383239746094,1e-04,0.9871399998664856,0.9207848906517029,0.8168821930885315,0.9207848906517029
1889,0.9843325614929199,0.4519388675689697,1e-04,0.9843325614929199,0.9156976938247681,0.8214674592018127,0.9156976938247681
1890,0.9867777824401855,0.44878795742988586,1e-04,0.9867777824401855,0.9269621968269348,0.81051105260849,0.9269621968269348
1891,0.9877739548683167,0.4459419846534729,1e-04,0.9877739548683167,0.9186046719551086,0.8476728200912476,0.9186046719551086
1892,0.9857815504074097,0.45081841945648193,1e-04,0.9857815504074097,0.914607584476471,0.8026506900787354,0.914607584476471
1893,0.9876834154129028,0.4478902518749237,1e-04,0.9876834154129028,0.9175145626068115,0.771110475063324,0.9175145626068115
1894,0.9884984493255615,0.4414922595024109,1e-04,0.9884984493255615,0.9160610437393188,0.8473074436187744,0.9160610437393188
1895,0.9886795878410339,0.44509950280189514,1e-04,0.9886795878410339,0.9222383499145508,0.8201412558555603,0.9222383499145508
1896,0.986687183380127,0.44647106528282166,1e-04,0.986687183380127,0.9164243936538696,0.8358809947967529,0.9164243936538696
1897,0.9865060448646545,0.4492289125919342,1e-04,0.9865060448646545,0.9200581312179565,0.7701472640037537,0.9200581312179565
1898,0.9880456328392029,0.4440155029296875,1e-04,0.9880456328392029,0.926598846912384,0.7999062538146973,0.926598846912384
1899,0.9871399998664856,0.44404762983322144,1e-04,0.9871399998664856,0.926598846912384,0.8306499123573303,0.926598846912384
1900,0.9884079098701477,0.44451653957366943,1e-04,0.9884079098701477,0.9226017594337463,0.8128567934036255,0.9226017594337463
1901,0.9867777824401855,0.4445708692073822,1e-04,0.9867777824401855,0.9222383499145508,0.8437955975532532,0.9222383499145508
1902,0.9876834154129028,0.44593751430511475,1e-04,0.9876834154129028,0.9200581312179565,0.8196843862533569,0.9200581312179565
1903,0.9882267713546753,0.4435344338417053,1e-04,0.9882267713546753,0.9229651093482971,0.830353856086731,0.9229651093482971
1904,0.9885890483856201,0.44356048107147217,1e-04,0.9885890483856201,0.917151153087616,0.8250223994255066,0.917151153087616
1905,0.9888607263565063,0.4404538869857788,1e-04,0.9888607263565063,0.9207848906517029,0.8616776466369629,0.9207848906517029
1906,0.9863249659538269,0.44783827662467957,1e-04,0.9863249659538269,0.9124273061752319,0.8518827557563782,0.9124273061752319
1907,0.9877739548683167,0.444999098777771,1e-04,0.9877739548683167,0.9182412624359131,0.833344578742981,0.9182412624359131
1908,0.9854193329811096,0.44836851954460144,1e-04,0.9854193329811096,0.9222383499145508,0.8400183320045471,0.9222383499145508
1909,0.9863249659538269,0.4452127516269684,1e-04,0.9863249659538269,0.9175145626068115,0.7883464694023132,0.9175145626068115
1910,0.9842419624328613,0.4523880183696747,1e-04,0.9842419624328613,0.917151153087616,0.7762516140937805,0.917151153087616
1911,0.9839702844619751,0.4524393677711487,1e-04,0.9839702844619751,0.9186046719551086,0.8128714561462402,0.9186046719551086
1912,0.9878644943237305,0.44487127661705017,1e-04,0.9878644943237305,0.921875,0.9210717678070068,0.921875
1913,0.9868683218955994,0.44608187675476074,1e-04,0.9868683218955994,0.9186046719551086,0.8398427963256836,0.9186046719551086
1914,0.9865966439247131,0.4477016031742096,1e-04,0.9865966439247131,0.9207848906517029,0.8394700884819031,0.9207848906517029
1915,0.9881362318992615,0.44259604811668396,1e-04,0.9881362318992615,0.9189680218696594,0.8254157900810242,0.9189680218696594
1916,0.9851475954055786,0.44672951102256775,1e-04,0.9851475954055786,0.9186046719551086,0.835085391998291,0.9186046719551086
1917,0.9839702844619751,0.4559515118598938,1e-04,0.9839702844619751,0.9258720874786377,0.8107737302780151,0.9258720874786377
1918,0.9878644943237305,0.4450250267982483,1e-04,0.9878644943237305,0.9229651093482971,0.8055659532546997,0.9229651093482971
1919,0.9870494604110718,0.4446953237056732,1e-04,0.9870494604110718,0.9207848906517029,0.8267876505851746,0.9207848906517029
1920,0.9862343668937683,0.44792038202285767,1e-04,0.9862343668937683,0.9284157156944275,0.7689608931541443,0.9284157156944275
1921,0.9868683218955994,0.44623154401779175,1e-04,0.9868683218955994,0.9255087375640869,0.7943858504295349,0.9255087375640869
1922,0.9865060448646545,0.44619840383529663,1e-04,0.9865060448646545,0.9262354373931885,0.824468195438385,0.9262354373931885
1923,0.9878644943237305,0.4428190588951111,1e-04,0.9878644943237305,0.9316860437393188,0.8169052600860596,0.9316860437393188
1924,0.9882267713546753,0.4410872757434845,1e-04,0.9882267713546753,0.926598846912384,0.8408257365226746,0.926598846912384
1925,0.9880456328392029,0.4439600706100464,1e-04,0.9880456328392029,0.9255087375640869,0.8395395278930664,0.9255087375640869
1926,0.9867777824401855,0.4443468153476715,1e-04,0.9867777824401855,0.9240552186965942,0.8188885450363159,0.9240552186965942
1927,0.9870494604110718,0.4443536698818207,1e-04,0.9870494604110718,0.9255087375640869,0.860542893409729,0.9255087375640869
1928,0.9875928163528442,0.4454827904701233,1e-04,0.9875928163528442,0.9258720874786377,0.8329824209213257,0.9258720874786377
1929,0.9860532283782959,0.4461930990219116,1e-04,0.9860532283782959,0.9305959343910217,0.8279588222503662,0.9305959343910217
1930,0.9870494604110718,0.4441817104816437,1e-04,0.9870494604110718,0.9236918687820435,0.8701007962226868,0.9236918687820435
1931,0.9858721494674683,0.4485926032066345,1e-04,0.9858721494674683,0.9287790656089783,0.8012475371360779,0.9287790656089783
1932,0.9851475954055786,0.4464696943759918,1e-04,0.9851475954055786,0.9138808250427246,0.8984518051147461,0.9138808250427246
1933,0.9850570559501648,0.4480361342430115,1e-04,0.9850570559501648,0.9182412624359131,0.8395901322364807,0.9182412624359131
1934,0.9874116778373718,0.44285473227500916,1e-04,0.9874116778373718,0.9196947813034058,0.8678700923919678,0.9196947813034058
1935,0.985328733921051,0.4484202563762665,1e-04,0.985328733921051,0.9204215407371521,0.8146781921386719,0.9204215407371521
1936,0.9854193329811096,0.4480726420879364,1e-04,0.9854193329811096,0.9255087375640869,0.7942377924919128,0.9255087375640869
1937,0.9883173108100891,0.4429958462715149,1e-04,0.9883173108100891,0.9207848906517029,0.841177761554718,0.9207848906517029
1938,0.9878644943237305,0.44365835189819336,1e-04,0.9878644943237305,0.9251453280448914,0.7979803681373596,0.9251453280448914
1939,0.9884984493255615,0.43880751729011536,1e-04,0.9884984493255615,0.9324128031730652,0.8396854996681213,0.9324128031730652
1940,0.9856004118919373,0.4487665891647339,1e-04,0.9856004118919373,0.9276889562606812,0.7945548892021179,0.9276889562606812
1941,0.9871399998664856,0.44352132081985474,1e-04,0.9871399998664856,0.9226017594337463,0.8471716046333313,0.9226017594337463
1942,0.984966516494751,0.448968768119812,1e-04,0.984966516494751,0.9233284592628479,0.8325255513191223,0.9233284592628479
1943,0.986687183380127,0.44597944617271423,1e-04,0.986687183380127,0.9309592843055725,0.8271288275718689,0.9309592843055725
1944,0.9856004118919373,0.4479312002658844,1e-04,0.9856004118919373,0.9251453280448914,0.8246216177940369,0.9251453280448914
1945,0.9884984493255615,0.43835654854774475,1e-04,0.9884984493255615,0.9247819781303406,0.8438034653663635,0.9247819781303406
1946,0.9864155054092407,0.44291952252388,1e-04,0.9864155054092407,0.9240552186965942,0.8507574200630188,0.9240552186965942
1947,0.9856910109519958,0.4496540427207947,1e-04,0.9856910109519958,0.9269621968269348,0.7760505080223083,0.9269621968269348
1948,0.9844231009483337,0.4489750564098358,1e-04,0.9844231009483337,0.9222383499145508,0.8085216879844666,0.9222383499145508
1949,0.9825212955474854,0.4575502276420593,1e-04,0.9825212955474854,0.9258720874786377,0.7441309094429016,0.9258720874786377
1950,0.9865060448646545,0.445563942193985,1e-04,0.9865060448646545,0.9244186282157898,0.8204970955848694,0.9244186282157898
1951,0.9880456328392029,0.44253867864608765,1e-04,0.9880456328392029,0.9244186282157898,0.7951721549034119,0.9244186282157898
1952,0.9843325614929199,0.4496919512748718,1e-04,0.9843325614929199,0.9255087375640869,0.7975881695747375,0.9255087375640869
1953,0.9880456328392029,0.43894654512405396,1e-04,0.9880456328392029,0.9251453280448914,0.8084790706634521,0.9251453280448914
1954,0.9851475954055786,0.444291889667511,1e-04,0.9851475954055786,0.9178779125213623,0.8569822311401367,0.9178779125213623
1955,0.984966516494751,0.44964322447776794,1e-04,0.984966516494751,0.9295058250427246,0.812808096408844,0.9295058250427246
1956,0.9868683218955994,0.444572776556015,1e-04,0.9868683218955994,0.9295058250427246,0.8102399110794067,0.9295058250427246
1957,0.9900380373001099,0.435305118560791,1e-04,0.9900380373001099,0.9284157156944275,0.8149781227111816,0.9284157156944275
1958,0.9875022768974304,0.4426231384277344,1e-04,0.9875022768974304,0.9222383499145508,0.8409571051597595,0.9222383499145508
1959,0.9875928163528442,0.4437136650085449,1e-04,0.9875928163528442,0.9226017594337463,0.8658341765403748,0.9226017594337463
1960,0.9874116778373718,0.44214504957199097,1e-04,0.9874116778373718,0.9138808250427246,0.8694681525230408,0.9138808250427246
1961,0.9875928163528442,0.443022757768631,1e-04,0.9875928163528442,0.9276889562606812,0.7895487546920776,0.9276889562606812
1962,0.9869588613510132,0.4446433186531067,1e-04,0.9869588613510132,0.9287790656089783,0.7720115184783936,0.9287790656089783
1963,0.9875928163528442,0.4423942267894745,1e-04,0.9875928163528442,0.9269621968269348,0.752963662147522,0.9269621968269348
1964,0.9870494604110718,0.44557246565818787,1e-04,0.9870494604110718,0.9287790656089783,0.7853828072547913,0.9287790656089783
1965,0.9877739548683167,0.4399837255477905,1e-04,0.9877739548683167,0.9284157156944275,0.8393834829330444,0.9284157156944275
1966,0.9861438274383545,0.4463973641395569,1e-04,0.9861438274383545,0.9189680218696594,0.8036168813705444,0.9189680218696594
1967,0.9888607263565063,0.4403459429740906,1e-04,0.9888607263565063,0.9204215407371521,0.9048797488212585,0.9204215407371521
1968,0.9872305989265442,0.44242697954177856,1e-04,0.9872305989265442,0.9255087375640869,0.8424304723739624,0.9255087375640869
1969,0.9882267713546753,0.44198840856552124,1e-04,0.9882267713546753,0.9258720874786377,0.8050611019134521,0.9258720874786377
1970,0.9856910109519958,0.44309255480766296,1e-04,0.9856910109519958,0.9258720874786377,0.858241081237793,0.9258720874786377
1971,0.9889512658119202,0.4386289417743683,1e-04,0.9889512658119202,0.9211482405662537,0.8125100135803223,0.9211482405662537
1972,0.9900380373001099,0.4358821511268616,1e-04,0.9900380373001099,0.9276889562606812,0.8077195882797241,0.9276889562606812
1973,0.9882267713546753,0.4391663670539856,1e-04,0.9882267713546753,0.9226017594337463,0.8508754968643188,0.9226017594337463
1974,0.9876834154129028,0.4394766092300415,1e-04,0.9876834154129028,0.9269621968269348,0.8079866170883179,0.9269621968269348
1975,0.9878644943237305,0.44219285249710083,1e-04,0.9878644943237305,0.9196947813034058,0.8206928372383118,0.9196947813034058
1976,0.9852381944656372,0.443429559469223,1e-04,0.9852381944656372,0.9156976938247681,0.848201334476471,0.9156976938247681
1977,0.9881362318992615,0.4390646815299988,1e-04,0.9881362318992615,0.9258720874786377,0.8545461297035217,0.9258720874786377
1978,0.9863249659538269,0.44352400302886963,1e-04,0.9863249659538269,0.9226017594337463,0.7928056120872498,0.9226017594337463
1979,0.9888607263565063,0.43631047010421753,1e-04,0.9888607263565063,0.9258720874786377,0.8008050918579102,0.9258720874786377
1980,0.9887701272964478,0.4375731945037842,1e-04,0.9887701272964478,0.9229651093482971,0.8481485247612,0.9229651093482971
1981,0.9875022768974304,0.44010457396507263,1e-04,0.9875022768974304,0.9284157156944275,0.7830137014389038,0.9284157156944275
1982,0.9879550933837891,0.4409826099872589,1e-04,0.9879550933837891,0.9244186282157898,0.8743829131126404,0.9244186282157898
1983,0.9894946813583374,0.43732935190200806,1e-04,0.9894946813583374,0.926598846912384,0.8330156207084656,0.926598846912384
1984,0.9884079098701477,0.4381954073905945,1e-04,0.9884079098701477,0.9222383499145508,0.8216663002967834,0.9222383499145508
1985,0.989675760269165,0.4363363981246948,1e-04,0.989675760269165,0.9295058250427246,0.8729420304298401,0.9295058250427246
1986,0.9872305989265442,0.4415813088417053,1e-04,0.9872305989265442,0.9258720874786377,0.859828770160675,0.9258720874786377
1987,0.989313542842865,0.43715259432792664,1e-04,0.989313542842865,0.9280523061752319,0.823998212814331,0.9280523061752319
1988,0.9867777824401855,0.44335171580314636,1e-04,0.9867777824401855,0.9244186282157898,0.8345195651054382,0.9244186282157898
1989,0.9847853779792786,0.44406819343566895,1e-04,0.9847853779792786,0.921875,0.8591060042381287,0.921875
1990,0.9856004118919373,0.44418829679489136,1e-04,0.9856004118919373,0.9247819781303406,0.8968043923377991,0.9247819781303406
1991,0.9865966439247131,0.44253289699554443,1e-04,0.9865966439247131,0.9313226938247681,0.8521864414215088,0.9313226938247681
1992,0.9884079098701477,0.4381694197654724,1e-04,0.9884079098701477,0.9276889562606812,0.7994061708450317,0.9276889562606812
1993,0.9871399998664856,0.4414110779762268,1e-04,0.9871399998664856,0.9295058250427246,0.8281517624855042,0.9295058250427246
1994,0.9883173108100891,0.43877771496772766,1e-04,0.9883173108100891,0.9273256063461304,0.808964729309082,0.9273256063461304
1995,0.9902191758155823,0.435981422662735,1e-04,0.9902191758155823,0.9269621968269348,0.8465275168418884,0.9269621968269348
1996,0.986687183380127,0.4399860203266144,1e-04,0.986687183380127,0.926598846912384,0.8507966995239258,0.926598846912384
1997,0.9874116778373718,0.44038012623786926,1e-04,0.9874116778373718,0.9244186282157898,0.8327258825302124,0.9244186282157898
1998,0.9841514229774475,0.44902709126472473,1e-04,0.9841514229774475,0.9269621968269348,0.7912527322769165,0.9269621968269348
1999,0.9881362318992615,0.4389922618865967,1e-04,0.9881362318992615,0.929142415523529,0.8345293402671814,0.929142415523529
2000,0.9869588613510132,0.4417359530925751,1e-04,0.9869588613510132,0.9262354373931885,0.855893611907959,0.9262354373931885
2001,0.9871399998664856,0.4382064938545227,1e-04,0.9871399998664856,0.9255087375640869,0.8125929832458496,0.9255087375640869
2002,0.9865966439247131,0.4403690695762634,1e-04,0.9865966439247131,0.932776153087616,0.804659366607666,0.932776153087616
2003,0.9876834154129028,0.44080621004104614,1e-04,0.9876834154129028,0.9320493936538696,0.8030245304107666,0.9320493936538696
2004,0.987321138381958,0.44024255871772766,1e-04,0.987321138381958,0.926598846912384,0.815889835357666,0.926598846912384
2005,0.9857815504074097,0.4435046911239624,1e-04,0.9857815504074097,0.9313226938247681,0.8293710947036743,0.9313226938247681
2006,0.9884079098701477,0.43711721897125244,1e-04,0.9884079098701477,0.9251453280448914,0.8258100748062134,0.9251453280448914
2007,0.9851475954055786,0.44463106989860535,1e-04,0.9851475954055786,0.9193313717842102,0.8432279825210571,0.9193313717842102
2008,0.987321138381958,0.4395737648010254,1e-04,0.987321138381958,0.9233284592628479,0.8460536599159241,0.9233284592628479
2009,0.9879550933837891,0.4398340880870819,1e-04,0.9879550933837891,0.9240552186965942,0.8538936376571655,0.9240552186965942
2010,0.9859626889228821,0.44118085503578186,1e-04,0.9859626889228821,0.9226017594337463,0.8303359150886536,0.9226017594337463
2011,0.9867777824401855,0.4414137303829193,1e-04,0.9867777824401855,0.9236918687820435,0.848339319229126,0.9236918687820435
2012,0.9877739548683167,0.43782439827919006,1e-04,0.9877739548683167,0.9200581312179565,0.9066278338432312,0.9200581312179565
2013,0.9886795878410339,0.4373131990432739,1e-04,0.9886795878410339,0.9102470874786377,0.8956624269485474,0.9102470874786377
2014,0.9884984493255615,0.4367528557777405,1e-04,0.9884984493255615,0.901526153087616,0.974401593208313,0.901526153087616
2015,0.9882267713546753,0.4372483789920807,1e-04,0.9882267713546753,0.930232584476471,0.8681339621543884,0.930232584476471
2016,0.9874116778373718,0.4398424029350281,1e-04,0.9874116778373718,0.9255087375640869,0.8848097324371338,0.9255087375640869
2017,0.9876834154129028,0.4374615252017975,1e-04,0.9876834154129028,0.9273256063461304,0.8532758951187134,0.9273256063461304
2018,0.9894040822982788,0.4359656274318695,1e-04,0.9894040822982788,0.9222383499145508,0.8467237949371338,0.9222383499145508
2019,0.989313542842865,0.43609705567359924,1e-04,0.989313542842865,0.901526153087616,0.9138939380645752,0.901526153087616
2020,0.9847853779792786,0.4450419247150421,1e-04,0.9847853779792786,0.9226017594337463,0.846928060054779,0.9226017594337463
2021,0.9898568987846375,0.433363676071167,1e-04,0.9898568987846375,0.9226017594337463,0.8131862878799438,0.9226017594337463
2022,0.9880456328392029,0.4369462728500366,1e-04,0.9880456328392029,0.9236918687820435,0.8578294515609741,0.9236918687820435
2023,0.9870494604110718,0.43987593054771423,1e-04,0.9870494604110718,0.9247819781303406,0.8410483002662659,0.9247819781303406
2024,0.9879550933837891,0.4389442801475525,1e-04,0.9879550933837891,0.9222383499145508,0.8589771389961243,0.9222383499145508
2025,0.9868683218955994,0.44078880548477173,1e-04,0.9868683218955994,0.917151153087616,0.8645002841949463,0.917151153087616
2026,0.9888607263565063,0.4356890916824341,1e-04,0.9888607263565063,0.9229651093482971,0.8865354061126709,0.9229651093482971
2027,0.9871399998664856,0.4388759136199951,1e-04,0.9871399998664856,0.9189680218696594,0.8437916040420532,0.9189680218696594
2028,0.9885890483856201,0.4394102692604065,1e-04,0.9885890483856201,0.9167878031730652,0.8632745146751404,0.9167878031730652
2029,0.985328733921051,0.4454270303249359,1e-04,0.985328733921051,0.9073401093482971,0.8978618383407593,0.9073401093482971
2030,0.9868683218955994,0.43968647718429565,1e-04,0.9868683218955994,0.9240552186965942,0.8989593982696533,0.9240552186965942
2031,0.989313542842865,0.4360292851924896,1e-04,0.989313542842865,0.9226017594337463,0.8478038907051086,0.9226017594337463
2032,0.9865966439247131,0.4401608407497406,1e-04,0.9865966439247131,0.917151153087616,0.8662576079368591,0.917151153087616
2033,0.9889512658119202,0.4330475926399231,1e-04,0.9889512658119202,0.9287790656089783,0.87395840883255,0.9287790656089783
2034,0.9814345240592957,0.45623156428337097,1e-04,0.9814345240592957,0.9215116500854492,0.824522078037262,0.9215116500854492
2035,0.9860532283782959,0.44142580032348633,1e-04,0.9860532283782959,0.9186046719551086,0.8720971941947937,0.9186046719551086
2036,0.9867777824401855,0.4401211738586426,1e-04,0.9867777824401855,0.9226017594337463,0.8333635330200195,0.9226017594337463
2037,0.9884079098701477,0.43581679463386536,1e-04,0.9884079098701477,0.9160610437393188,0.8656761050224304,0.9160610437393188
2038,0.9891324043273926,0.436199426651001,1e-04,0.9891324043273926,0.9160610437393188,0.8903984427452087,0.9160610437393188
2039,0.9882267713546753,0.43709152936935425,1e-04,0.9882267713546753,0.9262354373931885,0.7887580990791321,0.9262354373931885
2040,0.9882267713546753,0.4370030164718628,1e-04,0.9882267713546753,0.9233284592628479,0.8793195486068726,0.9233284592628479
2041,0.989947497844696,0.43086129426956177,1e-04,0.989947497844696,0.9251453280448914,0.8815950751304626,0.9251453280448914
2042,0.986687183380127,0.43763968348503113,1e-04,0.986687183380127,0.9309592843055725,0.8009167313575745,0.9309592843055725
2043,0.9880456328392029,0.43813130259513855,1e-04,0.9880456328392029,0.9153342843055725,0.8559300899505615,0.9153342843055725
2044,0.9871399998664856,0.435590922832489,1e-04,0.9871399998664856,0.9324128031730652,0.8407546877861023,0.9324128031730652
2045,0.9874116778373718,0.43938300013542175,1e-04,0.9874116778373718,0.9258720874786377,0.8141853213310242,0.9258720874786377
2046,0.9874116778373718,0.4359453022480011,1e-04,0.9874116778373718,0.9269621968269348,0.8186750411987305,0.9269621968269348
2047,0.9892229437828064,0.43392255902290344,1e-04,0.9892229437828064,0.9178779125213623,0.9415844082832336,0.9178779125213623
2048,0.9865966439247131,0.43928226828575134,1e-04,0.9865966439247131,0.9175145626068115,0.8845489621162415,0.9175145626068115
2049,0.9864155054092407,0.43777337670326233,1e-04,0.9864155054092407,0.9269621968269348,0.823092520236969,0.9269621968269348
2050,0.9854193329811096,0.4419277310371399,1e-04,0.9854193329811096,0.9262354373931885,0.841974139213562,0.9262354373931885
2051,0.9875928163528442,0.4382425546646118,1e-04,0.9875928163528442,0.9236918687820435,0.8478612899780273,0.9236918687820435
2052,0.9875928163528442,0.4394429624080658,1e-04,0.9875928163528442,0.9182412624359131,0.8573541045188904,0.9182412624359131
2053,0.9857815504074097,0.4392056167125702,1e-04,0.9857815504074097,0.921875,0.8365094661712646,0.921875
2054,0.989675760269165,0.4306457042694092,1e-04,0.989675760269165,0.9255087375640869,0.8922132253646851,0.9255087375640869
2055,0.9881362318992615,0.4370573163032532,1e-04,0.9881362318992615,0.9189680218696594,0.8864221572875977,0.9189680218696594
2056,0.9875928163528442,0.43613576889038086,1e-04,0.9875928163528442,0.9222383499145508,0.87044757604599,0.9222383499145508
2057,0.9884984493255615,0.4331451654434204,1e-04,0.9884984493255615,0.9284157156944275,0.8682430386543274,0.9284157156944275
2058,0.9860532283782959,0.441701740026474,1e-04,0.9860532283782959,0.9247819781303406,0.8591169118881226,0.9247819781303406
2059,0.9880456328392029,0.43515291810035706,1e-04,0.9880456328392029,0.9255087375640869,0.8451905250549316,0.9255087375640869
2060,0.9888607263565063,0.4352460503578186,1e-04,0.9888607263565063,0.914607584476471,0.9242303371429443,0.914607584476471
2061,0.9855098724365234,0.4438210427761078,1e-04,0.9855098724365234,0.9226017594337463,0.8559419512748718,0.9226017594337463
2062,0.9877739548683167,0.4341181218624115,1e-04,0.9877739548683167,0.9193313717842102,0.9128258228302002,0.9193313717842102
2063,0.989675760269165,0.4318176805973053,1e-04,0.989675760269165,0.9207848906517029,0.8789786696434021,0.9207848906517029
2064,0.9883173108100891,0.434566855430603,1e-04,0.9883173108100891,0.9240552186965942,0.8640300035476685,0.9240552186965942
2065,0.9879550933837891,0.4358785152435303,1e-04,0.9879550933837891,0.9276889562606812,0.8721311092376709,0.9276889562606812
2066,0.986687183380127,0.4389793574810028,1e-04,0.986687183380127,0.926598846912384,0.8597374558448792,0.926598846912384
2067,0.9872305989265442,0.43462467193603516,1e-04,0.9872305989265442,0.9222383499145508,0.8592091798782349,0.9222383499145508
2068,0.9871399998664856,0.4361383318901062,1e-04,0.9871399998664856,0.9207848906517029,0.9189531803131104,0.9207848906517029
2069,0.9888607263565063,0.435095876455307,1e-04,0.9888607263565063,0.9233284592628479,0.8923829793930054,0.9233284592628479
2070,0.989313542842865,0.4341088831424713,1e-04,0.989313542842865,0.9269621968269348,0.7907826900482178,0.9269621968269348
2071,0.9888607263565063,0.433418869972229,1e-04,0.9888607263565063,0.9251453280448914,0.8283662796020508,0.9251453280448914
2072,0.9902191758155823,0.43196901679039,1e-04,0.9902191758155823,0.9244186282157898,0.8834482431411743,0.9244186282157898
2073,0.9877739548683167,0.43679213523864746,1e-04,0.9877739548683167,0.9233284592628479,0.8541125059127808,0.9233284592628479
2074,0.9883173108100891,0.43486663699150085,1e-04,0.9883173108100891,0.9189680218696594,0.8428049087524414,0.9189680218696594
2075,0.9887701272964478,0.43368422985076904,1e-04,0.9887701272964478,0.9175145626068115,0.8452279567718506,0.9175145626068115
2076,0.989947497844696,0.43249452114105225,1e-04,0.989947497844696,0.9204215407371521,0.8577156662940979,0.9204215407371521
2077,0.9865966439247131,0.4361310303211212,1e-04,0.9865966439247131,0.9189680218696594,0.8291102647781372,0.9189680218696594
2078,0.9879550933837891,0.43345123529434204,1e-04,0.9879550933837891,0.9186046719551086,0.8971211910247803,0.9186046719551086
2079,0.9859626889228821,0.4383738338947296,1e-04,0.9859626889228821,0.9276889562606812,0.8038125038146973,0.9276889562606812
2080,0.989313542842865,0.43114957213401794,1e-04,0.989313542842865,0.9240552186965942,0.8383638262748718,0.9240552186965942
2081,0.9886795878410339,0.43455228209495544,1e-04,0.9886795878410339,0.9269621968269348,0.8362037539482117,0.9269621968269348
2082,0.9883489608764648,0.43459653854370117,1e-04,0.9883489608764648,0.9371366500854492,0.8191430568695068,0.9371366500854492
2083,0.9894040822982788,0.429452121257782,1e-04,0.9894040822982788,0.9273256063461304,0.8313443660736084,0.9273256063461304
2084,0.9883173108100891,0.43340739607810974,1e-04,0.9883173108100891,0.9222383499145508,0.8447997570037842,0.9222383499145508
2085,0.985328733921051,0.4410765767097473,1e-04,0.985328733921051,0.9167878031730652,0.9160974025726318,0.9167878031730652
2086,0.9865966439247131,0.43599751591682434,1e-04,0.9865966439247131,0.9226017594337463,0.8533108830451965,0.9226017594337463
2087,0.9891324043273926,0.43014708161354065,1e-04,0.9891324043273926,0.9251453280448914,0.8063645362854004,0.9251453280448914
2088,0.9852381944656372,0.44028645753860474,1e-04,0.9852381944656372,0.9196947813034058,0.8730334043502808,0.9196947813034058
2089,0.9882267713546753,0.4344310164451599,1e-04,0.9882267713546753,0.9240552186965942,0.845529317855835,0.9240552186965942
2090,0.9847853779792786,0.4466775357723236,1e-04,0.9847853779792786,0.9309592843055725,0.8057581186294556,0.9309592843055725
2091,0.9877739548683167,0.4316651225090027,1e-04,0.9877739548683167,0.9211482405662537,0.8223221302032471,0.9211482405662537
2092,0.9892229437828064,0.4319043457508087,1e-04,0.9892229437828064,0.9251453280448914,0.8357333540916443,0.9251453280448914
2093,0.991034209728241,0.4271571636199951,1e-04,0.991034209728241,0.9207848906517029,0.9014095067977905,0.9207848906517029
2094,0.9877739548683167,0.433458536863327,1e-04,0.9877739548683167,0.9244186282157898,0.8608700037002563,0.9244186282157898
2095,0.9882267713546753,0.43406346440315247,1e-04,0.9882267713546753,0.921875,0.8945605158805847,0.921875
2096,0.9848759174346924,0.4422658383846283,1e-04,0.9848759174346924,0.9262354373931885,0.7968534231185913,0.9262354373931885
2097,0.9864155054092407,0.4361051917076111,1e-04,0.9864155054092407,0.9226017594337463,0.8436691761016846,0.9226017594337463
2098,0.9883173108100891,0.4331563115119934,1e-04,0.9883173108100891,0.9236918687820435,0.9124792218208313,0.9236918687820435
2099,0.9865060448646545,0.43867453932762146,1e-04,0.9865060448646545,0.9251453280448914,0.8237617611885071,0.9251453280448914
2100,0.9894946813583374,0.42916128039360046,1e-04,0.9894946813583374,0.9276889562606812,0.8109121918678284,0.9276889562606812
2101,0.9880456328392029,0.43491023778915405,1e-04,0.9880456328392029,0.9255087375640869,0.8123679757118225,0.9255087375640869
2102,0.986687183380127,0.43515676259994507,1e-04,0.986687183380127,0.9316860437393188,0.7751905918121338,0.9316860437393188
2103,0.9888607263565063,0.431331604719162,1e-04,0.9888607263565063,0.9211482405662537,0.8997485041618347,0.9211482405662537
2104,0.9870494604110718,0.4363178014755249,1e-04,0.9870494604110718,0.9240552186965942,0.8194189667701721,0.9240552186965942
2105,0.9882267713546753,0.43272602558135986,1e-04,0.9882267713546753,0.9251453280448914,0.8022570013999939,0.9251453280448914
2106,0.9885890483856201,0.4314810037612915,1e-04,0.9885890483856201,0.9229651093482971,0.8440120816230774,0.9229651093482971
2107,0.9884984493255615,0.42857757210731506,1e-04,0.9884984493255615,0.9251453280448914,0.8399716019630432,0.9251453280448914
2108,0.9894040822982788,0.428982138633728,1e-04,0.9894040822982788,0.917151153087616,0.8351288437843323,0.917151153087616
2109,0.9886795878410339,0.4321596026420593,1e-04,0.9886795878410339,0.9244186282157898,0.851412832736969,0.9244186282157898
2110,0.9884984493255615,0.4347580671310425,1e-04,0.9884984493255615,0.9229651093482971,0.8368062973022461,0.9229651093482971
2111,0.9885890483856201,0.42835527658462524,1e-04,0.9885890483856201,0.926598846912384,0.9032347202301025,0.926598846912384
2112,0.9883173108100891,0.43588390946388245,1e-04,0.9883173108100891,0.9200581312179565,0.8247365951538086,0.9200581312179565
2113,0.9881362318992615,0.43369439244270325,1e-04,0.9881362318992615,0.9284157156944275,0.8162515163421631,0.9284157156944275
2114,0.9894040822982788,0.4310661554336548,1e-04,0.9894040822982788,0.9186046719551086,0.8546785712242126,0.9186046719551086
2115,0.9879550933837891,0.43412378430366516,1e-04,0.9879550933837891,0.9167878031730652,0.867500901222229,0.9167878031730652
2116,0.9891324043273926,0.4288598597049713,1e-04,0.9891324043273926,0.9200581312179565,0.8658016920089722,0.9200581312179565
2117,0.9883173108100891,0.432562917470932,1e-04,0.9883173108100891,0.9247819781303406,0.800756573677063,0.9247819781303406
2118,0.9884984493255615,0.4307122230529785,1e-04,0.9884984493255615,0.9240552186965942,0.8439844846725464,0.9240552186965942
2119,0.9895852208137512,0.42760732769966125,1e-04,0.9895852208137512,0.9255087375640869,0.8156442642211914,0.9255087375640869
2120,0.9865966439247131,0.43427789211273193,1e-04,0.9865966439247131,0.9182412624359131,0.8133893609046936,0.9182412624359131
2121,0.9861438274383545,0.43553799390792847,1e-04,0.9861438274383545,0.9193313717842102,0.8169496059417725,0.9193313717842102
2122,0.9881362318992615,0.4311462342739105,1e-04,0.9881362318992615,0.9240552186965942,0.8285514712333679,0.9240552186965942
2123,0.9865966439247131,0.4365755617618561,1e-04,0.9865966439247131,0.9222383499145508,0.8546884059906006,0.9222383499145508
2124,0.986687183380127,0.43062669038772583,1e-04,0.986687183380127,0.9229651093482971,0.8460304141044617,0.9229651093482971
2125,0.9887701272964478,0.4305053651332855,1e-04,0.9887701272964478,0.9226017594337463,0.8625112771987915,0.9226017594337463
2126,0.9881362318992615,0.4319053590297699,1e-04,0.9881362318992615,0.9258720874786377,0.8128656148910522,0.9258720874786377
2127,0.9892229437828064,0.42955541610717773,1e-04,0.9892229437828064,0.9251453280448914,0.8181198239326477,0.9251453280448914
2128,0.9852381944656372,0.4417654871940613,1e-04,0.9852381944656372,0.9251453280448914,0.800993025302887,0.9251453280448914
2129,0.9868683218955994,0.43206503987312317,1e-04,0.9868683218955994,0.9196947813034058,0.8162980079650879,0.9196947813034058
2130,0.9889512658119202,0.42975741624832153,1e-04,0.9889512658119202,0.9262354373931885,0.8066481947898865,0.9262354373931885
2131,0.9894040822982788,0.42975643277168274,1e-04,0.9894040822982788,0.929142415523529,0.7972501516342163,0.929142415523529
2132,0.987321138381958,0.4338376224040985,1e-04,0.987321138381958,0.9167878031730652,0.8120905756950378,0.9167878031730652
2133,0.9888607263565063,0.4285273849964142,1e-04,0.9888607263565063,0.930232584476471,0.848293662071228,0.930232584476471
2134,0.9872305989265442,0.4357054531574249,1e-04,0.9872305989265442,0.9244186282157898,0.8384931683540344,0.9244186282157898
2135,0.9878644943237305,0.42796003818511963,1e-04,0.9878644943237305,0.9284157156944275,0.8088144063949585,0.9284157156944275
2136,0.9897663593292236,0.4275650978088379,1e-04,0.9897663593292236,0.9276889562606812,0.8504573702812195,0.9276889562606812
2137,0.9884984493255615,0.4318206012248993,1e-04,0.9884984493255615,0.9244186282157898,0.8635399341583252,0.9244186282157898
2138,0.9875928163528442,0.4326384663581848,1e-04,0.9875928163528442,0.9186046719551086,0.8561922907829285,0.9186046719551086
2139,0.9889512658119202,0.431571900844574,1e-04,0.9889512658119202,0.9215116500854492,0.8766589760780334,0.9215116500854492
2140,0.9858721494674683,0.4366731643676758,1e-04,0.9858721494674683,0.9233284592628479,0.7960179448127747,0.9233284592628479
2141,0.9890418648719788,0.4281417727470398,1e-04,0.9890418648719788,0.9182412624359131,0.8300793766975403,0.9182412624359131
2142,0.989947497844696,0.42860427498817444,1e-04,0.989947497844696,0.9233284592628479,0.8543167114257812,0.9233284592628479
2143,0.9904003143310547,0.4247734248638153,1e-04,0.9904003143310547,0.9244186282157898,0.877097487449646,0.9244186282157898
2144,0.989675760269165,0.42887160181999207,1e-04,0.989675760269165,0.926598846912384,0.8404297828674316,0.926598846912384
2145,0.986687183380127,0.43361401557922363,1e-04,0.986687183380127,0.9222383499145508,0.8236852288246155,0.9222383499145508
2146,0.9865060448646545,0.43468546867370605,1e-04,0.9865060448646545,0.9164243936538696,0.8653642535209656,0.9164243936538696
2147,0.9878644943237305,0.43077969551086426,1e-04,0.9878644943237305,0.9102470874786377,0.9310165047645569,0.9102470874786377
2148,0.9885890483856201,0.43155381083488464,1e-04,0.9885890483856201,0.9298691749572754,0.8141676187515259,0.9298691749572754
2149,0.9886795878410339,0.4301745295524597,1e-04,0.9886795878410339,0.9222383499145508,0.8121892213821411,0.9222383499145508
2150,0.9884079098701477,0.4296533167362213,1e-04,0.9884079098701477,0.9200581312179565,0.8439159989356995,0.9200581312179565
2151,0.9888607263565063,0.4288846254348755,1e-04,0.9888607263565063,0.9258720874786377,0.8107964992523193,0.9258720874786377
2152,0.9876834154129028,0.4320138394832611,1e-04,0.9876834154129028,0.9229651093482971,0.8105877041816711,0.9229651093482971
2153,0.9879550933837891,0.43050119280815125,1e-04,0.9879550933837891,0.9113371968269348,0.9167689681053162,0.9113371968269348
2154,0.9894946813583374,0.4290713667869568,1e-04,0.9894946813583374,0.9211482405662537,0.8193206787109375,0.9211482405662537
2155,0.9885890483856201,0.4271637499332428,1e-04,0.9885890483856201,0.9211482405662537,0.8046042919158936,0.9211482405662537
2156,0.9878644943237305,0.43090978264808655,1e-04,0.9878644943237305,0.9236918687820435,0.8271755576133728,0.9236918687820435
2157,0.9871399998664856,0.43371570110321045,1e-04,0.9871399998664856,0.9258720874786377,0.7734581828117371,0.9258720874786377
2158,0.9895852208137512,0.4284627139568329,1e-04,0.9895852208137512,0.9240552186965942,0.7806381583213806,0.9240552186965942
2159,0.989313542842865,0.4258294999599457,1e-04,0.989313542842865,0.9196947813034058,0.8261069655418396,0.9196947813034058
2160,0.9885890483856201,0.42823126912117004,1e-04,0.9885890483856201,0.9229651093482971,0.7990723252296448,0.9229651093482971
2161,0.9880456328392029,0.43212807178497314,1e-04,0.9880456328392029,0.921875,0.7985044121742249,0.921875
2162,0.9897663593292236,0.4280685484409332,1e-04,0.9897663593292236,0.9215116500854492,0.8177365064620972,0.9215116500854492
2163,0.9886795878410339,0.4289327561855316,1e-04,0.9886795878410339,0.9262354373931885,0.7973442077636719,0.9262354373931885
2164,0.9868683218955994,0.4323481023311615,1e-04,0.9868683218955994,0.9153342843055725,0.8587915301322937,0.9153342843055725
2165,0.9898568987846375,0.4259900450706482,1e-04,0.9898568987846375,0.9222383499145508,0.8209273815155029,0.9222383499145508
2166,0.991668164730072,0.42032375931739807,1e-04,0.991668164730072,0.9269621968269348,0.8247680068016052,0.9269621968269348
2167,0.9862343668937683,0.43259385228157043,1e-04,0.9862343668937683,0.9255087375640869,0.8206068277359009,0.9255087375640869
2168,0.9865966439247131,0.430682510137558,1e-04,0.9865966439247131,0.9222383499145508,0.8814619183540344,0.9222383499145508
2169,0.9880456328392029,0.428316593170166,1e-04,0.9880456328392029,0.9095203280448914,0.8904720544815063,0.9095203280448914
2170,0.9886795878410339,0.4315633773803711,1e-04,0.9886795878410339,0.9276889562606812,0.7943663597106934,0.9276889562606812
2171,0.9890418648719788,0.4303598701953888,1e-04,0.9890418648719788,0.9255087375640869,0.794555127620697,0.9255087375640869
2172,0.9894040822982788,0.42788034677505493,1e-04,0.9894040822982788,0.9207848906517029,0.7958637475967407,0.9207848906517029
2173,0.9885890483856201,0.43059825897216797,1e-04,0.9885890483856201,0.9258720874786377,0.8066737055778503,0.9258720874786377
2174,0.9882267713546753,0.4280189275741577,1e-04,0.9882267713546753,0.9244186282157898,0.836033821105957,0.9244186282157898
2175,0.9890418648719788,0.42891913652420044,1e-04,0.9890418648719788,0.9236918687820435,0.8389273285865784,0.9236918687820435
2176,0.9884984493255615,0.4270169138908386,1e-04,0.9884984493255615,0.9255087375640869,0.855163037776947,0.9255087375640869
2177,0.9886795878410339,0.4280295968055725,1e-04,0.9886795878410339,0.9255087375640869,0.8057931661605835,0.9255087375640869
2178,0.989675760269165,0.4236741065979004,1e-04,0.989675760269165,0.9131540656089783,0.8806110620498657,0.9131540656089783
2179,0.9868683218955994,0.4294932782649994,1e-04,0.9868683218955994,0.9240552186965942,0.8344560861587524,0.9240552186965942
2180,0.9898568987846375,0.4247300922870636,1e-04,0.9898568987846375,0.9262354373931885,0.8365625143051147,0.9262354373931885
2181,0.991034209728241,0.42220672965049744,1e-04,0.991034209728241,0.9233284592628479,0.891700029373169,0.9233284592628479
2182,0.9877739548683167,0.43233272433280945,1e-04,0.9877739548683167,0.921875,0.837582528591156,0.921875
2183,0.9885890483856201,0.427434504032135,1e-04,0.9885890483856201,0.9247819781303406,0.8035228848457336,0.9247819781303406
2184,0.9894946813583374,0.42572879791259766,1e-04,0.9894946813583374,0.9196947813034058,0.8429523706436157,0.9196947813034058
2185,0.9858721494674683,0.4321398138999939,1e-04,0.9858721494674683,0.9211482405662537,0.8629791140556335,0.9211482405662537
2186,0.9883173108100891,0.4276660978794098,1e-04,0.9883173108100891,0.9127907156944275,0.8441007137298584,0.9127907156944275
2187,0.9901285767555237,0.4251566231250763,1e-04,0.9901285767555237,0.9160610437393188,0.8811198472976685,0.9160610437393188
2188,0.986687183380127,0.43163037300109863,1e-04,0.986687183380127,0.9193313717842102,0.7795082926750183,0.9193313717842102
2189,0.9894040822982788,0.42643991112709045,1e-04,0.9894040822982788,0.9273256063461304,0.7829370498657227,0.9273256063461304
2190,0.9895852208137512,0.427417129278183,1e-04,0.9895852208137512,0.9280523061752319,0.8098940253257751,0.9280523061752319
2191,0.9884984493255615,0.4282706677913666,1e-04,0.9884984493255615,0.9251453280448914,0.8242243528366089,0.9251453280448914
2192,0.989675760269165,0.42455852031707764,1e-04,0.989675760269165,0.9247819781303406,0.8271297216415405,0.9247819781303406
2193,0.9909436702728271,0.4234871566295624,1e-04,0.9909436702728271,0.930232584476471,0.7843968868255615,0.930232584476471
2194,0.9894040822982788,0.4272938072681427,1e-04,0.9894040822982788,0.9247819781303406,0.8365013599395752,0.9247819781303406
2195,0.9884984493255615,0.42635399103164673,1e-04,0.9884984493255615,0.9262354373931885,0.820437490940094,0.9262354373931885
2196,0.9901285767555237,0.42454347014427185,1e-04,0.9901285767555237,0.9233284592628479,0.8286392092704773,0.9233284592628479
2197,0.9886795878410339,0.4266309440135956,1e-04,0.9886795878410339,0.9316860437393188,0.7977729439735413,0.9316860437393188
2198,0.9907625317573547,0.42053544521331787,1e-04,0.9907625317573547,0.9233284592628479,0.8533481359481812,0.9233284592628479
2199,0.9885890483856201,0.4276585280895233,1e-04,0.9885890483856201,0.9280523061752319,0.8368610143661499,0.9280523061752319
2200,0.9868683218955994,0.42833325266838074,1e-04,0.9868683218955994,0.9262354373931885,0.8042704463005066,0.9262354373931885
2201,0.9890418648719788,0.4262000024318695,1e-04,0.9890418648719788,0.9258720874786377,0.8019877672195435,0.9258720874786377
2202,0.991034209728241,0.4224780797958374,1e-04,0.991034209728241,0.9255087375640869,0.8062626123428345,0.9255087375640869
2203,0.9888607263565063,0.4279096722602844,1e-04,0.9888607263565063,0.9222383499145508,0.82529217004776,0.9222383499145508
2204,0.9892229437828064,0.4251970648765564,1e-04,0.9892229437828064,0.9247819781303406,0.8389924764633179,0.9247819781303406
2205,0.9876834154129028,0.4277588725090027,1e-04,0.9876834154129028,0.9229651093482971,0.8709056973457336,0.9229651093482971
2206,0.9861438274383545,0.43011149764060974,1e-04,0.9861438274383545,0.921875,0.8765188455581665,0.921875
2207,0.9874116778373718,0.4303438067436218,1e-04,0.9874116778373718,0.9167878031730652,0.8418331742286682,0.9167878031730652
2208,0.9863249659538269,0.42948248982429504,1e-04,0.9863249659538269,0.9240552186965942,0.8610358834266663,0.9240552186965942
2209,0.9892229437828064,0.42570778727531433,1e-04,0.9892229437828064,0.9247819781303406,0.8276510834693909,0.9247819781303406
2210,0.9881362318992615,0.4299766421318054,1e-04,0.9881362318992615,0.9229651093482971,0.8208091855049133,0.9229651093482971
2211,0.9845137000083923,0.4401746392250061,1e-04,0.9845137000083923,0.9273256063461304,0.7710173726081848,0.9273256063461304
2212,0.9875928163528442,0.4295482039451599,1e-04,0.9875928163528442,0.9313226938247681,0.7733131051063538,0.9313226938247681
2213,0.9884079098701477,0.42617738246917725,1e-04,0.9884079098701477,0.9193313717842102,0.7970765829086304,0.9193313717842102
2214,0.9884984493255615,0.42621415853500366,1e-04,0.9884984493255615,0.9287790656089783,0.8052754998207092,0.9287790656089783
2215,0.9868683218955994,0.4328761398792267,1e-04,0.9868683218955994,0.9186046719551086,0.830384373664856,0.9186046719551086
2216,0.9891324043273926,0.42300447821617126,1e-04,0.9891324043273926,0.910973846912384,0.8729053139686584,0.910973846912384
2217,0.9881362318992615,0.425297349691391,1e-04,0.9881362318992615,0.921875,0.9195729494094849,0.921875
2218,0.9892229437828064,0.4263916611671448,1e-04,0.9892229437828064,0.9196947813034058,0.8438345193862915,0.9196947813034058
2219,0.9886795878410339,0.4251137971878052,1e-04,0.9886795878410339,0.9247819781303406,0.8245350122451782,0.9247819781303406
2220,0.9913964867591858,0.4206159710884094,1e-04,0.9913964867591858,0.9204215407371521,0.8482552170753479,0.9204215407371521
2221,0.9889512658119202,0.4244105815887451,1e-04,0.9889512658119202,0.9196947813034058,0.858645498752594,0.9196947813034058
2222,0.9895852208137512,0.4227595925331116,1e-04,0.9895852208137512,0.9226017594337463,0.8356844782829285,0.9226017594337463
2223,0.9917587637901306,0.42055997252464294,1e-04,0.9917587637901306,0.9258720874786377,0.8286389112472534,0.9258720874786377
2224,0.9881362318992615,0.4278729557991028,1e-04,0.9881362318992615,0.9186046719551086,0.789703369140625,0.9186046719551086
2225,0.9888607263565063,0.4253014028072357,1e-04,0.9888607263565063,0.9236918687820435,0.7757834792137146,0.9236918687820435
2226,0.989313542842865,0.4243694245815277,1e-04,0.989313542842865,0.9258720874786377,0.8185709714889526,0.9258720874786377
2227,0.9892229437828064,0.4240761995315552,1e-04,0.9892229437828064,0.9215116500854492,0.8433510661125183,0.9215116500854492
2228,0.989313542842865,0.42262545228004456,1e-04,0.989313542842865,0.9240552186965942,0.8538591861724854,0.9240552186965942
2229,0.9900380373001099,0.42301008105278015,1e-04,0.9900380373001099,0.9324128031730652,0.7960410714149475,0.9324128031730652
2230,0.9900380373001099,0.42253822088241577,1e-04,0.9900380373001099,0.9222383499145508,0.8245001435279846,0.9222383499145508
2231,0.987321138381958,0.42805221676826477,1e-04,0.987321138381958,0.9251453280448914,0.800601601600647,0.9251453280448914
2232,0.991305947303772,0.4202447235584259,1e-04,0.991305947303772,0.9276889562606812,0.8137204647064209,0.9276889562606812
2233,0.991034209728241,0.4195963144302368,1e-04,0.991034209728241,0.9258720874786377,0.8154847025871277,0.9258720874786377
2234,0.9889512658119202,0.42556673288345337,1e-04,0.9889512658119202,0.9229651093482971,0.8182087540626526,0.9229651093482971
2235,0.9895852208137512,0.42334356904029846,1e-04,0.9895852208137512,0.9269621968269348,0.8161861300468445,0.9269621968269348
2236,0.9921209812164307,0.41644614934921265,1e-04,0.9921209812164307,0.929142415523529,0.8062878251075745,0.929142415523529
2237,0.9894946813583374,0.4247632920742035,1e-04,0.9894946813583374,0.9204215407371521,0.8174029588699341,0.9204215407371521
2238,0.9892229437828064,0.4227449595928192,1e-04,0.9892229437828064,0.9244186282157898,0.8722670078277588,0.9244186282157898
2239,0.9894946813583374,0.421907901763916,1e-04,0.9894946813583374,0.9251453280448914,0.8122405409812927,0.9251453280448914
2240,0.9871399998664856,0.4295644760131836,1e-04,0.9871399998664856,0.9233284592628479,0.8037357926368713,0.9233284592628479
2241,0.989675760269165,0.4239502251148224,1e-04,0.989675760269165,0.9247819781303406,0.7711095809936523,0.9247819781303406
2242,0.9871399998664856,0.42662689089775085,1e-04,0.9871399998664856,0.9222383499145508,0.8535363674163818,0.9222383499145508
2243,0.9892229437828064,0.42380958795547485,1e-04,0.9892229437828064,0.9160610437393188,0.8375789523124695,0.9160610437393188
2244,0.9894040822982788,0.42225006222724915,1e-04,0.9894040822982788,0.9255087375640869,0.7995080351829529,0.9255087375640869
2245,0.9874116778373718,0.42599961161613464,1e-04,0.9874116778373718,0.9226017594337463,0.8355634212493896,0.9226017594337463
2246,0.9906719923019409,0.42113903164863586,1e-04,0.9906719923019409,0.9273256063461304,0.8228687644004822,0.9273256063461304
2247,0.9884984493255615,0.42424818873405457,1e-04,0.9884984493255615,0.9298691749572754,0.7802937626838684,0.9298691749572754
2248,0.989313542842865,0.42364218831062317,1e-04,0.989313542842865,0.9233284592628479,0.8106738328933716,0.9233284592628479
2249,0.9886795878410339,0.423762708902359,1e-04,0.9886795878410339,0.9229651093482971,0.8017821907997131,0.9229651093482971
2250,0.9902191758155823,0.4222356677055359,1e-04,0.9902191758155823,0.929142415523529,0.8348162174224854,0.929142415523529
2251,0.989313542842865,0.42290574312210083,1e-04,0.989313542842865,0.9207848906517029,0.8356143832206726,0.9207848906517029
2252,0.9871399998664856,0.42742571234703064,1e-04,0.9871399998664856,0.9236918687820435,0.7985872626304626,0.9236918687820435
2253,0.9889512658119202,0.42413029074668884,1e-04,0.9889512658119202,0.9236918687820435,0.8304442763328552,0.9236918687820435
2254,0.9882267713546753,0.4249657690525055,1e-04,0.9882267713546753,0.9207848906517029,0.7825599312782288,0.9207848906517029
2255,0.9900380373001099,0.4199140965938568,1e-04,0.9900380373001099,0.921875,0.7979767322540283,0.921875
2256,0.9900380373001099,0.418673574924469,1e-04,0.9900380373001099,0.9287790656089783,0.8244208693504333,0.9287790656089783
2257,0.9881362318992615,0.4264536201953888,1e-04,0.9881362318992615,0.9222383499145508,0.8201404213905334,0.9222383499145508
2258,0.9870494604110718,0.42939457297325134,1e-04,0.9870494604110718,0.9280523061752319,0.8135472536087036,0.9280523061752319
2259,0.9894946813583374,0.4210253953933716,1e-04,0.9894946813583374,0.9258720874786377,0.8841441869735718,0.9258720874786377
2260,0.989313542842865,0.4222782552242279,1e-04,0.989313542842865,0.9287790656089783,0.8054346442222595,0.9287790656089783
2261,0.9883173108100891,0.4275932312011719,1e-04,0.9883173108100891,0.9276889562606812,0.8070664405822754,0.9276889562606812
2262,0.9905813932418823,0.41935744881629944,1e-04,0.9905813932418823,0.9244186282157898,0.7971603870391846,0.9244186282157898
2263,0.9886795878410339,0.42215341329574585,1e-04,0.9886795878410339,0.9298691749572754,0.8097670078277588,0.9298691749572754
2264,0.9898568987846375,0.4228242039680481,1e-04,0.9898568987846375,0.9287790656089783,0.7775672078132629,0.9287790656089783
2265,0.9892229437828064,0.4221309423446655,1e-04,0.9892229437828064,0.921875,0.8120558857917786,0.921875
2266,0.9913964867591858,0.4186634123325348,1e-04,0.9913964867591858,0.9233284592628479,0.8196966648101807,0.9233284592628479
2267,0.9900380373001099,0.420788049697876,1e-04,0.9900380373001099,0.9124273061752319,0.9251663088798523,0.9124273061752319
2268,0.9904003143310547,0.4186948835849762,1e-04,0.9904003143310547,0.9269621968269348,0.868745744228363,0.9269621968269348
2269,0.9914870262145996,0.4174291789531708,1e-04,0.9914870262145996,0.9269621968269348,0.8169361352920532,0.9269621968269348
2270,0.9878644943237305,0.42523592710494995,1e-04,0.9878644943237305,0.926598846912384,0.8437305688858032,0.926598846912384
2271,0.9869588613510132,0.4265367090702057,1e-04,0.9869588613510132,0.930232584476471,0.7733765244483948,0.930232584476471
2272,0.9900380373001099,0.4205226004123688,1e-04,0.9900380373001099,0.9178779125213623,0.8339443802833557,0.9178779125213623
2273,0.9865966439247131,0.42957574129104614,1e-04,0.9865966439247131,0.9320493936538696,0.7972676753997803,0.9320493936538696
2274,0.989675760269165,0.4199806749820709,1e-04,0.989675760269165,0.9305959343910217,0.7956345081329346,0.9305959343910217
2275,0.9908531308174133,0.41861432790756226,1e-04,0.9908531308174133,0.9229651093482971,0.8408433794975281,0.9229651093482971
2276,0.9888607263565063,0.4234253168106079,1e-04,0.9888607263565063,0.9258720874786377,0.7869938015937805,0.9258720874786377
2277,0.9909436702728271,0.4173841178417206,1e-04,0.9909436702728271,0.9298691749572754,0.8375627398490906,0.9298691749572754
2278,0.9904908537864685,0.42002686858177185,1e-04,0.9904908537864685,0.9280523061752319,0.7938739657402039,0.9280523061752319
2279,0.9895852208137512,0.4217882454395294,1e-04,0.9895852208137512,0.9255087375640869,0.8018507957458496,0.9255087375640869
2280,0.9905813932418823,0.41856908798217773,1e-04,0.9905813932418823,0.9287790656089783,0.8515563607215881,0.9287790656089783
2281,0.9905813932418823,0.4176192879676819,1e-04,0.9905813932418823,0.926598846912384,0.8195230960845947,0.926598846912384
2282,0.9913964867591858,0.41378429532051086,1e-04,0.9913964867591858,0.9269621968269348,0.8940495252609253,0.9269621968269348
2283,0.9885890483856201,0.42252251505851746,1e-04,0.9885890483856201,0.921875,0.8479210734367371,0.921875
2284,0.9880456328392029,0.4219795763492584,1e-04,0.9880456328392029,0.9262354373931885,0.8312946557998657,0.9262354373931885
2285,0.9900380373001099,0.4168531894683838,1e-04,0.9900380373001099,0.9182412624359131,0.8985223174095154,0.9182412624359131
2286,0.9885890483856201,0.42044326663017273,1e-04,0.9885890483856201,0.9236918687820435,0.8484007120132446,0.9236918687820435
2287,0.9888607263565063,0.42544981837272644,1e-04,0.9888607263565063,0.9305959343910217,0.8278422951698303,0.9305959343910217
2288,0.9923021197319031,0.41426026821136475,1e-04,0.9923021197319031,0.9273256063461304,0.8630519509315491,0.9273256063461304
2289,0.9892229437828064,0.4190711975097656,1e-04,0.9892229437828064,0.9244186282157898,0.8972004652023315,0.9244186282157898
2290,0.9856910109519958,0.4307314455509186,1e-04,0.9856910109519958,0.9233284592628479,0.7802913784980774,0.9233284592628479
2291,0.9898568987846375,0.41948404908180237,1e-04,0.9898568987846375,0.9247819781303406,0.836483895778656,0.9247819781303406
2292,0.9903097152709961,0.41949573159217834,1e-04,0.9903097152709961,0.9269621968269348,0.8597635626792908,0.9269621968269348
2293,0.991305947303772,0.4190382659435272,1e-04,0.991305947303772,0.9247819781303406,0.7819402813911438,0.9247819781303406
2294,0.9863249659538269,0.42656514048576355,1e-04,0.9863249659538269,0.9211482405662537,0.822989821434021,0.9211482405662537
2295,0.9882267713546753,0.4238700866699219,1e-04,0.9882267713546753,0.9295058250427246,0.7986956834793091,0.9295058250427246
2296,0.989313542842865,0.42012351751327515,1e-04,0.989313542842865,0.9284157156944275,0.8137925863265991,0.9284157156944275
2297,0.991034209728241,0.41633743047714233,1e-04,0.991034209728241,0.9287790656089783,0.8399139046669006,0.9287790656089783
2298,0.9906719923019409,0.4193546175956726,1e-04,0.9906719923019409,0.9276889562606812,0.7963295578956604,0.9276889562606812
2299,0.9904908537864685,0.41518211364746094,1e-04,0.9904908537864685,0.9251453280448914,0.8598029613494873,0.9251453280448914
2300,0.9928454756736755,0.41421961784362793,1e-04,0.9928454756736755,0.9284157156944275,0.8406119346618652,0.9284157156944275
2301,0.9878644943237305,0.4245600700378418,1e-04,0.9878644943237305,0.9269621968269348,0.8132960200309753,0.9269621968269348
2302,0.9904003143310547,0.41768878698349,1e-04,0.9904003143310547,0.9284157156944275,0.7986066341400146,0.9284157156944275
2303,0.9903097152709961,0.41672512888908386,1e-04,0.9903097152709961,0.9258720874786377,0.8290961384773254,0.9258720874786377
2304,0.9882267713546753,0.4245951175689697,1e-04,0.9882267713546753,0.921875,0.8723801970481873,0.921875
2305,0.9885890483856201,0.421369343996048,1e-04,0.9885890483856201,0.9156976938247681,0.9090538620948792,0.9156976938247681
2306,0.9906719923019409,0.41781896352767944,1e-04,0.9906719923019409,0.9233284592628479,0.8785885572433472,0.9233284592628479
2307,0.9880456328392029,0.422379732131958,1e-04,0.9880456328392029,0.921875,0.8187435269355774,0.921875
2308,0.9905813932418823,0.4169507920742035,1e-04,0.9905813932418823,0.9204215407371521,0.90305495262146,0.9204215407371521
2309,0.9897663593292236,0.41782549023628235,1e-04,0.9897663593292236,0.9262354373931885,0.8825204372406006,0.9262354373931885
2310,0.9891324043273926,0.4190681576728821,1e-04,0.9891324043273926,0.9287790656089783,0.8298723697662354,0.9287790656089783
2311,0.9921209812164307,0.41381627321243286,1e-04,0.9921209812164307,0.9240552186965942,0.888235330581665,0.9240552186965942
2312,0.989313542842865,0.419883668422699,1e-04,0.989313542842865,0.9298691749572754,0.821288526058197,0.9298691749572754
2313,0.9902191758155823,0.4181922376155853,1e-04,0.9902191758155823,0.9127907156944275,0.9576287269592285,0.9127907156944275
2314,0.9891324043273926,0.4189208447933197,1e-04,0.9891324043273926,0.9175145626068115,0.9108700156211853,0.9175145626068115
2315,0.9876834154129028,0.42289999127388,1e-04,0.9876834154129028,0.9233284592628479,0.8242599964141846,0.9233284592628479
2316,0.9919398427009583,0.41366735100746155,1e-04,0.9919398427009583,0.917151153087616,0.8818027377128601,0.917151153087616
2317,0.9879550933837891,0.42358654737472534,1e-04,0.9879550933837891,0.9149709343910217,0.86716628074646,0.9149709343910217
2318,0.9905813932418823,0.41673120856285095,1e-04,0.9905813932418823,0.9240552186965942,0.9060223698616028,0.9240552186965942
2319,0.9889512658119202,0.4202438294887543,1e-04,0.9889512658119202,0.9142441749572754,0.9595842361450195,0.9142441749572754
2320,0.9875022768974304,0.42299067974090576,1e-04,0.9875022768974304,0.9236918687820435,0.8157665133476257,0.9236918687820435
2321,0.9891324043273926,0.42016565799713135,1e-04,0.9891324043273926,0.921875,0.8526685833930969,0.921875
2322,0.9894946813583374,0.41920578479766846,1e-04,0.9894946813583374,0.9233284592628479,0.8276031017303467,0.9233284592628479
2323,0.9911248087882996,0.4161342978477478,1e-04,0.9911248087882996,0.9222383499145508,0.8921061754226685,0.9222383499145508
2324,0.9880456328392029,0.42192474007606506,1e-04,0.9880456328392029,0.9233284592628479,0.838427722454071,0.9233284592628479
2325,0.9875022768974304,0.4233357012271881,1e-04,0.9875022768974304,0.9193313717842102,0.8340316414833069,0.9193313717842102
2326,0.9895852208137512,0.41902774572372437,1e-04,0.9895852208137512,0.9233284592628479,0.8739009499549866,0.9233284592628479
2327,0.9883173108100891,0.4220050573348999,1e-04,0.9883173108100891,0.9247819781303406,0.8491307497024536,0.9247819781303406
2328,0.9894946813583374,0.41893917322158813,1e-04,0.9894946813583374,0.9233284592628479,0.8806334137916565,0.9233284592628479
2329,0.9884079098701477,0.4199754595756531,1e-04,0.9884079098701477,0.9186046719551086,0.8810562491416931,0.9186046719551086
2330,0.9908531308174133,0.4166294038295746,1e-04,0.9908531308174133,0.9258720874786377,0.8869829177856445,0.9258720874786377
2331,0.991034209728241,0.41723740100860596,1e-04,0.991034209728241,0.9276889562606812,0.818533718585968,0.9276889562606812
2332,0.991034209728241,0.4123944640159607,1e-04,0.991034209728241,0.9233284592628479,0.8932863473892212,0.9233284592628479
2333,0.9900380373001099,0.41827723383903503,1e-04,0.9900380373001099,0.9127907156944275,0.9336333870887756,0.9127907156944275
2334,0.9888607263565063,0.42048248648643494,1e-04,0.9888607263565063,0.9120639562606812,0.8537172675132751,0.9120639562606812
2335,0.9911248087882996,0.41666385531425476,1e-04,0.9911248087882996,0.9215116500854492,0.9214892983436584,0.9215116500854492
2336,0.9907625317573547,0.41528192162513733,1e-04,0.9907625317573547,0.9273256063461304,0.8652910590171814,0.9273256063461304
2337,0.9901285767555237,0.4192584753036499,1e-04,0.9901285767555237,0.9240552186965942,0.828857421875,0.9240552186965942
2338,0.9900380373001099,0.418273389339447,1e-04,0.9900380373001099,0.9240552186965942,0.8639211654663086,0.9240552186965942
2339,0.9875022768974304,0.42310747504234314,1e-04,0.9875022768974304,0.9244186282157898,0.8546379208564758,0.9244186282157898
2340,0.9863249659538269,0.4246710538864136,1e-04,0.9863249659538269,0.9211482405662537,0.8772523403167725,0.9211482405662537
2341,0.9914870262145996,0.4141707122325897,1e-04,0.9914870262145996,0.9284157156944275,0.8785042762756348,0.9284157156944275
2342,0.9894040822982788,0.4186772108078003,1e-04,0.9894040822982788,0.9215116500854492,0.8453257083892822,0.9215116500854492
2343,0.989313542842865,0.4169105887413025,1e-04,0.989313542842865,0.926598846912384,0.8313458561897278,0.926598846912384
2344,0.9904003143310547,0.41780534386634827,1e-04,0.9904003143310547,0.9273256063461304,0.8195433616638184,0.9273256063461304
2345,0.989675760269165,0.41590985655784607,1e-04,0.989675760269165,0.9222383499145508,0.8817276358604431,0.9222383499145508
2346,0.9879550933837891,0.42150643467903137,1e-04,0.9879550933837891,0.9269621968269348,0.8711233735084534,0.9269621968269348
2347,0.9894946813583374,0.4196518063545227,1e-04,0.9894946813583374,0.9240552186965942,0.8637148141860962,0.9240552186965942
2348,0.9898568987846375,0.4159373641014099,1e-04,0.9898568987846375,0.9233284592628479,0.8854913115501404,0.9233284592628479
2349,0.9905813932418823,0.4170551002025604,1e-04,0.9905813932418823,0.9320493936538696,0.8345903158187866,0.9320493936538696
2350,0.9908531308174133,0.41594377160072327,1e-04,0.9908531308174133,0.9247819781303406,0.9054698348045349,0.9247819781303406
2351,0.9882267713546753,0.41888463497161865,1e-04,0.9882267713546753,0.9305959343910217,0.8636088967323303,0.9305959343910217
2352,0.9884079098701477,0.421345055103302,1e-04,0.9884079098701477,0.9255087375640869,0.9022570848464966,0.9255087375640869
2353,0.9871399998664856,0.4217134714126587,1e-04,0.9871399998664856,0.9295058250427246,0.8229935169219971,0.9295058250427246
2354,0.9901285767555237,0.41700342297554016,1e-04,0.9901285767555237,0.9236918687820435,0.8872030377388,0.9236918687820435
2355,0.9898568987846375,0.41639772057533264,1e-04,0.9898568987846375,0.9258720874786377,0.8685401082038879,0.9258720874786377
2356,0.9914870262145996,0.41218870878219604,1e-04,0.9914870262145996,0.9313226938247681,0.8487561345100403,0.9313226938247681
2357,0.989675760269165,0.4184679388999939,1e-04,0.989675760269165,0.9160610437393188,0.9233705401420593,0.9160610437393188
2358,0.9906719923019409,0.4117482304573059,1e-04,0.9906719923019409,0.9276889562606812,0.8605343103408813,0.9276889562606812
2359,0.9904003143310547,0.41512972116470337,1e-04,0.9904003143310547,0.9178779125213623,0.8897570967674255,0.9178779125213623
2360,0.9898568987846375,0.41758039593696594,1e-04,0.9898568987846375,0.9233284592628479,0.8776063919067383,0.9233284592628479
2361,0.9912153482437134,0.4138731062412262,1e-04,0.9912153482437134,0.9262354373931885,0.8420161604881287,0.9262354373931885
2362,0.989675760269165,0.4164018929004669,1e-04,0.989675760269165,0.9262354373931885,0.8665816783905029,0.9262354373931885
2363,0.9905813932418823,0.4140850901603699,1e-04,0.9905813932418823,0.9189680218696594,0.8576945662498474,0.9189680218696594
2364,0.9891324043273926,0.41683298349380493,1e-04,0.9891324043273926,0.9287790656089783,0.841763973236084,0.9287790656089783
2365,0.9901285767555237,0.41366058588027954,1e-04,0.9901285767555237,0.9262354373931885,0.9593035578727722,0.9262354373931885
2366,0.9903097152709961,0.4169120192527771,1e-04,0.9903097152709961,0.9280523061752319,0.8411529660224915,0.9280523061752319
2367,0.9902191758155823,0.41493263840675354,1e-04,0.9902191758155823,0.9204215407371521,0.8545748591423035,0.9204215407371521
2368,0.9904003143310547,0.41496869921684265,1e-04,0.9904003143310547,0.9229651093482971,0.8562705516815186,0.9229651093482971
2369,0.9906719923019409,0.4173663258552551,1e-04,0.9906719923019409,0.9262354373931885,0.8564823269844055,0.9262354373931885
2370,0.989675760269165,0.41590240597724915,1e-04,0.989675760269165,0.9215116500854492,0.8685290217399597,0.9215116500854492
2371,0.9914870262145996,0.41119709610939026,1e-04,0.9914870262145996,0.9236918687820435,0.9366919994354248,0.9236918687820435
2372,0.9878644943237305,0.4206368327140808,1e-04,0.9878644943237305,0.9247819781303406,0.852489709854126,0.9247819781303406
2373,0.9897663593292236,0.41207969188690186,1e-04,0.9897663593292236,0.9280523061752319,0.863442063331604,0.9280523061752319
2374,0.9869588613510132,0.41799500584602356,1e-04,0.9869588613510132,0.9160610437393188,0.9110332727432251,0.9160610437393188
2375,0.9892229437828064,0.4171042740345001,1e-04,0.9892229437828064,0.9226017594337463,0.8826807737350464,0.9226017594337463
2376,0.991305947303772,0.4109400510787964,1e-04,0.991305947303772,0.9251453280448914,0.9117341041564941,0.9251453280448914
2377,0.9904908537864685,0.4125370681285858,1e-04,0.9904908537864685,0.9240552186965942,0.9022648930549622,0.9240552186965942
2378,0.9921209812164307,0.41175246238708496,1e-04,0.9921209812164307,0.9204215407371521,0.8923523426055908,0.9204215407371521
2379,0.9907625317573547,0.41322022676467896,1e-04,0.9907625317573547,0.9207848906517029,0.9183968901634216,0.9207848906517029
2380,0.989947497844696,0.4158362150192261,1e-04,0.989947497844696,0.9149709343910217,0.8908833265304565,0.9149709343910217
2381,0.9886795878410339,0.415685772895813,1e-04,0.9886795878410339,0.929142415523529,0.892218828201294,0.929142415523529
2382,0.9884984493255615,0.4187472462654114,1e-04,0.9884984493255615,0.929142415523529,0.836188554763794,0.929142415523529
2383,0.9878644943237305,0.42144474387168884,1e-04,0.9878644943237305,0.9215116500854492,0.8518850803375244,0.9215116500854492
2384,0.9904908537864685,0.41435617208480835,1e-04,0.9904908537864685,0.9175145626068115,0.8984965085983276,0.9175145626068115
2385,0.9892229437828064,0.4165375232696533,1e-04,0.9892229437828064,0.9207848906517029,0.8541730642318726,0.9207848906517029
2386,0.9908531308174133,0.4106115400791168,1e-04,0.9908531308174133,0.9298691749572754,0.8695831894874573,0.9298691749572754
2387,0.9928454756736755,0.4088480472564697,1e-04,0.9928454756736755,0.930232584476471,0.8624738454818726,0.930232584476471
2388,0.9904003143310547,0.41509634256362915,1e-04,0.9904003143310547,0.9153342843055725,0.9257315993309021,0.9153342843055725
2389,0.9892229437828064,0.41511428356170654,1e-04,0.9892229437828064,0.9058866500854492,0.9654561281204224,0.9058866500854492
2390,0.9918493032455444,0.41007867455482483,1e-04,0.9918493032455444,0.9222383499145508,0.9626960158348083,0.9222383499145508
2391,0.9877739548683167,0.4212697148323059,1e-04,0.9877739548683167,0.929142415523529,0.8532785773277283,0.929142415523529
2392,0.9891324043273926,0.41767096519470215,1e-04,0.9891324043273926,0.926598846912384,0.8845322132110596,0.926598846912384
2393,0.9878644943237305,0.4225294589996338,1e-04,0.9878644943237305,0.9229651093482971,0.8212485909461975,0.9229651093482971
2394,0.9894040822982788,0.4164849817752838,1e-04,0.9894040822982788,0.9258720874786377,0.8144354820251465,0.9258720874786377
2395,0.9912153482437134,0.4097974896430969,1e-04,0.9912153482437134,0.921875,0.8973539471626282,0.921875
2396,0.991305947303772,0.41324496269226074,1e-04,0.991305947303772,0.9124273061752319,0.9477944374084473,0.9124273061752319
2397,0.989675760269165,0.4144909977912903,1e-04,0.989675760269165,0.921875,0.8911694288253784,0.921875
2398,0.9918493032455444,0.41055038571357727,1e-04,0.9918493032455444,0.9262354373931885,0.8127423524856567,0.9262354373931885
2399,0.9907625317573547,0.4106723964214325,1e-04,0.9907625317573547,0.9280523061752319,0.9228003025054932,0.9280523061752319
2400,0.9892229437828064,0.41646772623062134,1e-04,0.9892229437828064,0.9226017594337463,0.8814769983291626,0.9226017594337463
2401,0.9898568987846375,0.41473087668418884,1e-04,0.9898568987846375,0.9138808250427246,0.9425379037857056,0.9138808250427246
2402,0.9897663593292236,0.4141680598258972,1e-04,0.9897663593292236,0.9211482405662537,0.9065542817115784,0.9211482405662537
2403,0.9903097152709961,0.41347813606262207,1e-04,0.9903097152709961,0.9215116500854492,0.8789383769035339,0.9215116500854492
2404,0.9886795878410339,0.4159524738788605,1e-04,0.9886795878410339,0.9309592843055725,0.8169279098510742,0.9309592843055725
2405,0.991668164730072,0.41198286414146423,1e-04,0.991668164730072,0.9280523061752319,0.8837779760360718,0.9280523061752319
2406,0.9907625317573547,0.41450178623199463,1e-04,0.9907625317573547,0.9244186282157898,0.8720323443412781,0.9244186282157898
2407,0.9894946813583374,0.4160701632499695,1e-04,0.9894946813583374,0.9255087375640869,0.8664523363113403,0.9255087375640869
2408,0.9915776252746582,0.4105333089828491,1e-04,0.9915776252746582,0.9240552186965942,0.8702405095100403,0.9240552186965942
2409,0.9892229437828064,0.41608959436416626,1e-04,0.9892229437828064,0.9273256063461304,0.886361837387085,0.9273256063461304
2410,0.9908531308174133,0.41186580061912537,1e-04,0.9908531308174133,0.9226017594337463,0.8720124959945679,0.9226017594337463
2411,0.9902191758155823,0.4124119281768799,1e-04,0.9902191758155823,0.9280523061752319,0.8687306642532349,0.9280523061752319
2412,0.9891324043273926,0.41749006509780884,1e-04,0.9891324043273926,0.9142441749572754,0.8276121616363525,0.9142441749572754
2413,0.9883173108100891,0.4166907072067261,1e-04,0.9883173108100891,0.9095203280448914,0.8558153510093689,0.9095203280448914
2414,0.989675760269165,0.4136735498905182,1e-04,0.989675760269165,0.9204215407371521,0.856330156326294,0.9204215407371521
2415,0.9898568987846375,0.4135594367980957,1e-04,0.9898568987846375,0.926598846912384,0.8368256092071533,0.926598846912384
2416,0.9932077527046204,0.4065169095993042,1e-04,0.9932077527046204,0.9175145626068115,0.9082605242729187,0.9175145626068115
2417,0.9911248087882996,0.4100370705127716,1e-04,0.9911248087882996,0.9313226938247681,0.796207845211029,0.9313226938247681
2418,0.9932077527046204,0.4051758944988251,1e-04,0.9932077527046204,0.9305959343910217,0.8269366025924683,0.9305959343910217
2419,0.9883173108100891,0.4170892834663391,1e-04,0.9883173108100891,0.9244186282157898,0.857236385345459,0.9244186282157898
2420,0.9884984493255615,0.4157275855541229,1e-04,0.9884984493255615,0.9262354373931885,0.813846230506897,0.9262354373931885
2421,0.991668164730072,0.41015616059303284,1e-04,0.991668164730072,0.9222383499145508,0.8615155816078186,0.9222383499145508
2422,0.9883173108100891,0.41626614332199097,1e-04,0.9883173108100891,0.9226017594337463,0.8294214010238647,0.9226017594337463
2423,0.9917587637901306,0.4079611599445343,1e-04,0.9917587637901306,0.9255087375640869,0.8571290969848633,0.9255087375640869
2424,0.9880456328392029,0.4184642434120178,1e-04,0.9880456328392029,0.9284157156944275,0.8097405433654785,0.9284157156944275
2425,0.9890418648719788,0.4169878661632538,1e-04,0.9890418648719788,0.9284157156944275,0.7927175760269165,0.9284157156944275
2426,0.9884079098701477,0.41357460618019104,1e-04,0.9884079098701477,0.9211482405662537,0.8289413452148438,0.9211482405662537
2427,0.9900380373001099,0.41227927803993225,1e-04,0.9900380373001099,0.9287790656089783,0.8078134059906006,0.9287790656089783
2428,0.9907625317573547,0.40985628962516785,1e-04,0.9907625317573547,0.9247819781303406,0.8674651980400085,0.9247819781303406
2429,0.9908778667449951,0.4112517833709717,1e-04,0.9908778667449951,0.9320493936538696,0.8309297561645508,0.9320493936538696
2430,0.9909436702728271,0.41097044944763184,1e-04,0.9909436702728271,0.9338662624359131,0.8681851625442505,0.9338662624359131
2431,0.9904003143310547,0.40992099046707153,1e-04,0.9904003143310547,0.930232584476471,0.8389642238616943,0.930232584476471
2432,0.9913964867591858,0.40895983576774597,1e-04,0.9913964867591858,0.9240552186965942,0.8733679056167603,0.9240552186965942
2433,0.9907625317573547,0.4134908616542816,1e-04,0.9907625317573547,0.9164243936538696,0.8854545950889587,0.9164243936538696
2434,0.9884079098701477,0.4168059825897217,1e-04,0.9884079098701477,0.9258720874786377,0.8242699503898621,0.9258720874786377
2435,0.9920304417610168,0.4061967134475708,1e-04,0.9920304417610168,0.9244186282157898,0.8606110215187073,0.9244186282157898
2436,0.9918493032455444,0.40913125872612,1e-04,0.9918493032455444,0.9207848906517029,0.8615530133247375,0.9207848906517029
2437,0.9912153482437134,0.412339985370636,1e-04,0.9912153482437134,0.914607584476471,0.8868216872215271,0.914607584476471
2438,0.9908531308174133,0.410265177488327,1e-04,0.9908531308174133,0.9295058250427246,0.8249040842056274,0.9295058250427246
2439,0.9901285767555237,0.410586416721344,1e-04,0.9901285767555237,0.9262354373931885,0.8471470475196838,0.9262354373931885
2440,0.9934794306755066,0.4044741988182068,1e-04,0.9934794306755066,0.917151153087616,0.8984184861183167,0.917151153087616
2441,0.9901285767555237,0.4110563099384308,1e-04,0.9901285767555237,0.9226017594337463,0.786952018737793,0.9226017594337463
2442,0.9907625317573547,0.4091333746910095,1e-04,0.9907625317573547,0.9273256063461304,0.8903555870056152,0.9273256063461304
2443,0.9904003143310547,0.4116590917110443,1e-04,0.9904003143310547,0.9233284592628479,0.8535671830177307,0.9233284592628479
2444,0.991034209728241,0.40901678800582886,1e-04,0.991034209728241,0.9233284592628479,0.8653203248977661,0.9233284592628479
2445,0.9913964867591858,0.4085393249988556,1e-04,0.9913964867591858,0.921875,0.8210685849189758,0.921875
2446,0.9901285767555237,0.4107323884963989,1e-04,0.9901285767555237,0.921875,0.867219865322113,0.921875
2447,0.9904003143310547,0.41319945454597473,1e-04,0.9904003143310547,0.9229651093482971,0.8420539498329163,0.9229651093482971
2448,0.9921209812164307,0.40785855054855347,1e-04,0.9921209812164307,0.921875,0.855767011642456,0.921875
2449,0.9913964867591858,0.4070301055908203,1e-04,0.9913964867591858,0.9269621968269348,0.8600296974182129,0.9269621968269348
2450,0.9904908537864685,0.4114307165145874,1e-04,0.9904908537864685,0.9262354373931885,0.8186962008476257,0.9262354373931885
2451,0.9919398427009583,0.40705063939094543,1e-04,0.9919398427009583,0.921875,0.8632461428642273,0.921875
2452,0.9894946813583374,0.4117355942726135,1e-04,0.9894946813583374,0.9316860437393188,0.8042675256729126,0.9316860437393188
2453,0.9888607263565063,0.413492888212204,1e-04,0.9888607263565063,0.9240552186965942,0.856097936630249,0.9240552186965942
2454,0.9889512658119202,0.4143339693546295,1e-04,0.9889512658119202,0.9200581312179565,0.836764395236969,0.9200581312179565
2455,0.9923021197319031,0.40707847476005554,1e-04,0.9923021197319031,0.9258720874786377,0.8627199530601501,0.9258720874786377
2456,0.9914870262145996,0.40716540813446045,1e-04,0.9914870262145996,0.9240552186965942,0.8586428165435791,0.9240552186965942
2457,0.9897663593292236,0.4111367166042328,1e-04,0.9897663593292236,0.9200581312179565,0.8396433591842651,0.9200581312179565
2458,0.9894946813583374,0.4147662818431854,1e-04,0.9894946813583374,0.929142415523529,0.8342750668525696,0.929142415523529
2459,0.9906719923019409,0.41214311122894287,1e-04,0.9906719923019409,0.9262354373931885,0.8110531568527222,0.9262354373931885
2460,0.9913964867591858,0.40776875615119934,1e-04,0.9913964867591858,0.9276889562606812,0.8539496064186096,0.9276889562606812
2461,0.991668164730072,0.4097709059715271,1e-04,0.991668164730072,0.9240552186965942,0.8227856755256653,0.9240552186965942
2462,0.9913964867591858,0.4083327054977417,1e-04,0.9913964867591858,0.9338662624359131,0.8359140753746033,0.9338662624359131
2463,0.991668164730072,0.4100598990917206,1e-04,0.991668164730072,0.9335029125213623,0.8105745315551758,0.9335029125213623
2464,0.991668164730072,0.40667006373405457,1e-04,0.991668164730072,0.9305959343910217,0.8769304752349854,0.9305959343910217
2465,0.9911248087882996,0.4069006145000458,1e-04,0.9911248087882996,0.9229651093482971,0.8450456857681274,0.9229651093482971
2466,0.9917587637901306,0.4082581698894501,1e-04,0.9917587637901306,0.9229651093482971,0.851253867149353,0.9229651093482971
2467,0.989313542842865,0.41050824522972107,1e-04,0.989313542842865,0.9149709343910217,0.9545176029205322,0.9149709343910217
2468,0.9885890483856201,0.4148150086402893,1e-04,0.9885890483856201,0.9240552186965942,0.7956070303916931,0.9240552186965942
2469,0.9885890483856201,0.4156123697757721,1e-04,0.9885890483856201,0.9222383499145508,0.8394455909729004,0.9222383499145508
2470,0.9911248087882996,0.40730929374694824,1e-04,0.9911248087882996,0.9196947813034058,0.8473203778266907,0.9196947813034058
2471,0.989675760269165,0.4118460416793823,1e-04,0.989675760269165,0.9164243936538696,0.920482873916626,0.9164243936538696
2472,0.9911248087882996,0.40940141677856445,1e-04,0.9911248087882996,0.9269621968269348,0.7745518088340759,0.9269621968269348
2473,0.991305947303772,0.40803760290145874,1e-04,0.991305947303772,0.9262354373931885,0.8251689672470093,0.9262354373931885
2474,0.9922115802764893,0.4044448435306549,1e-04,0.9922115802764893,0.9255087375640869,0.8197688460350037,0.9255087375640869
2475,0.9912153482437134,0.4072243571281433,1e-04,0.9912153482437134,0.9222383499145508,0.8362780809402466,0.9222383499145508
2476,0.9878644943237305,0.41480815410614014,1e-04,0.9878644943237305,0.9251453280448914,0.8486186861991882,0.9251453280448914
2477,0.9888607263565063,0.4150731563568115,1e-04,0.9888607263565063,0.9229651093482971,0.8283149600028992,0.9229651093482971
2478,0.989675760269165,0.40734654664993286,1e-04,0.989675760269165,0.917151153087616,0.8483757972717285,0.917151153087616
2479,0.9882267713546753,0.4161951541900635,1e-04,0.9882267713546753,0.9244186282157898,0.8191540837287903,0.9244186282157898
2480,0.9932982921600342,0.4038989245891571,1e-04,0.9932982921600342,0.9280523061752319,0.8367047905921936,0.9280523061752319
2481,0.9903097152709961,0.4080689549446106,1e-04,0.9903097152709961,0.9273256063461304,0.8561112284660339,0.9273256063461304
2482,0.9908531308174133,0.4074341356754303,1e-04,0.9908531308174133,0.9196947813034058,0.9010878205299377,0.9196947813034058
2483,0.9909436702728271,0.4053611159324646,1e-04,0.9909436702728271,0.9335029125213623,0.8215197324752808,0.9335029125213623
2484,0.9890418648719788,0.41144859790802,1e-04,0.9890418648719788,0.9316860437393188,0.7929760217666626,0.9316860437393188
2485,0.991668164730072,0.405025452375412,1e-04,0.991668164730072,0.9269621968269348,0.8395820260047913,0.9269621968269348
2486,0.9904003143310547,0.40786582231521606,1e-04,0.9904003143310547,0.9226017594337463,0.7963765263557434,0.9226017594337463
2487,0.991668164730072,0.40523067116737366,1e-04,0.991668164730072,0.9207848906517029,0.8382401466369629,0.9207848906517029
2488,0.9912153482437134,0.4068630635738373,1e-04,0.9912153482437134,0.9222383499145508,0.8375723958015442,0.9222383499145508
2489,0.9922115802764893,0.4046238958835602,1e-04,0.9922115802764893,0.926598846912384,0.8777300715446472,0.926598846912384
2490,0.9884079098701477,0.41192105412483215,1e-04,0.9884079098701477,0.9222383499145508,0.8397728800773621,0.9222383499145508
2491,0.9927549362182617,0.40377503633499146,1e-04,0.9927549362182617,0.9298691749572754,0.861815869808197,0.9298691749572754
2492,0.9892229437828064,0.41033250093460083,1e-04,0.9892229437828064,0.9273256063461304,0.8239996433258057,0.9273256063461304
2493,0.989675760269165,0.4112989008426666,1e-04,0.989675760269165,0.9324128031730652,0.8241477012634277,0.9324128031730652
2494,0.9881362318992615,0.4155307412147522,1e-04,0.9881362318992615,0.921875,0.8665928244590759,0.921875
2495,0.9901285767555237,0.406435489654541,1e-04,0.9901285767555237,0.921875,0.8391819596290588,0.921875
2496,0.9880456328392029,0.41207921504974365,1e-04,0.9880456328392029,0.9251453280448914,0.8842357993125916,0.9251453280448914
2497,0.9891324043273926,0.41155126690864563,1e-04,0.9891324043273926,0.9273256063461304,0.7929373383522034,0.9273256063461304
2498,0.9907625317573547,0.4080120027065277,1e-04,0.9907625317573547,0.926598846912384,0.8017005324363708,0.926598846912384
2499,0.9908531308174133,0.40868619084358215,1e-04,0.9908531308174133,0.9251453280448914,0.7758234739303589,0.9251453280448914
2500,0.991305947303772,0.4061029553413391,1e-04,0.991305947303772,0.9269621968269348,0.8086254000663757,0.9269621968269348
2501,0.9904908537864685,0.4084179401397705,1e-04,0.9904908537864685,0.921875,0.8208280801773071,0.921875
2502,0.9867777824401855,0.4187910854816437,1e-04,0.9867777824401855,0.9207848906517029,0.8313066959381104,0.9207848906517029
2503,0.9895852208137512,0.41361936926841736,1e-04,0.9895852208137512,0.9298691749572754,0.8483906388282776,0.9298691749572754
2504,0.991034209728241,0.40522900223731995,1e-04,0.991034209728241,0.9215116500854492,0.8592531085014343,0.9215116500854492
2505,0.9905813932418823,0.40744850039482117,1e-04,0.9905813932418823,0.9200581312179565,0.8525359630584717,0.9200581312179565
2506,0.9904003143310547,0.4064309895038605,1e-04,0.9904003143310547,0.9244186282157898,0.8313990831375122,0.9244186282157898
2507,0.9900380373001099,0.4081301689147949,1e-04,0.9900380373001099,0.9186046719551086,0.8656414151191711,0.9186046719551086
2508,0.9926643967628479,0.40441304445266724,1e-04,0.9926643967628479,0.9167878031730652,0.9245531558990479,0.9167878031730652
2509,0.9892229437828064,0.4089367985725403,1e-04,0.9892229437828064,0.926598846912384,0.8386884331703186,0.926598846912384
2510,0.9921209812164307,0.40529346466064453,1e-04,0.9921209812164307,0.9295058250427246,0.8344857692718506,0.9295058250427246
2511,0.9918493032455444,0.40489035844802856,1e-04,0.9918493032455444,0.9240552186965942,0.8489737510681152,0.9240552186965942
2512,0.989947497844696,0.4079686999320984,1e-04,0.989947497844696,0.9269621968269348,0.8186947107315063,0.9269621968269348
2513,0.9912153482437134,0.4034525752067566,1e-04,0.9912153482437134,0.9182412624359131,0.8516229391098022,0.9182412624359131
2514,0.9908531308174133,0.40570068359375,1e-04,0.9908531308174133,0.9240552186965942,0.8555906414985657,0.9240552186965942
2515,0.9877739548683167,0.414573609828949,1e-04,0.9877739548683167,0.9226017594337463,0.8276346921920776,0.9226017594337463
2516,0.9905813932418823,0.4076465368270874,1e-04,0.9905813932418823,0.9251453280448914,0.8305823802947998,0.9251453280448914
2517,0.9898568987846375,0.4096158742904663,1e-04,0.9898568987846375,0.9280523061752319,0.7964788675308228,0.9280523061752319
2518,0.9895852208137512,0.4096883237361908,1e-04,0.9895852208137512,0.917151153087616,0.8304746747016907,0.917151153087616
2519,0.9909436702728271,0.40490370988845825,1e-04,0.9909436702728271,0.9175145626068115,0.8311460614204407,0.9175145626068115
2520,0.9912153482437134,0.4037396013736725,1e-04,0.9912153482437134,0.9193313717842102,0.8490995168685913,0.9193313717842102
2521,0.9914870262145996,0.4039168059825897,1e-04,0.9914870262145996,0.9251453280448914,0.8918818235397339,0.9251453280448914
2522,0.9917587637901306,0.40534865856170654,1e-04,0.9917587637901306,0.929142415523529,0.8376660943031311,0.929142415523529
2523,0.9923021197319031,0.40384843945503235,1e-04,0.9923021197319031,0.9244186282157898,0.8439481854438782,0.9244186282157898
2524,0.9904003143310547,0.4083669185638428,1e-04,0.9904003143310547,0.9229651093482971,0.7987285852432251,0.9229651093482971
2525,0.9909436702728271,0.40567660331726074,1e-04,0.9909436702728271,0.9211482405662537,0.8214012980461121,0.9211482405662537
2526,0.9904908537864685,0.4078117311000824,1e-04,0.9904908537864685,0.9207848906517029,0.8444846272468567,0.9207848906517029
2527,0.9915776252746582,0.4053966701030731,1e-04,0.9915776252746582,0.9262354373931885,0.7972846627235413,0.9262354373931885
2528,0.9921209812164307,0.40343916416168213,1e-04,0.9921209812164307,0.9229651093482971,0.8421892523765564,0.9229651093482971
2529,0.9904003143310547,0.4070602059364319,1e-04,0.9904003143310547,0.9247819781303406,0.8128125667572021,0.9247819781303406
2530,0.9915776252746582,0.40484392642974854,1e-04,0.9915776252746582,0.9244186282157898,0.8519654273986816,0.9244186282157898
2531,0.9886795878410339,0.41017067432403564,1e-04,0.9886795878410339,0.9251453280448914,0.8241387009620667,0.9251453280448914
2532,0.9890418648719788,0.410525918006897,1e-04,0.9890418648719788,0.9196947813034058,0.8290712833404541,0.9196947813034058
2533,0.989675760269165,0.4088835120201111,1e-04,0.989675760269165,0.9207848906517029,0.8965579271316528,0.9207848906517029
2534,0.9890418648719788,0.41159090399742126,1e-04,0.9890418648719788,0.9160610437393188,0.8619028925895691,0.9160610437393188
2535,0.9918493032455444,0.4058111906051636,1e-04,0.9918493032455444,0.9262354373931885,0.7900705337524414,0.9262354373931885
2536,0.9907625317573547,0.40403634309768677,1e-04,0.9907625317573547,0.9226017594337463,0.8652229309082031,0.9226017594337463
2537,0.9894946813583374,0.41006994247436523,1e-04,0.9894946813583374,0.9251453280448914,0.8403690457344055,0.9251453280448914
2538,0.9911248087882996,0.40455588698387146,1e-04,0.9911248087882996,0.9222383499145508,0.8230528831481934,0.9222383499145508
2539,0.9901285767555237,0.4068284034729004,1e-04,0.9901285767555237,0.9204215407371521,0.8253885507583618,0.9204215407371521
2540,0.9894946813583374,0.4077816605567932,1e-04,0.9894946813583374,0.926598846912384,0.7840309143066406,0.926598846912384
2541,0.9921209812164307,0.4018107056617737,1e-04,0.9921209812164307,0.9233284592628479,0.7974212765693665,0.9233284592628479
2542,0.9920304417610168,0.4032643735408783,1e-04,0.9920304417610168,0.9251453280448914,0.8197973370552063,0.9251453280448914
2543,0.9897663593292236,0.407214492559433,1e-04,0.9897663593292236,0.9222383499145508,0.8449142575263977,0.9222383499145508
2544,0.9921209812164307,0.4013364017009735,1e-04,0.9921209812164307,0.9284157156944275,0.8490731716156006,0.9284157156944275
2545,0.989675760269165,0.40816083550453186,1e-04,0.989675760269165,0.9236918687820435,0.820549726486206,0.9236918687820435
2546,0.9888607263565063,0.4084816575050354,1e-04,0.9888607263565063,0.9251453280448914,0.8272241353988647,0.9251453280448914
2547,0.9922115802764893,0.40034568309783936,1e-04,0.9922115802764893,0.9269621968269348,0.8268425464630127,0.9269621968269348
2548,0.9914870262145996,0.40492215752601624,1e-04,0.9914870262145996,0.9233284592628479,0.8308408856391907,0.9233284592628479
2549,0.9882267713546753,0.41193854808807373,1e-04,0.9882267713546753,0.9284157156944275,0.7547618746757507,0.9284157156944275
2550,0.9898568987846375,0.40666472911834717,1e-04,0.9898568987846375,0.9182412624359131,0.8274223208427429,0.9182412624359131
2551,0.991034209728241,0.40494152903556824,1e-04,0.991034209728241,0.9222383499145508,0.812103807926178,0.9222383499145508
2552,0.9915776252746582,0.40353336930274963,1e-04,0.9915776252746582,0.9236918687820435,0.8239168524742126,0.9236918687820435
2553,0.9902191758155823,0.40820369124412537,1e-04,0.9902191758155823,0.9196947813034058,0.878512442111969,0.9196947813034058
2554,0.9908531308174133,0.4050211012363434,1e-04,0.9908531308174133,0.9215116500854492,0.8190405368804932,0.9215116500854492
2555,0.9914870262145996,0.4040452241897583,1e-04,0.9914870262145996,0.9284157156944275,0.8019136190414429,0.9284157156944275
2556,0.9894040822982788,0.4059973359107971,1e-04,0.9894040822982788,0.9156976938247681,0.8272693753242493,0.9156976938247681
2557,0.991034209728241,0.40483543276786804,1e-04,0.991034209728241,0.9247819781303406,0.7867146134376526,0.9247819781303406
2558,0.9924832582473755,0.402345210313797,1e-04,0.9924832582473755,0.926598846912384,0.8263058066368103,0.926598846912384
2559,0.991668164730072,0.40260353684425354,1e-04,0.991668164730072,0.9262354373931885,0.8338737487792969,0.9262354373931885
2560,0.9904003143310547,0.4074610769748688,1e-04,0.9904003143310547,0.9211482405662537,0.8370249271392822,0.9211482405662537
2561,0.9902191758155823,0.4046485126018524,1e-04,0.9902191758155823,0.9251453280448914,0.770115077495575,0.9251453280448914
2562,0.9909436702728271,0.4058881998062134,1e-04,0.9909436702728271,0.9247819781303406,0.801445722579956,0.9247819781303406
2563,0.9914870262145996,0.40172749757766724,1e-04,0.9914870262145996,0.9262354373931885,0.8282241821289062,0.9262354373931885
2564,0.9934794306755066,0.399208128452301,1e-04,0.9934794306755066,0.9124273061752319,0.8866177797317505,0.9124273061752319
2565,0.9905813932418823,0.40452611446380615,1e-04,0.9905813932418823,0.929142415523529,0.8573727011680603,0.929142415523529
2566,0.9926643967628479,0.40096190571784973,1e-04,0.9926643967628479,0.9244186282157898,0.8484611511230469,0.9244186282157898
2567,0.989313542842865,0.40867045521736145,1e-04,0.989313542842865,0.9251453280448914,0.8140725493431091,0.9251453280448914
2568,0.9905813932418823,0.4065321385860443,1e-04,0.9905813932418823,0.9298691749572754,0.8460466265678406,0.9298691749572754
2569,0.9888607263565063,0.4070482552051544,1e-04,0.9888607263565063,0.9247819781303406,0.853813111782074,0.9247819781303406
2570,0.9924832582473755,0.4017454981803894,1e-04,0.9924832582473755,0.9251453280448914,0.8059433102607727,0.9251453280448914
2571,0.9900380373001099,0.4052479565143585,1e-04,0.9900380373001099,0.9295058250427246,0.7909291982650757,0.9295058250427246
2572,0.991668164730072,0.4013928771018982,1e-04,0.991668164730072,0.9215116500854492,0.8226447701454163,0.9215116500854492
2573,0.9894946813583374,0.40726229548454285,1e-04,0.9894946813583374,0.9175145626068115,0.8220695853233337,0.9175145626068115
2574,0.9919398427009583,0.4025513529777527,1e-04,0.9919398427009583,0.926598846912384,0.7729723453521729,0.926598846912384
2575,0.9923021197319031,0.40190356969833374,1e-04,0.9923021197319031,0.921875,0.8518015146255493,0.921875
2576,0.9902191758155823,0.4049134850502014,1e-04,0.9902191758155823,0.9175145626068115,0.8276014924049377,0.9175145626068115
2577,0.9901285767555237,0.404933899641037,1e-04,0.9901285767555237,0.926598846912384,0.8331011533737183,0.926598846912384
2578,0.991305947303772,0.40185657143592834,1e-04,0.991305947303772,0.9244186282157898,0.8915943503379822,0.9244186282157898
2579,0.9898568987846375,0.4078023433685303,1e-04,0.9898568987846375,0.9236918687820435,0.8102642297744751,0.9236918687820435
2580,0.9906719923019409,0.40339717268943787,1e-04,0.9906719923019409,0.9295058250427246,0.7987132668495178,0.9295058250427246
2581,0.9923021197319031,0.4008263349533081,1e-04,0.9923021197319031,0.9298691749572754,0.8363019227981567,0.9298691749572754
2582,0.989675760269165,0.4063410460948944,1e-04,0.989675760269165,0.9207848906517029,0.8512407541275024,0.9207848906517029
2583,0.9898568987846375,0.40903642773628235,1e-04,0.9898568987846375,0.9229651093482971,0.8130380511283875,0.9229651093482971
2584,0.9904003143310547,0.40580788254737854,1e-04,0.9904003143310547,0.9196947813034058,0.8173441290855408,0.9196947813034058
2585,0.9906719923019409,0.40506163239479065,1e-04,0.9906719923019409,0.929142415523529,0.8184974193572998,0.929142415523529
2586,0.9923021197319031,0.3995753228664398,1e-04,0.9923021197319031,0.9251453280448914,0.8223581314086914,0.9251453280448914
2587,0.9904908537864685,0.4046472907066345,1e-04,0.9904908537864685,0.929142415523529,0.8177483081817627,0.929142415523529
2588,0.9928454756736755,0.39726486802101135,1e-04,0.9928454756736755,0.9255087375640869,0.8621034026145935,0.9255087375640869
2589,0.9905813932418823,0.4011710286140442,1e-04,0.9905813932418823,0.9240552186965942,0.8858215808868408,0.9240552186965942
2590,0.9904908537864685,0.4014448821544647,1e-04,0.9904908537864685,0.9222383499145508,0.8698359727859497,0.9222383499145508
2591,0.9889512658119202,0.40860047936439514,1e-04,0.9889512658119202,0.9215116500854492,0.8693280816078186,0.9215116500854492
2592,0.9891324043273926,0.40392547845840454,1e-04,0.9891324043273926,0.921875,0.8242667317390442,0.921875
2593,0.9905813932418823,0.40171992778778076,1e-04,0.9905813932418823,0.9251453280448914,0.846948504447937,0.9251453280448914
2594,0.9894946813583374,0.4056466221809387,1e-04,0.9894946813583374,0.9269621968269348,0.8229346871376038,0.9269621968269348
2595,0.9903097152709961,0.40357014536857605,1e-04,0.9903097152709961,0.9200581312179565,0.8621805906295776,0.9200581312179565
2596,0.9892229437828064,0.40957069396972656,1e-04,0.9892229437828064,0.9211482405662537,0.7755722999572754,0.9211482405662537
2597,0.9894040822982788,0.4073137640953064,1e-04,0.9894040822982788,0.926598846912384,0.8009232878684998,0.926598846912384
2598,0.9912153482437134,0.3999234735965729,1e-04,0.9912153482437134,0.921875,0.8011735677719116,0.921875
2599,0.9909436702728271,0.40232014656066895,1e-04,0.9909436702728271,0.9269621968269348,0.8478314876556396,0.9269621968269348
2600,0.9917587637901306,0.400316059589386,1e-04,0.9917587637901306,0.9236918687820435,0.8462008237838745,0.9236918687820435
2601,0.9911248087882996,0.40136241912841797,1e-04,0.9911248087882996,0.9222383499145508,0.8349393606185913,0.9222383499145508
2602,0.9887701272964478,0.4073482155799866,1e-04,0.9887701272964478,0.9196947813034058,0.8357418179512024,0.9196947813034058
2603,0.9918493032455444,0.3987462520599365,1e-04,0.9918493032455444,0.9251453280448914,0.8313193321228027,0.9251453280448914
2604,0.9923021197319031,0.40125858783721924,1e-04,0.9923021197319031,0.9233284592628479,0.8097143769264221,0.9233284592628479
2605,0.9903097152709961,0.40346693992614746,1e-04,0.9903097152709961,0.9240552186965942,0.8257110714912415,0.9240552186965942
2606,0.9929360747337341,0.3976012170314789,1e-04,0.9929360747337341,0.9269621968269348,0.8045623302459717,0.9269621968269348
2607,0.9920304417610168,0.3986542224884033,1e-04,0.9920304417610168,0.9193313717842102,0.8291338682174683,0.9193313717842102
2608,0.9923021197319031,0.3992123305797577,1e-04,0.9923021197319031,0.9186046719551086,0.8821728825569153,0.9186046719551086
2609,0.989947497844696,0.40257391333580017,1e-04,0.989947497844696,0.9255087375640869,0.8242323994636536,0.9255087375640869
2610,0.9920304417610168,0.40050727128982544,1e-04,0.9920304417610168,0.9258720874786377,0.8580266237258911,0.9258720874786377
2611,0.9912153482437134,0.40161415934562683,1e-04,0.9912153482437134,0.9215116500854492,0.8680340051651001,0.9215116500854492
2612,0.9923926591873169,0.3990781307220459,1e-04,0.9923926591873169,0.9149709343910217,0.8978067636489868,0.9149709343910217
2613,0.9906719923019409,0.4041007459163666,1e-04,0.9906719923019409,0.926598846912384,0.8669602870941162,0.926598846912384
2614,0.9904003143310547,0.4028915464878082,1e-04,0.9904003143310547,0.9240552186965942,0.8386005163192749,0.9240552186965942
2615,0.9911248087882996,0.4000694155693054,1e-04,0.9911248087882996,0.9276889562606812,0.8446375131607056,0.9276889562606812
2616,0.9895852208137512,0.405735582113266,1e-04,0.9895852208137512,0.9229651093482971,0.8495752811431885,0.9229651093482971
2617,0.9929360747337341,0.3971702456474304,1e-04,0.9929360747337341,0.9095203280448914,0.9610000252723694,0.9095203280448914
2618,0.9921209812164307,0.39539504051208496,1e-04,0.9921209812164307,0.9273256063461304,0.8966876864433289,0.9273256063461304
2619,0.9886795878410339,0.406721830368042,1e-04,0.9886795878410339,0.9229651093482971,0.8783618807792664,0.9229651093482971
2620,0.9895852208137512,0.40492334961891174,1e-04,0.9895852208137512,0.9189680218696594,0.8385320901870728,0.9189680218696594
2621,0.9932077527046204,0.3957737684249878,1e-04,0.9932077527046204,0.9287790656089783,0.821459949016571,0.9287790656089783
2622,0.9922115802764893,0.39879581332206726,1e-04,0.9922115802764893,0.9189680218696594,0.8881282210350037,0.9189680218696594
2623,0.9912153482437134,0.4007038474082947,1e-04,0.9912153482437134,0.9269621968269348,0.8742321729660034,0.9269621968269348
2624,0.9900380373001099,0.4029656946659088,1e-04,0.9900380373001099,0.9229651093482971,0.841974139213562,0.9229651093482971
2625,0.9925737977027893,0.4000453054904938,1e-04,0.9925737977027893,0.9175145626068115,0.8711836338043213,0.9175145626068115
2626,0.9904908537864685,0.4014091491699219,1e-04,0.9904908537864685,0.9295058250427246,0.8341020941734314,0.9295058250427246
2627,0.9923926591873169,0.3974832594394684,1e-04,0.9923926591873169,0.9258720874786377,0.833709716796875,0.9258720874786377
2628,0.9918493032455444,0.39798450469970703,1e-04,0.9918493032455444,0.9244186282157898,0.8995019793510437,0.9244186282157898
2629,0.9921209812164307,0.39788341522216797,1e-04,0.9921209812164307,0.9186046719551086,0.8863195180892944,0.9186046719551086
2630,0.9882267713546753,0.40776902437210083,1e-04,0.9882267713546753,0.9273256063461304,0.843718409538269,0.9273256063461304
2631,0.9906719923019409,0.4000611901283264,1e-04,0.9906719923019409,0.9258720874786377,0.8586887121200562,0.9258720874786377
2632,0.9929360747337341,0.39830002188682556,1e-04,0.9929360747337341,0.9276889562606812,0.8271433115005493,0.9276889562606812
2633,0.9915776252746582,0.39802125096321106,1e-04,0.9915776252746582,0.9233284592628479,0.8842853903770447,0.9233284592628479
2634,0.9909436702728271,0.3993616998195648,1e-04,0.9909436702728271,0.9287790656089783,0.8105655908584595,0.9287790656089783
2635,0.9912153482437134,0.40121638774871826,1e-04,0.9912153482437134,0.926598846912384,0.8840795159339905,0.926598846912384
2636,0.991034209728241,0.40011826157569885,1e-04,0.991034209728241,0.9244186282157898,0.808928370475769,0.9244186282157898
2637,0.9885890483856201,0.40515217185020447,1e-04,0.9885890483856201,0.930232584476471,0.8222071528434753,0.930232584476471
2638,0.9908531308174133,0.40254929661750793,1e-04,0.9908531308174133,0.9298691749572754,0.8089121580123901,0.9298691749572754
2639,0.9884079098701477,0.4064907431602478,1e-04,0.9884079098701477,0.9273256063461304,0.7815026640892029,0.9273256063461304
2640,0.9897663593292236,0.40112754702568054,1e-04,0.9897663593292236,0.929142415523529,0.8363812565803528,0.929142415523529
2641,0.991668164730072,0.398207426071167,1e-04,0.991668164730072,0.9215116500854492,0.8459318280220032,0.9215116500854492
2642,0.9914870262145996,0.3983316421508789,1e-04,0.9914870262145996,0.9276889562606812,0.8656803369522095,0.9276889562606812
2643,0.9915776252746582,0.39893078804016113,1e-04,0.9915776252746582,0.929142415523529,0.8573015928268433,0.929142415523529
2644,0.9915776252746582,0.3995549976825714,1e-04,0.9915776252746582,0.9331395626068115,0.8315640687942505,0.9331395626068115
2645,0.9902191758155823,0.4048364460468292,1e-04,0.9902191758155823,0.9269621968269348,0.8089770078659058,0.9269621968269348
2646,0.9912153482437134,0.40195921063423157,1e-04,0.9912153482437134,0.9316860437393188,0.7804399728775024,0.9316860437393188
2647,0.9911248087882996,0.40137606859207153,1e-04,0.9911248087882996,0.9316860437393188,0.8311914205551147,0.9316860437393188
2648,0.9915776252746582,0.4001835286617279,1e-04,0.9915776252746582,0.9262354373931885,0.8616973757743835,0.9262354373931885
2649,0.993026614189148,0.39639589190483093,1e-04,0.993026614189148,0.932776153087616,0.8561847805976868,0.932776153087616
2650,0.9921209812164307,0.39679139852523804,1e-04,0.9921209812164307,0.9262354373931885,0.8557015061378479,0.9262354373931885
2651,0.991305947303772,0.40012362599372864,1e-04,0.991305947303772,0.9298691749572754,0.8560776710510254,0.9298691749572754
2652,0.9913964867591858,0.39816784858703613,1e-04,0.9913964867591858,0.9236918687820435,0.874148428440094,0.9236918687820435
2653,0.9912153482437134,0.39675870537757874,1e-04,0.9912153482437134,0.9280523061752319,0.8369507789611816,0.9280523061752319
2654,0.9911248087882996,0.3978094458580017,1e-04,0.9911248087882996,0.9204215407371521,0.8663195967674255,0.9204215407371521
2655,0.9921209812164307,0.398930162191391,1e-04,0.9921209812164307,0.9284157156944275,0.8652445077896118,0.9284157156944275
2656,0.9895852208137512,0.4031490087509155,1e-04,0.9895852208137512,0.9222383499145508,0.8719968795776367,0.9222383499145508
2657,0.9923021197319031,0.3983384966850281,1e-04,0.9923021197319031,0.9284157156944275,0.8177141547203064,0.9284157156944275
2658,0.9917587637901306,0.3971576690673828,1e-04,0.9917587637901306,0.9269621968269348,0.8071301579475403,0.9269621968269348
2659,0.9933888912200928,0.39389270544052124,1e-04,0.9933888912200928,0.9262354373931885,0.8594425916671753,0.9262354373931885
2660,0.9906719923019409,0.40064430236816406,1e-04,0.9906719923019409,0.9244186282157898,0.8292875289916992,0.9244186282157898
2661,0.9918493032455444,0.3969641327857971,1e-04,0.9918493032455444,0.9305959343910217,0.8451839089393616,0.9305959343910217
2662,0.9901285767555237,0.39943963289260864,1e-04,0.9901285767555237,0.9215116500854492,0.8901890516281128,0.9215116500854492
2663,0.9923021197319031,0.3964460492134094,1e-04,0.9923021197319031,0.9204215407371521,0.8578349947929382,0.9204215407371521
2664,0.9901285767555237,0.4014391303062439,1e-04,0.9901285767555237,0.929142415523529,0.8537946939468384,0.929142415523529
2665,0.9885890483856201,0.4050977826118469,1e-04,0.9885890483856201,0.926598846912384,0.8401120901107788,0.926598846912384
2666,0.9925737977027893,0.39470604062080383,1e-04,0.9925737977027893,0.926598846912384,0.9007810354232788,0.926598846912384
2667,0.9920304417610168,0.3957551419734955,1e-04,0.9920304417610168,0.9298691749572754,0.8718056678771973,0.9298691749572754
2668,0.9906719923019409,0.40254005789756775,1e-04,0.9906719923019409,0.9247819781303406,0.8860840201377869,0.9247819781303406
2669,0.9922115802764893,0.3973059356212616,1e-04,0.9922115802764893,0.9251453280448914,0.8707681894302368,0.9251453280448914
2670,0.9917587637901306,0.39562520384788513,1e-04,0.9917587637901306,0.9127907156944275,0.8689941763877869,0.9127907156944275
2671,0.9919398427009583,0.3940945267677307,1e-04,0.9919398427009583,0.9295058250427246,0.872869074344635,0.9295058250427246
2672,0.989947497844696,0.4018000662326813,1e-04,0.989947497844696,0.9244186282157898,0.9038504958152771,0.9244186282157898
2673,0.9919398427009583,0.39647552371025085,1e-04,0.9919398427009583,0.929142415523529,0.846770703792572,0.929142415523529
2674,0.9918493032455444,0.3962695002555847,1e-04,0.9918493032455444,0.9269621968269348,0.8763306140899658,0.9269621968269348
2675,0.9912153482437134,0.39997681975364685,1e-04,0.9912153482437134,0.926598846912384,0.849757969379425,0.926598846912384
2676,0.9915776252746582,0.39811256527900696,1e-04,0.9915776252746582,0.932776153087616,0.8716177940368652,0.932776153087616
2677,0.9935700297355652,0.39359164237976074,1e-04,0.9935700297355652,0.9309592843055725,0.8864237070083618,0.9309592843055725
2678,0.9926643967628479,0.39578312635421753,1e-04,0.9926643967628479,0.9222383499145508,0.854388952255249,0.9222383499145508
2679,0.9923926591873169,0.39573878049850464,1e-04,0.9923926591873169,0.9240552186965942,0.8780551552772522,0.9240552186965942
2680,0.9921209812164307,0.3969314992427826,1e-04,0.9921209812164307,0.9255087375640869,0.8440597057342529,0.9255087375640869
2681,0.9914870262145996,0.40046584606170654,1e-04,0.9914870262145996,0.9295058250427246,0.8280683159828186,0.9295058250427246
2682,0.9923021197319031,0.3949359655380249,1e-04,0.9923021197319031,0.9305959343910217,0.8505643010139465,0.9305959343910217
2683,0.991305947303772,0.39615240693092346,1e-04,0.991305947303772,0.9222383499145508,0.8855903148651123,0.9222383499145508
2684,0.9883173108100891,0.40234822034835815,1e-04,0.9883173108100891,0.9207848906517029,0.9057767391204834,0.9207848906517029
2685,0.9908531308174133,0.39755865931510925,1e-04,0.9908531308174133,0.926598846912384,0.8117704391479492,0.926598846912384
2686,0.9906719923019409,0.39881739020347595,1e-04,0.9906719923019409,0.9280523061752319,0.8125883340835571,0.9280523061752319
2687,0.9923926591873169,0.39512601494789124,1e-04,0.9923926591873169,0.9251453280448914,0.8813874125480652,0.9251453280448914
2688,0.9894040822982788,0.400808721780777,1e-04,0.9894040822982788,0.9258720874786377,0.8660748600959778,0.9258720874786377
2689,0.9877739548683167,0.40286985039711,1e-04,0.9877739548683167,0.926598846912384,0.9089447855949402,0.926598846912384
2690,0.9920304417610168,0.39626920223236084,1e-04,0.9920304417610168,0.929142415523529,0.8195834755897522,0.929142415523529
2691,0.9923926591873169,0.39446771144866943,1e-04,0.9923926591873169,0.9229651093482971,0.9334845542907715,0.9229651093482971
2692,0.9908531308174133,0.39752110838890076,1e-04,0.9908531308174133,0.9262354373931885,0.8905089497566223,0.9262354373931885
2693,0.991305947303772,0.3969362676143646,1e-04,0.991305947303772,0.9309592843055725,0.8629902005195618,0.9309592843055725
2694,0.9917587637901306,0.39448070526123047,1e-04,0.9917587637901306,0.9200581312179565,0.9349616169929504,0.9200581312179565
2695,0.9903097152709961,0.3995840847492218,1e-04,0.9903097152709961,0.9276889562606812,0.9064508676528931,0.9276889562606812
2696,0.9869588613510132,0.40808528661727905,1e-04,0.9869588613510132,0.9236918687820435,0.8574926853179932,0.9236918687820435
2697,0.9904003143310547,0.40008094906806946,1e-04,0.9904003143310547,0.9240552186965942,0.8301477432250977,0.9240552186965942
2698,0.9898568987846375,0.40104880928993225,1e-04,0.9898568987846375,0.9269621968269348,0.8164191842079163,0.9269621968269348
2699,0.9918493032455444,0.3968714773654938,1e-04,0.9918493032455444,0.9287790656089783,0.8164628744125366,0.9287790656089783
2700,0.9927549362182617,0.3914305567741394,1e-04,0.9927549362182617,0.9295058250427246,0.7892606854438782,0.9295058250427246
2701,0.9923926591873169,0.3948638439178467,1e-04,0.9923926591873169,0.9251453280448914,0.8314546942710876,0.9251453280448914
2702,0.9917587637901306,0.39358046650886536,1e-04,0.9917587637901306,0.9262354373931885,0.9355172514915466,0.9262354373931885
2703,0.9897663593292236,0.40018516778945923,1e-04,0.9897663593292236,0.9338662624359131,0.8326000571250916,0.9338662624359131
2704,0.9920304417610168,0.3974551558494568,1e-04,0.9920304417610168,0.9189680218696594,0.8674558401107788,0.9189680218696594
2705,0.9921209812164307,0.39485031366348267,1e-04,0.9921209812164307,0.9287790656089783,0.8788427114486694,0.9287790656089783
2706,0.9911248087882996,0.3979399800300598,1e-04,0.9911248087882996,0.926598846912384,0.8510751724243164,0.926598846912384
2707,0.9909436702728271,0.39692822098731995,1e-04,0.9909436702728271,0.9298691749572754,0.9107471704483032,0.9298691749572754
2708,0.9911248087882996,0.3959149420261383,1e-04,0.9911248087882996,0.9236918687820435,0.9536121487617493,0.9236918687820435
2709,0.9909436702728271,0.3988601267337799,1e-04,0.9909436702728271,0.9313226938247681,0.8430528044700623,0.9313226938247681
2710,0.993660569190979,0.3905130922794342,1e-04,0.993660569190979,0.9287790656089783,0.8772016763687134,0.9287790656089783
2711,0.9909436702728271,0.39617714285850525,1e-04,0.9909436702728271,0.9280523061752319,0.8722295761108398,0.9280523061752319
2712,0.9914870262145996,0.3944203555583954,1e-04,0.9914870262145996,0.930232584476471,0.9303613901138306,0.930232584476471
2713,0.9894946813583374,0.40076690912246704,1e-04,0.9894946813583374,0.9244186282157898,0.8617812991142273,0.9244186282157898
2714,0.9932077527046204,0.39293479919433594,1e-04,0.9932077527046204,0.9236918687820435,0.8926845788955688,0.9236918687820435
2715,0.9904003143310547,0.39849719405174255,1e-04,0.9904003143310547,0.9186046719551086,0.856865644454956,0.9186046719551086
2716,0.9905813932418823,0.39615538716316223,1e-04,0.9905813932418823,0.926598846912384,0.8330821394920349,0.926598846912384
2717,0.9932077527046204,0.39035025238990784,1e-04,0.9932077527046204,0.9255087375640869,0.8846055865287781,0.9255087375640869
2718,0.991034209728241,0.39838868379592896,1e-04,0.991034209728241,0.926598846912384,0.8019028306007385,0.926598846912384
2719,0.9923021197319031,0.3943430483341217,1e-04,0.9923021197319031,0.9298691749572754,0.8595530390739441,0.9298691749572754
2720,0.9906719923019409,0.397987961769104,1e-04,0.9906719923019409,0.9204215407371521,0.8183141350746155,0.9204215407371521
2721,0.9915776252746582,0.39378345012664795,1e-04,0.9915776252746582,0.9276889562606812,0.8658826947212219,0.9276889562606812
2722,0.9905813932418823,0.3969874382019043,1e-04,0.9905813932418823,0.9175145626068115,0.8766335844993591,0.9175145626068115
2723,0.9902191758155823,0.3980817496776581,1e-04,0.9902191758155823,0.9258720874786377,0.8712342977523804,0.9258720874786377
2724,0.989313542842865,0.4016672670841217,1e-04,0.989313542842865,0.9258720874786377,0.8366613388061523,0.9258720874786377
2725,0.9908531308174133,0.39731183648109436,1e-04,0.9908531308174133,0.9233284592628479,0.863547682762146,0.9233284592628479
2726,0.991305947303772,0.3951539099216461,1e-04,0.991305947303772,0.9273256063461304,0.8837073445320129,0.9273256063461304
2727,0.9884984493255615,0.4008990228176117,1e-04,0.9884984493255615,0.9280523061752319,0.8434186577796936,0.9280523061752319
2728,0.991668164730072,0.3966279923915863,1e-04,0.991668164730072,0.913517415523529,0.9043951630592346,0.913517415523529
2729,0.989947497844696,0.39834830164909363,1e-04,0.989947497844696,0.9262354373931885,0.8225529789924622,0.9262354373931885
2730,0.9932982921600342,0.3912575840950012,1e-04,0.9932982921600342,0.9316860437393188,0.8356414437294006,0.9316860437393188
2731,0.9921209812164307,0.39203524589538574,1e-04,0.9921209812164307,0.9320493936538696,0.8122142553329468,0.9320493936538696
2732,0.9933888912200928,0.3900063633918762,1e-04,0.9933888912200928,0.9226017594337463,0.9104053378105164,0.9226017594337463
2733,0.9921209812164307,0.3925555646419525,1e-04,0.9921209812164307,0.9193313717842102,0.9173244833946228,0.9193313717842102
2734,0.9913964867591858,0.39499813318252563,1e-04,0.9913964867591858,0.9284157156944275,0.870868444442749,0.9284157156944275
2735,0.9922115802764893,0.39519140124320984,1e-04,0.9922115802764893,0.914607584476471,0.8400912880897522,0.914607584476471
2736,0.9915776252746582,0.3943042755126953,1e-04,0.9915776252746582,0.9233284592628479,0.8852971792221069,0.9233284592628479
2737,0.9909436702728271,0.3960522413253784,1e-04,0.9909436702728271,0.921875,0.8889185190200806,0.921875
2738,0.9889512658119202,0.4012276828289032,1e-04,0.9889512658119202,0.9193313717842102,0.8356274366378784,0.9193313717842102
2739,0.9880456328392029,0.40066275000572205,1e-04,0.9880456328392029,0.9211482405662537,0.8995986580848694,0.9211482405662537
2740,0.9919398427009583,0.3953589200973511,1e-04,0.9919398427009583,0.9247819781303406,0.7679550647735596,0.9247819781303406
2741,0.9909436702728271,0.3961898982524872,1e-04,0.9909436702728271,0.9345930218696594,0.8113235831260681,0.9345930218696594
2742,0.9925737977027893,0.3936198353767395,1e-04,0.9925737977027893,0.926598846912384,0.8421468734741211,0.926598846912384
2743,0.9918493032455444,0.3938553035259247,1e-04,0.9918493032455444,0.9269621968269348,0.8619920611381531,0.9269621968269348
2744,0.9931172132492065,0.3897537291049957,1e-04,0.9931172132492065,0.9204215407371521,0.9036340117454529,0.9204215407371521
2745,0.9906719923019409,0.3966548442840576,1e-04,0.9906719923019409,0.9262354373931885,0.8730322122573853,0.9262354373931885
2746,0.9928454756736755,0.3907887935638428,1e-04,0.9928454756736755,0.921875,0.8425736427307129,0.921875
2747,0.9904003143310547,0.3963693678379059,1e-04,0.9904003143310547,0.9189680218696594,0.8563441634178162,0.9189680218696594
2748,0.9909436702728271,0.3966938555240631,1e-04,0.9909436702728271,0.9295058250427246,0.7638471126556396,0.9295058250427246
2749,0.9933888912200928,0.3890123665332794,1e-04,0.9933888912200928,0.9251453280448914,0.9411526322364807,0.9251453280448914
2750,0.9919398427009583,0.3932293653488159,1e-04,0.9919398427009583,0.9262354373931885,0.8363773226737976,0.9262354373931885
2751,0.9929360747337341,0.3901835083961487,1e-04,0.9929360747337341,0.9207848906517029,0.9280246496200562,0.9207848906517029
2752,0.9911248087882996,0.3945787847042084,1e-04,0.9911248087882996,0.926598846912384,0.8124264478683472,0.926598846912384
2753,0.991668164730072,0.3934531509876251,1e-04,0.991668164730072,0.9298691749572754,0.827516496181488,0.9298691749572754
2754,0.9933888912200928,0.3905188739299774,1e-04,0.9933888912200928,0.9244186282157898,0.8832352161407471,0.9244186282157898
2755,0.9921209812164307,0.3929440379142761,1e-04,0.9921209812164307,0.9255087375640869,0.8321031928062439,0.9255087375640869
2756,0.989313542842865,0.3968013525009155,1e-04,0.989313542842865,0.9127907156944275,0.9179242253303528,0.9127907156944275
2757,0.9884984493255615,0.4031560719013214,1e-04,0.9884984493255615,0.9153342843055725,0.8661555051803589,0.9153342843055725
2758,0.9913964867591858,0.3942006230354309,1e-04,0.9913964867591858,0.9244186282157898,0.8214231133460999,0.9244186282157898
2759,0.9932982921600342,0.3888542950153351,1e-04,0.9932982921600342,0.930232584476471,0.8455503582954407,0.930232584476471
2760,0.9898568987846375,0.3963293731212616,1e-04,0.9898568987846375,0.9167878031730652,0.9295514225959778,0.9167878031730652
2761,0.9919398427009583,0.39365890622138977,1e-04,0.9919398427009583,0.9182412624359131,0.8795490860939026,0.9182412624359131
2762,0.9931172132492065,0.39206114411354065,1e-04,0.9931172132492065,0.9175145626068115,0.8672548532485962,0.9175145626068115
2763,0.991668164730072,0.3938930630683899,1e-04,0.991668164730072,0.9226017594337463,0.8557479381561279,0.9226017594337463
2764,0.9918493032455444,0.393551766872406,1e-04,0.9918493032455444,0.9262354373931885,0.8362012505531311,0.9262354373931885
2765,0.9924832582473755,0.3895602226257324,1e-04,0.9924832582473755,0.9244186282157898,0.8811119198799133,0.9244186282157898
2766,0.9902191758155823,0.3951150178909302,1e-04,0.9902191758155823,0.9295058250427246,0.7819132208824158,0.9295058250427246
2767,0.9922115802764893,0.39113447070121765,1e-04,0.9922115802764893,0.9204215407371521,0.9335430860519409,0.9204215407371521
2768,0.9914870262145996,0.39387577772140503,1e-04,0.9914870262145996,0.9251453280448914,0.814949631690979,0.9251453280448914
2769,0.9903097152709961,0.3936239778995514,1e-04,0.9903097152709961,0.929142415523529,0.8339336514472961,0.929142415523529
2770,0.9922115802764893,0.3906330168247223,1e-04,0.9922115802764893,0.9222383499145508,0.8574402332305908,0.9222383499145508
2771,0.9912153482437134,0.39378729462623596,1e-04,0.9912153482437134,0.9276889562606812,0.8558551073074341,0.9276889562606812
2772,0.9907625317573547,0.3947148621082306,1e-04,0.9907625317573547,0.929142415523529,0.8389288187026978,0.929142415523529
2773,0.9923926591873169,0.3921058475971222,1e-04,0.9923926591873169,0.9204215407371521,0.8662552833557129,0.9204215407371521
2774,0.9920304417610168,0.392633855342865,1e-04,0.9920304417610168,0.9262354373931885,0.8849788308143616,0.9262354373931885
2775,0.9909436702728271,0.3933770954608917,1e-04,0.9909436702728271,0.9247819781303406,0.7858651876449585,0.9247819781303406
2776,0.9920520186424255,0.3924495577812195,1e-04,0.9920520186424255,0.913517415523529,0.8833045363426208,0.913517415523529
2777,0.9898568987846375,0.400668740272522,1e-04,0.9898568987846375,0.9324128031730652,0.8127022385597229,0.9324128031730652
2778,0.991034209728241,0.39337679743766785,1e-04,0.991034209728241,0.9287790656089783,0.8186142444610596,0.9287790656089783
2779,0.9928454756736755,0.39036330580711365,1e-04,0.9928454756736755,0.9273256063461304,0.8116451501846313,0.9273256063461304
2780,0.9904908537864685,0.3966265022754669,1e-04,0.9904908537864685,0.9182412624359131,0.8798426389694214,0.9182412624359131
2781,0.9938417077064514,0.38891512155532837,1e-04,0.9938417077064514,0.9229651093482971,0.8897194266319275,0.9229651093482971
2782,0.9924832582473755,0.39258259534835815,1e-04,0.9924832582473755,0.9305959343910217,0.7838881015777588,0.9305959343910217
2783,0.9911248087882996,0.3928821384906769,1e-04,0.9911248087882996,0.9233284592628479,0.8198447227478027,0.9233284592628479
2784,0.9921209812164307,0.3908368647098541,1e-04,0.9921209812164307,0.926598846912384,0.894003689289093,0.926598846912384
2785,0.9914870262145996,0.392117977142334,1e-04,0.9914870262145996,0.9189680218696594,0.850583016872406,0.9189680218696594
2786,0.9935700297355652,0.3881133198738098,1e-04,0.9935700297355652,0.9280523061752319,0.8444962501525879,0.9280523061752319
2787,0.9920304417610168,0.39237165451049805,1e-04,0.9920304417610168,0.9305959343910217,0.8417777419090271,0.9305959343910217
2788,0.9922115802764893,0.38962244987487793,1e-04,0.9922115802764893,0.9244186282157898,0.8216642141342163,0.9244186282157898
2789,0.9919398427009583,0.3898509740829468,1e-04,0.9919398427009583,0.9280523061752319,0.8478752970695496,0.9280523061752319
2790,0.9919398427009583,0.3910602033138275,1e-04,0.9919398427009583,0.930232584476471,0.8301444053649902,0.930232584476471
2791,0.9924832582473755,0.3883511424064636,1e-04,0.9924832582473755,0.9258720874786377,0.9166279435157776,0.9258720874786377
2792,0.9937511086463928,0.3886116147041321,1e-04,0.9937511086463928,0.9287790656089783,0.8208313584327698,0.9287790656089783
2793,0.9911248087882996,0.391327440738678,1e-04,0.9911248087882996,0.9320493936538696,0.7773600816726685,0.9320493936538696
2794,0.9928454756736755,0.38869836926460266,1e-04,0.9928454756736755,0.9295058250427246,0.8317056894302368,0.9295058250427246
2795,0.9921209812164307,0.3906354010105133,1e-04,0.9921209812164307,0.9255087375640869,0.7929485440254211,0.9255087375640869
2796,0.9923021197319031,0.3884561359882355,1e-04,0.9923021197319031,0.9251453280448914,0.8478382229804993,0.9251453280448914
2797,0.9943850636482239,0.3878486752510071,1e-04,0.9943850636482239,0.9226017594337463,0.9443914890289307,0.9226017594337463
2798,0.9905813932418823,0.39290180802345276,1e-04,0.9905813932418823,0.9211482405662537,0.8388506770133972,0.9211482405662537
2799,0.9926643967628479,0.38880103826522827,1e-04,0.9926643967628479,0.9258720874786377,0.8790884613990784,0.9258720874786377
2800,0.9926643967628479,0.3885035216808319,1e-04,0.9926643967628479,0.9182412624359131,0.8443837761878967,0.9182412624359131
2801,0.9909436702728271,0.39596080780029297,1e-04,0.9909436702728271,0.9233284592628479,0.8512502312660217,0.9233284592628479
2802,0.9922115802764893,0.3894094228744507,1e-04,0.9922115802764893,0.9251453280448914,0.8801899552345276,0.9251453280448914
2803,0.9920304417610168,0.39215290546417236,1e-04,0.9920304417610168,0.9255087375640869,0.8249502182006836,0.9255087375640869
2804,0.9928454756736755,0.3872583210468292,1e-04,0.9928454756736755,0.9269621968269348,0.866301953792572,0.9269621968269348
2805,0.9918493032455444,0.39016038179397583,1e-04,0.9918493032455444,0.9295058250427246,0.8309994339942932,0.9295058250427246
2806,0.9926643967628479,0.38843122124671936,1e-04,0.9926643967628479,0.9276889562606812,0.8205526471138,0.9276889562606812
2807,0.993660569190979,0.38473251461982727,1e-04,0.993660569190979,0.9284157156944275,0.8489040732383728,0.9284157156944275
2808,0.9909436702728271,0.39116302132606506,1e-04,0.9909436702728271,0.9196947813034058,0.8597162961959839,0.9196947813034058
2809,0.991305947303772,0.39127030968666077,1e-04,0.991305947303772,0.9244186282157898,0.8006018996238708,0.9244186282157898
2810,0.9925737977027893,0.38953137397766113,1e-04,0.9925737977027893,0.9258720874786377,0.8449124097824097,0.9258720874786377
2811,0.9917587637901306,0.39313533902168274,1e-04,0.9917587637901306,0.9186046719551086,0.8397496342658997,0.9186046719551086
2812,0.9895852208137512,0.39687612652778625,1e-04,0.9895852208137512,0.917151153087616,0.8527067303657532,0.917151153087616
2813,0.991668164730072,0.39110085368156433,1e-04,0.991668164730072,0.9258720874786377,0.8200147747993469,0.9258720874786377
2814,0.9917587637901306,0.3909843862056732,1e-04,0.9917587637901306,0.9229651093482971,0.8520702719688416,0.9229651093482971
2815,0.9928454756736755,0.3879387378692627,1e-04,0.9928454756736755,0.9193313717842102,0.8266124129295349,0.9193313717842102
2816,0.9920304417610168,0.3906037211418152,1e-04,0.9920304417610168,0.9280523061752319,0.8255314230918884,0.9280523061752319
2817,0.9901285767555237,0.3943430781364441,1e-04,0.9901285767555237,0.9204215407371521,0.8303717970848083,0.9204215407371521
2818,0.9918493032455444,0.39159244298934937,1e-04,0.9918493032455444,0.9236918687820435,0.8428637385368347,0.9236918687820435
2819,0.991305947303772,0.390964537858963,1e-04,0.991305947303772,0.9240552186965942,0.8370212316513062,0.9240552186965942
2820,0.991305947303772,0.39254140853881836,1e-04,0.991305947303772,0.9196947813034058,0.8403888940811157,0.9196947813034058
2821,0.9934794306755066,0.3880256414413452,1e-04,0.9934794306755066,0.9309592843055725,0.7884517312049866,0.9309592843055725
2822,0.9925737977027893,0.3888242542743683,1e-04,0.9925737977027893,0.926598846912384,0.8303344249725342,0.926598846912384
2823,0.9943850636482239,0.38424086570739746,1e-04,0.9943850636482239,0.9262354373931885,0.8253647685050964,0.9262354373931885
2824,0.9941133856773376,0.38454046845436096,1e-04,0.9941133856773376,0.9240552186965942,0.8357810974121094,0.9240552186965942
2825,0.9951095581054688,0.3828926384449005,1e-04,0.9951095581054688,0.9186046719551086,0.8993333578109741,0.9186046719551086
2826,0.9918493032455444,0.392638623714447,1e-04,0.9918493032455444,0.9258720874786377,0.8650736212730408,0.9258720874786377
2827,0.9932077527046204,0.3880777359008789,1e-04,0.9932077527046204,0.9262354373931885,0.8455614447593689,0.9262354373931885
2828,0.9904003143310547,0.39121147990226746,1e-04,0.9904003143310547,0.9244186282157898,0.8284946084022522,0.9244186282157898
2829,0.991305947303772,0.39007019996643066,1e-04,0.991305947303772,0.9229651093482971,0.8446792960166931,0.9229651093482971
2830,0.9933888912200928,0.38584229350090027,1e-04,0.9933888912200928,0.9280523061752319,0.8309932351112366,0.9280523061752319
2831,0.9920304417610168,0.38816583156585693,1e-04,0.9920304417610168,0.9295058250427246,0.8248857855796814,0.9295058250427246
2832,0.9923021197319031,0.39057958126068115,1e-04,0.9923021197319031,0.9269621968269348,0.8525292873382568,0.9269621968269348
2833,0.9917587637901306,0.38946032524108887,1e-04,0.9917587637901306,0.9276889562606812,0.8561264872550964,0.9276889562606812
2834,0.9919398427009583,0.3888110816478729,1e-04,0.9919398427009583,0.9338662624359131,0.7637059688568115,0.9338662624359131
2835,0.9925737977027893,0.38648998737335205,1e-04,0.9925737977027893,0.9247819781303406,0.8260287642478943,0.9247819781303406
2836,0.991668164730072,0.3889041244983673,1e-04,0.991668164730072,0.9215116500854492,0.8446553945541382,0.9215116500854492
2837,0.9924832582473755,0.3884432911872864,1e-04,0.9924832582473755,0.930232584476471,0.8205493688583374,0.930232584476471
2838,0.9923926591873169,0.3869291841983795,1e-04,0.9923926591873169,0.9284157156944275,0.8027247190475464,0.9284157156944275
2839,0.9923926591873169,0.3896855413913727,1e-04,0.9923926591873169,0.926598846912384,0.816648006439209,0.926598846912384
2840,0.9940228462219238,0.3849368095397949,1e-04,0.9940228462219238,0.9276889562606812,0.8402017951011658,0.9276889562606812
2841,0.9920304417610168,0.38909927010536194,1e-04,0.9920304417610168,0.9295058250427246,0.8256209492683411,0.9295058250427246
2842,0.9918493032455444,0.38601505756378174,1e-04,0.9918493032455444,0.9247819781303406,0.8131981492042542,0.9247819781303406
2843,0.9911248087882996,0.389985054731369,1e-04,0.9911248087882996,0.9313226938247681,0.8010566234588623,0.9313226938247681
2844,0.991668164730072,0.38801339268684387,1e-04,0.991668164730072,0.9138808250427246,0.9672067165374756,0.9138808250427246
2845,0.9923021197319031,0.38761740922927856,1e-04,0.9923021197319031,0.9313226938247681,0.8432085514068604,0.9313226938247681
2846,0.9932077527046204,0.38455668091773987,1e-04,0.9932077527046204,0.9305959343910217,0.809755802154541,0.9305959343910217
2847,0.9917587637901306,0.3890845775604248,1e-04,0.9917587637901306,0.9287790656089783,0.8421657681465149,0.9287790656089783
2848,0.9937511086463928,0.3830554783344269,1e-04,0.9937511086463928,0.9287790656089783,0.8110526204109192,0.9287790656089783
2849,0.9932077527046204,0.38492101430892944,1e-04,0.9932077527046204,0.9207848906517029,0.8641519546508789,0.9207848906517029
2850,0.9929360747337341,0.38685494661331177,1e-04,0.9929360747337341,0.9276889562606812,0.8501756191253662,0.9276889562606812
2851,0.9918493032455444,0.38858652114868164,1e-04,0.9918493032455444,0.9244186282157898,0.8363602161407471,0.9244186282157898
2852,0.9925737977027893,0.3867844045162201,1e-04,0.9925737977027893,0.9200581312179565,0.813317060470581,0.9200581312179565
2853,0.9934794306755066,0.38370057940483093,1e-04,0.9934794306755066,0.9280523061752319,0.847836434841156,0.9280523061752319
2854,0.9909436702728271,0.3889016807079315,1e-04,0.9909436702728271,0.9193313717842102,0.8481635451316833,0.9193313717842102
2855,0.9913964867591858,0.3888125717639923,1e-04,0.9913964867591858,0.9251453280448914,0.7616010308265686,0.9251453280448914
2856,0.9923926591873169,0.38957884907722473,1e-04,0.9923926591873169,0.9255087375640869,0.8135011196136475,0.9255087375640869
2857,0.9926643967628479,0.3861813545227051,1e-04,0.9926643967628479,0.9244186282157898,0.8510985374450684,0.9244186282157898
2858,0.9915776252746582,0.3900555372238159,1e-04,0.9915776252746582,0.9251453280448914,0.8261476755142212,0.9251453280448914
2859,0.991668164730072,0.3917056918144226,1e-04,0.991668164730072,0.9240552186965942,0.8338813781738281,0.9240552186965942
2860,0.9877739548683167,0.39701616764068604,1e-04,0.9877739548683167,0.9255087375640869,0.8010571599006653,0.9255087375640869
2861,0.9900380373001099,0.3928452730178833,1e-04,0.9900380373001099,0.9280523061752319,0.8132966756820679,0.9280523061752319
2862,0.989675760269165,0.39127597212791443,1e-04,0.989675760269165,0.9193313717842102,0.87932950258255,0.9193313717842102
2863,0.9919398427009583,0.38753893971443176,1e-04,0.9919398427009583,0.9247819781303406,0.8451136946678162,0.9247819781303406
2864,0.9922115802764893,0.38760054111480713,1e-04,0.9922115802764893,0.9269621968269348,0.8442650437355042,0.9269621968269348
2865,0.991305947303772,0.38900989294052124,1e-04,0.991305947303772,0.9316860437393188,0.822718620300293,0.9316860437393188
2866,0.9932982921600342,0.38479140400886536,1e-04,0.9932982921600342,0.9247819781303406,0.8108937740325928,0.9247819781303406
2867,0.991305947303772,0.38901928067207336,1e-04,0.991305947303772,0.9222383499145508,0.8308970332145691,0.9222383499145508
2868,0.9932982921600342,0.3836045265197754,1e-04,0.9932982921600342,0.9215116500854492,0.8263354897499084,0.9215116500854492
2869,0.9937511086463928,0.3820178210735321,1e-04,0.9937511086463928,0.9280523061752319,0.8421307802200317,0.9280523061752319
2870,0.9876834154129028,0.3995349109172821,1e-04,0.9876834154129028,0.9295058250427246,0.7889984250068665,0.9295058250427246
2871,0.9902191758155823,0.39231935143470764,1e-04,0.9902191758155823,0.9269621968269348,0.8288953900337219,0.9269621968269348
2872,0.9881362318992615,0.39656153321266174,1e-04,0.9881362318992615,0.9164243936538696,0.838039219379425,0.9164243936538696
2873,0.9933888912200928,0.3837839365005493,1e-04,0.9933888912200928,0.9305959343910217,0.8262321352958679,0.9305959343910217
2874,0.991668164730072,0.3872624337673187,1e-04,0.991668164730072,0.9284157156944275,0.8406851887702942,0.9284157156944275
2875,0.993026614189148,0.3853328824043274,1e-04,0.993026614189148,0.926598846912384,0.791135311126709,0.926598846912384
2876,0.9911248087882996,0.3877476155757904,1e-04,0.9911248087882996,0.9269621968269348,0.8059016466140747,0.9269621968269348
2877,0.9931172132492065,0.3847227394580841,1e-04,0.9931172132492065,0.9255087375640869,0.843013346195221,0.9255087375640869
2878,0.9929360747337341,0.38619014620780945,1e-04,0.9929360747337341,0.9233284592628479,0.8576281070709229,0.9233284592628479
2879,0.9923021197319031,0.3854750394821167,1e-04,0.9923021197319031,0.9280523061752319,0.7882072329521179,0.9280523061752319
2880,0.9923021197319031,0.38472849130630493,1e-04,0.9923021197319031,0.9269621968269348,0.9357563257217407,0.9269621968269348
2881,0.991034209728241,0.39137002825737,1e-04,0.991034209728241,0.9280523061752319,0.8771040439605713,0.9280523061752319
2882,0.9894040822982788,0.39087361097335815,1e-04,0.9894040822982788,0.9207848906517029,0.8782999515533447,0.9207848906517029
2883,0.9928454756736755,0.38472291827201843,1e-04,0.9928454756736755,0.926598846912384,0.8552752733230591,0.926598846912384
2884,0.9912153482437134,0.3882867097854614,1e-04,0.9912153482437134,0.9269621968269348,0.8331126570701599,0.9269621968269348
2885,0.9901285767555237,0.38938793540000916,1e-04,0.9901285767555237,0.9186046719551086,0.8870155215263367,0.9186046719551086
2886,0.9922115802764893,0.3862111568450928,1e-04,0.9922115802764893,0.9273256063461304,0.8279286026954651,0.9273256063461304
2887,0.9904908537864685,0.3890077769756317,1e-04,0.9904908537864685,0.9226017594337463,0.8526500463485718,0.9226017594337463
2888,0.9894040822982788,0.3896532952785492,1e-04,0.9894040822982788,0.9273256063461304,0.813448429107666,0.9273256063461304
2889,0.9924832582473755,0.3846777677536011,1e-04,0.9924832582473755,0.921875,0.8658486008644104,0.921875
2890,0.9933888912200928,0.3848615288734436,1e-04,0.9933888912200928,0.9255087375640869,0.8617668747901917,0.9255087375640869
2891,0.9926643967628479,0.38575422763824463,1e-04,0.9926643967628479,0.9251453280448914,0.8167009353637695,0.9251453280448914
2892,0.9922115802764893,0.3854447305202484,1e-04,0.9922115802764893,0.9240552186965942,0.8457403779029846,0.9240552186965942
2893,0.9929360747337341,0.3879871368408203,1e-04,0.9929360747337341,0.9276889562606812,0.8475002646446228,0.9276889562606812
2894,0.9922115802764893,0.385695219039917,1e-04,0.9922115802764893,0.9247819781303406,0.8122954368591309,0.9247819781303406
2895,0.9920304417610168,0.3847317397594452,1e-04,0.9920304417610168,0.9280523061752319,0.811450719833374,0.9280523061752319
2896,0.9942945241928101,0.38119959831237793,1e-04,0.9942945241928101,0.9295058250427246,0.8593980669975281,0.9295058250427246
2897,0.9912153482437134,0.38782986998558044,1e-04,0.9912153482437134,0.9175145626068115,0.88791823387146,0.9175145626068115
2898,0.9909436702728271,0.38764071464538574,1e-04,0.9909436702728271,0.9269621968269348,0.7822250723838806,0.9269621968269348
2899,0.993026614189148,0.3824443519115448,1e-04,0.993026614189148,0.926598846912384,0.7835439443588257,0.926598846912384
2900,0.9940228462219238,0.3815682828426361,1e-04,0.9940228462219238,0.9255087375640869,0.8628710508346558,0.9255087375640869
2901,0.9923021197319031,0.3858276307582855,1e-04,0.9923021197319031,0.9280523061752319,0.8318357467651367,0.9280523061752319
2902,0.9912153482437134,0.38734304904937744,1e-04,0.9912153482437134,0.9222383499145508,0.8064175844192505,0.9222383499145508
2903,0.9931172132492065,0.38323891162872314,1e-04,0.9931172132492065,0.9240552186965942,0.8153471946716309,0.9240552186965942
2904,0.9928454756736755,0.3841302990913391,1e-04,0.9928454756736755,0.9178779125213623,0.8290844559669495,0.9178779125213623
2905,0.993026614189148,0.3820687234401703,1e-04,0.993026614189148,0.9226017594337463,0.8740997314453125,0.9226017594337463
2906,0.9923021197319031,0.38426536321640015,1e-04,0.9923021197319031,0.9255087375640869,0.8318439722061157,0.9255087375640869
2907,0.9933888912200928,0.38258200883865356,1e-04,0.9933888912200928,0.9262354373931885,0.8445156216621399,0.9262354373931885
2908,0.9924832582473755,0.38537657260894775,1e-04,0.9924832582473755,0.9186046719551086,0.8337669372558594,0.9186046719551086
2909,0.9919398427009583,0.3864401578903198,1e-04,0.9919398427009583,0.9284157156944275,0.8608264327049255,0.9284157156944275
2910,0.9927549362182617,0.38587790727615356,1e-04,0.9927549362182617,0.9226017594337463,0.8715626001358032,0.9226017594337463
2911,0.9923926591873169,0.3838631808757782,1e-04,0.9923926591873169,0.9117006063461304,0.9494075179100037,0.9117006063461304
2912,0.9945662021636963,0.37935662269592285,1e-04,0.9945662021636963,0.9200581312179565,0.9689111113548279,0.9200581312179565
2913,0.9901285767555237,0.3893556594848633,1e-04,0.9901285767555237,0.9269621968269348,0.8220551013946533,0.9269621968269348
2914,0.9932982921600342,0.38478273153305054,1e-04,0.9932982921600342,0.929142415523529,0.829291582107544,0.929142415523529
2915,0.9920304417610168,0.3869630694389343,1e-04,0.9920304417610168,0.9298691749572754,0.842063844203949,0.9298691749572754
2916,0.993026614189148,0.3840947449207306,1e-04,0.993026614189148,0.929142415523529,0.8184302449226379,0.929142415523529
2917,0.9932077527046204,0.3843073546886444,1e-04,0.9932077527046204,0.9324128031730652,0.8431609272956848,0.9324128031730652
2918,0.9932077527046204,0.38295456767082214,1e-04,0.9932077527046204,0.9287790656089783,0.9031438827514648,0.9287790656089783
2919,0.9931172132492065,0.38030681014060974,1e-04,0.9931172132492065,0.9226017594337463,0.8570650815963745,0.9226017594337463
2920,0.9932077527046204,0.3825285732746124,1e-04,0.9932077527046204,0.9305959343910217,0.813845157623291,0.9305959343910217
2921,0.9920304417610168,0.383811891078949,1e-04,0.9920304417610168,0.9236918687820435,0.8172567486763,0.9236918687820435
2922,0.9909436702728271,0.3882063329219818,1e-04,0.9909436702728271,0.9305959343910217,0.808655858039856,0.9305959343910217
2923,0.9913964867591858,0.3863498568534851,1e-04,0.9913964867591858,0.9269621968269348,0.8421503901481628,0.9269621968269348
2924,0.9914870262145996,0.38555553555488586,1e-04,0.9914870262145996,0.9204215407371521,0.8842813968658447,0.9204215407371521
2925,0.993660569190979,0.38170814514160156,1e-04,0.993660569190979,0.9280523061752319,0.8277750015258789,0.9280523061752319
2926,0.991305947303772,0.38493812084198,1e-04,0.991305947303772,0.9305959343910217,0.8243884444236755,0.9305959343910217
2927,0.9917587637901306,0.38349321484565735,1e-04,0.9917587637901306,0.9222383499145508,0.818882405757904,0.9222383499145508
2928,0.9934794306755066,0.3813336491584778,1e-04,0.9934794306755066,0.9196947813034058,0.8895905017852783,0.9196947813034058
2929,0.9950190186500549,0.3787408769130707,1e-04,0.9950190186500549,0.9211482405662537,0.8736663460731506,0.9211482405662537
2930,0.9921209812164307,0.3861467242240906,1e-04,0.9921209812164307,0.9127907156944275,0.9111141562461853,0.9127907156944275
2931,0.9926643967628479,0.38237860798835754,1e-04,0.9926643967628479,0.9233284592628479,0.8765673041343689,0.9233284592628479
2932,0.9928454756736755,0.38298600912094116,1e-04,0.9928454756736755,0.9226017594337463,0.8088006377220154,0.9226017594337463
2933,0.9923926591873169,0.3826335370540619,1e-04,0.9923926591873169,0.9269621968269348,0.8842727541923523,0.9269621968269348
2934,0.9912153482437134,0.3857344090938568,1e-04,0.9912153482437134,0.9226017594337463,0.864137589931488,0.9226017594337463
2935,0.9915776252746582,0.38353872299194336,1e-04,0.9915776252746582,0.9258720874786377,0.8450189828872681,0.9258720874786377
2936,0.9924832582473755,0.3810918927192688,1e-04,0.9924832582473755,0.9284157156944275,0.8247079849243164,0.9284157156944275
2937,0.9917587637901306,0.38551145792007446,1e-04,0.9917587637901306,0.9244186282157898,0.8154300451278687,0.9244186282157898
2938,0.9928454756736755,0.3832356035709381,1e-04,0.9928454756736755,0.9189680218696594,0.8442775011062622,0.9189680218696594
2939,0.9926643967628479,0.381935179233551,1e-04,0.9926643967628479,0.9200581312179565,0.8298683166503906,0.9200581312179565
2940,0.991034209728241,0.38581934571266174,1e-04,0.991034209728241,0.9255087375640869,0.8052583932876587,0.9255087375640869
2941,0.9921209812164307,0.3839055001735687,1e-04,0.9921209812164307,0.9196947813034058,0.8518221378326416,0.9196947813034058
2942,0.9898568987846375,0.3890666663646698,1e-04,0.9898568987846375,0.9276889562606812,0.8453999757766724,0.9276889562606812
2943,0.9935700297355652,0.3793315589427948,1e-04,0.9935700297355652,0.9273256063461304,0.8482368588447571,0.9273256063461304
2944,0.9922115802764893,0.3838414251804352,1e-04,0.9922115802764893,0.9298691749572754,0.8118444681167603,0.9298691749572754
2945,0.9907625317573547,0.3864189386367798,1e-04,0.9907625317573547,0.9236918687820435,0.8319903612136841,0.9236918687820435
2946,0.9924832582473755,0.3851238191127777,1e-04,0.9924832582473755,0.9244186282157898,0.8297135829925537,0.9244186282157898
2947,0.9923926591873169,0.382091760635376,1e-04,0.9923926591873169,0.9196947813034058,0.8275800943374634,0.9196947813034058
2948,0.9933888912200928,0.3802489638328552,1e-04,0.9933888912200928,0.9233284592628479,0.8183773159980774,0.9233284592628479
2949,0.9927549362182617,0.3825782537460327,1e-04,0.9927549362182617,0.9247819781303406,0.8282660841941833,0.9247819781303406
2950,0.9918493032455444,0.3835601806640625,1e-04,0.9918493032455444,0.9222383499145508,0.8504531979560852,0.9222383499145508
2951,0.9931172132492065,0.3803459703922272,1e-04,0.9931172132492065,0.9295058250427246,0.7982704639434814,0.9295058250427246
2952,0.9932077527046204,0.381264865398407,1e-04,0.9932077527046204,0.9193313717842102,0.8531339764595032,0.9193313717842102
2953,0.991305947303772,0.3847082853317261,1e-04,0.991305947303772,0.9273256063461304,0.8055556416511536,0.9273256063461304
2954,0.9909436702728271,0.387016624212265,1e-04,0.9909436702728271,0.9258720874786377,0.8092398643493652,0.9258720874786377
2955,0.9924832582473755,0.3795187473297119,1e-04,0.9924832582473755,0.921875,0.8652975559234619,0.921875
2956,0.9923926591873169,0.38233891129493713,1e-04,0.9923926591873169,0.9207848906517029,0.8400800824165344,0.9207848906517029
2957,0.9926643967628479,0.382328599691391,1e-04,0.9926643967628479,0.9269621968269348,0.8540642261505127,0.9269621968269348
2958,0.9912153482437134,0.38324829936027527,1e-04,0.9912153482437134,0.9284157156944275,0.8295554518699646,0.9284157156944275
2959,0.9932982921600342,0.38169872760772705,1e-04,0.9932982921600342,0.9295058250427246,0.8394376039505005,0.9295058250427246
2960,0.9926643967628479,0.3837241530418396,1e-04,0.9926643967628479,0.9058866500854492,0.9532375931739807,0.9058866500854492
2961,0.9932077527046204,0.3796596825122833,1e-04,0.9932077527046204,0.926598846912384,0.8570417165756226,0.926598846912384
2962,0.9935700297355652,0.3809884488582611,1e-04,0.9935700297355652,0.9298691749572754,0.8073692321777344,0.9298691749572754
2963,0.993660569190979,0.3801363408565521,1e-04,0.993660569190979,0.9251453280448914,0.8117230534553528,0.9251453280448914
2964,0.9908531308174133,0.3858366310596466,1e-04,0.9908531308174133,0.9247819781303406,0.8807454705238342,0.9247819781303406
2965,0.9904003143310547,0.38594135642051697,1e-04,0.9904003143310547,0.929142415523529,0.8038473129272461,0.929142415523529
2966,0.9923926591873169,0.38311493396759033,1e-04,0.9923926591873169,0.9276889562606812,0.8604750633239746,0.9276889562606812
2967,0.9926643967628479,0.37937498092651367,1e-04,0.9926643967628479,0.9298691749572754,0.8543241620063782,0.9298691749572754
2968,0.993660569190979,0.3779354393482208,1e-04,0.993660569190979,0.9262354373931885,0.8741708993911743,0.9262354373931885
2969,0.9922115802764893,0.38013172149658203,1e-04,0.9922115802764893,0.929142415523529,0.8571709990501404,0.929142415523529
2970,0.991305947303772,0.3834451138973236,1e-04,0.991305947303772,0.9244186282157898,0.8613327145576477,0.9244186282157898
2971,0.9927549362182617,0.37869974970817566,1e-04,0.9927549362182617,0.9207848906517029,0.8760850429534912,0.9207848906517029
2972,0.9918493032455444,0.38171741366386414,1e-04,0.9918493032455444,0.9316860437393188,0.8612231612205505,0.9316860437393188
2973,0.9898568987846375,0.389087051153183,1e-04,0.9898568987846375,0.9164243936538696,0.8964387774467468,0.9164243936538696
2974,0.9922115802764893,0.38184627890586853,1e-04,0.9922115802764893,0.9240552186965942,0.906622588634491,0.9240552186965942
2975,0.9924832582473755,0.3823910355567932,1e-04,0.9924832582473755,0.921875,0.8951753973960876,0.921875
2976,0.9915776252746582,0.38175803422927856,1e-04,0.9915776252746582,0.9298691749572754,0.8055464029312134,0.9298691749572754
2977,0.9933888912200928,0.37936335802078247,1e-04,0.9933888912200928,0.9309592843055725,0.8423618078231812,0.9309592843055725
2978,0.9942945241928101,0.37742671370506287,1e-04,0.9942945241928101,0.9298691749572754,0.847233235836029,0.9298691749572754
2979,0.9917587637901306,0.38123247027397156,1e-04,0.9917587637901306,0.9298691749572754,0.8226948380470276,0.9298691749572754
2980,0.9920304417610168,0.3813699781894684,1e-04,0.9920304417610168,0.9229651093482971,0.8320915699005127,0.9229651093482971
2981,0.9907625317573547,0.3835810422897339,1e-04,0.9907625317573547,0.9287790656089783,0.8636489510536194,0.9287790656089783
2982,0.9921209812164307,0.3823528289794922,1e-04,0.9921209812164307,0.9233284592628479,0.845223605632782,0.9233284592628479
2983,0.9923021197319031,0.38159728050231934,1e-04,0.9923021197319031,0.9273256063461304,0.8395732641220093,0.9273256063461304
2984,0.9942945241928101,0.37682488560676575,1e-04,0.9942945241928101,0.9251453280448914,0.9242447018623352,0.9251453280448914
2985,0.9918493032455444,0.3817299008369446,1e-04,0.9918493032455444,0.9287790656089783,0.8525888323783875,0.9287790656089783
2986,0.9929360747337341,0.3791787028312683,1e-04,0.9929360747337341,0.9233284592628479,0.8764116168022156,0.9233284592628479
2987,0.9925737977027893,0.37972283363342285,1e-04,0.9925737977027893,0.9240552186965942,0.8879821300506592,0.9240552186965942
2988,0.9928454756736755,0.3775574862957001,1e-04,0.9928454756736755,0.9233284592628479,0.9274411797523499,0.9233284592628479
2989,0.9915776252746582,0.3832796812057495,1e-04,0.9915776252746582,0.9309592843055725,0.8239395618438721,0.9309592843055725
2990,0.9931172132492065,0.37874430418014526,1e-04,0.9931172132492065,0.926598846912384,0.8742709755897522,0.926598846912384
2991,0.9931172132492065,0.37765464186668396,1e-04,0.9931172132492065,0.9022529125213623,1.000988245010376,0.9022529125213623
2992,0.9894040822982788,0.38739681243896484,1e-04,0.9894040822982788,0.9229651093482971,0.9668911099433899,0.9229651093482971
2993,0.9920304417610168,0.38162240386009216,1e-04,0.9920304417610168,0.9160610437393188,0.8815000057220459,0.9160610437393188
2994,0.9906719923019409,0.3833775520324707,1e-04,0.9906719923019409,0.930232584476471,0.8077511191368103,0.930232584476471
2995,0.993660569190979,0.3779738247394562,1e-04,0.993660569190979,0.9236918687820435,0.945826530456543,0.9236918687820435
2996,0.9918493032455444,0.3829387426376343,1e-04,0.9918493032455444,0.9196947813034058,0.8491608500480652,0.9196947813034058
2997,0.9911248087882996,0.38075488805770874,1e-04,0.9911248087882996,0.9305959343910217,0.7880461812019348,0.9305959343910217
2998,0.9932982921600342,0.37819311022758484,1e-04,0.9932982921600342,0.9236918687820435,0.8080821633338928,0.9236918687820435
2999,0.9923021197319031,0.37979599833488464,1e-04,0.9923021197319031,0.9295058250427246,0.8278545141220093,0.9295058250427246
